date,keyword,channel,device,region,page_views,search_count,result_clicks,avg_stay_seconds,bounce_rate
2025-08-01,招投标公告,站内,PC,上海,22,12,4,86.4,0.17
2025-08-01,采购信息,外部链接,PC,浙江,39,12,8,90.8,0.32
2025-08-01,履约信息,站内,PC,湖北,36,6,3,141.7,0.21
2025-08-01,供应商查询,直接访问,PC,江苏,29,1,0,79.3,0.48
2025-08-01,废标公告,外部链接,移动端,浙江,32,12,4,64.9,0.2
2025-08-01,采购信息,直接访问,PC,四川,23,3,1,61.3,0.71
2025-08-01,合同公示,外部链接,PC,浙江,32,3,1,121.7,0.48
2025-08-01,政府采购,站内,移动端,浙江,8,1,0,28.7,0.7
2025-08-01,行业动态,站内,PC,山东,24,7,5,60.9,0.3
2025-08-01,行业动态,直接访问,移动端,湖北,20,6,2,97.9,0.6
2025-08-01,更正公告,直接访问,PC,湖北,31,10,3,179.4,0.47
2025-08-01,投诉处理,站内,PC,北京,51,11,9,121.8,0.22
2025-08-01,中标结果,外部链接,移动端,江苏,34,9,7,119.3,0.66
2025-08-01,政策解读,直接访问,PC,上海,27,9,8,70.5,0.16
2025-08-01,招标代理,站内,移动端,江苏,3,4,1,136.6,0.64
2025-08-01,投诉处理,外部链接,PC,山东,42,9,3,52.3,0.47
2025-08-01,竞争性谈判,直接访问,PC,四川,27,8,6,58.2,0.19
2025-08-01,招投标公告,外部链接,移动端,广东,8,2,1,28.9,0.17
2025-08-01,招标文件,外部链接,PC,山东,15,4,2,145.1,0.63
2025-08-01,工程招标,直接访问,PC,湖北,25,7,4,123.9,0.54
2025-08-01,招投标公告,站内,移动端,北京,8,4,1,86.3,0.32
2025-08-01,采购信息,付费推广,PC,北京,2,1,0,168.1,0.66
2025-08-01,工程招标,外部链接,PC,湖北,12,1,0,61.0,0.62
2025-08-01,中标结果,直接访问,移动端,山东,32,3,1,27.5,0.59
2025-08-01,招投标公告,直接访问,PC,山东,15,9,7,173.6,0.2
2025-08-01,工程招标,外部链接,移动端,浙江,22,7,2,114.3,0.52
2025-08-01,中标结果,外部链接,PC,江苏,13,4,2,61.0,0.23
2025-08-01,合同公示,外部链接,移动端,北京,2,1,0,105.1,0.45
2025-08-01,工程招标,直接访问,PC,浙江,38,6,3,106.0,0.33
2025-08-01,法律法规,站内,PC,江苏,16,11,4,36.7,0.21
2025-08-01,行业动态,直接访问,移动端,四川,22,4,2,97.1,0.69
2025-08-01,废标公告,直接访问,PC,江苏,20,1,0,176.7,0.25
2025-08-01,中标结果,站内,移动端,北京,19,2,1,23.8,0.37
2025-08-01,行业动态,直接访问,PC,四川,21,1,0,58.4,0.21
2025-08-01,电子招投标,站内,PC,上海,34,4,3,84.8,0.26
2025-08-01,招标代理,站内,PC,浙江,14,5,2,159.3,0.67
2025-08-01,采购信息,站内,PC,江苏,14,4,1,71.2,0.67
2025-08-01,投诉处理,直接访问,移动端,湖北,60,11,10,22.5,0.68
2025-08-01,采购信息,外部链接,移动端,广东,26,2,1,145.4,0.41
2025-08-01,法律法规,直接访问,移动端,浙江,4,5,1,102.2,0.63
2025-08-01,政府采购,付费推广,移动端,浙江,28,6,3,68.9,0.66
2025-08-01,竞争性谈判,直接访问,PC,湖北,26,6,3,38.6,0.4
2025-08-01,招标代理,外部链接,移动端,江苏,13,7,4,64.5,0.41
2025-08-01,行业报告,外部链接,PC,山东,45,11,5,164.0,0.63
2025-08-01,工程招标,直接访问,PC,四川,23,2,1,68.3,0.63
2025-08-01,工程招标,直接访问,移动端,北京,30,8,4,130.8,0.45
2025-08-01,采购信息,外部链接,PC,北京,13,7,3,108.3,0.7
2025-08-01,工程招标,直接访问,PC,四川,46,8,5,164.9,0.42
2025-08-01,工程招标,站内,PC,浙江,40,11,5,56.8,0.41
2025-08-01,询价公告,直接访问,PC,北京,26,3,1,42.8,0.28
2025-08-01,中标结果,直接访问,PC,广东,40,4,3,142.7,0.72
2025-08-01,招投标公告,站内,移动端,山东,24,1,0,81.2,0.68
2025-08-01,废标公告,外部链接,移动端,浙江,27,8,3,22.7,0.35
2025-08-01,政府采购,直接访问,PC,山东,31,3,2,81.8,0.49
2025-08-01,招投标公告,外部链接,PC,山东,14,3,1,52.3,0.35
2025-08-02,采购信息,付费推广,PC,北京,32,8,2,74.7,0.54
2025-08-02,电子招投标,外部链接,移动端,浙江,13,4,3,38.4,0.55
2025-08-02,行业动态,直接访问,移动端,四川,26,3,2,150.7,0.73
2025-08-02,招投标公告,直接访问,PC,湖北,14,7,6,113.9,0.65
2025-08-02,采购信息,外部链接,PC,北京,38,10,7,87.4,0.37
2025-08-02,政策解读,直接访问,移动端,山东,23,2,1,162.4,0.43
2025-08-02,工程招标,直接访问,PC,江苏,46,10,8,88.6,0.59
2025-08-02,采购信息,站内,移动端,北京,32,5,4,93.3,0.52
2025-08-02,供应商查询,直接访问,移动端,上海,19,8,3,63.3,0.51
2025-08-02,履约信息,外部链接,PC,浙江,15,2,0,107.9,0.29
2025-08-02,中标公示,站内,PC,广东,26,2,1,57.4,0.55
2025-08-02,供应商查询,外部链接,PC,四川,21,6,4,58.7,0.22
2025-08-02,工程招标,直接访问,PC,上海,12,4,1,135.4,0.74
2025-08-02,政策解读,直接访问,PC,浙江,13,5,2,20.3,0.47
2025-08-02,采购信息,付费推广,移动端,上海,39,11,9,159.4,0.49
2025-08-02,中标公示,直接访问,PC,广东,19,5,4,151.2,0.39
2025-08-02,招投标公告,外部链接,PC,上海,15,10,8,37.2,0.61
2025-08-02,资格预审,站内,PC,湖北,45,8,6,113.3,0.41
2025-08-02,行业动态,直接访问,移动端,北京,27,4,2,31.2,0.29
2025-08-02,行业动态,直接访问,PC,山东,25,5,1,63.8,0.67
2025-08-02,招投标公告,直接访问,PC,浙江,24,7,2,42.1,0.31
2025-08-02,工程招标,直接访问,移动端,江苏,31,8,3,83.2,0.31
2025-08-02,政策解读,直接访问,移动端,湖北,18,12,6,32.8,0.73
2025-08-02,废标公告,外部链接,移动端,江苏,21,10,3,102.1,0.42
2025-08-02,采购信息,付费推广,PC,山东,14,2,1,70.0,0.21
2025-08-02,工程招标,直接访问,PC,湖北,13,9,3,58.9,0.22
2025-08-02,电子招投标,站内,移动端,广东,49,11,9,26.8,0.46
2025-08-02,评标结果,外部链接,PC,广东,33,4,2,64.7,0.68
2025-08-02,中标公示,直接访问,移动端,浙江,22,12,5,84.1,0.28
2025-08-02,废标公告,直接访问,移动端,上海,37,8,7,132.3,0.4
2025-08-02,中标公示,外部链接,PC,上海,33,7,3,29.3,0.61
2025-08-02,更正公告,直接访问,移动端,江苏,26,1,0,113.1,0.75
2025-08-02,中标公示,直接访问,PC,四川,26,6,3,169.1,0.67
2025-08-02,投诉处理,直接访问,PC,湖北,22,1,0,166.0,0.38
2025-08-02,法律法规,站内,移动端,上海,30,8,7,174.4,0.35
2025-08-02,招投标公告,站内,PC,山东,27,1,0,124.1,0.24
2025-08-02,中标公示,付费推广,PC,湖北,39,11,4,127.2,0.47
2025-08-02,评标专家,外部链接,移动端,山东,10,9,3,120.2,0.7
2025-08-02,法律法规,站内,PC,北京,22,11,8,45.0,0.33
2025-08-02,招投标公告,直接访问,PC,四川,22,6,3,84.8,0.56
2025-08-02,工程招标,直接访问,移动端,湖北,57,10,7,112.5,0.29
2025-08-02,评标结果,外部链接,移动端,山东,8,5,3,89.6,0.36
2025-08-02,行业报告,外部链接,PC,江苏,24,8,6,156.2,0.21
2025-08-02,供应商查询,直接访问,PC,江苏,8,1,0,19.3,0.67
2025-08-02,电子招投标,付费推广,移动端,山东,25,5,3,147.9,0.28
2025-08-02,工程招标,直接访问,移动端,上海,13,11,4,145.8,0.17
2025-08-02,供应商查询,直接访问,移动端,四川,18,12,7,145.4,0.68
2025-08-03,政策解读,付费推广,移动端,江苏,44,8,7,159.0,0.63
2025-08-03,中标公示,直接访问,移动端,浙江,62,11,8,155.0,0.48
2025-08-03,招投标公告,直接访问,PC,北京,30,8,4,79.7,0.53
2025-08-03,供应商查询,外部链接,PC,四川,24,10,4,151.5,0.7
2025-08-03,招标文件,直接访问,PC,广东,7,5,4,56.0,0.47
2025-08-03,供应商查询,直接访问,移动端,湖北,42,10,7,85.2,0.21
2025-08-03,中标公示,直接访问,移动端,广东,38,12,6,172.0,0.66
2025-08-03,招投标公告,外部链接,PC,四川,30,1,0,37.8,0.66
2025-08-03,中标结果,外部链接,移动端,广东,4,1,0,145.5,0.27
2025-08-03,废标公告,外部链接,移动端,浙江,12,6,4,157.1,0.24
2025-08-03,工程招标,直接访问,PC,广东,20,3,1,70.5,0.25
2025-08-03,招投标公告,站内,PC,北京,28,8,4,114.2,0.42
2025-08-03,采购信息,外部链接,移动端,江苏,6,8,5,179.8,0.66
2025-08-03,中标结果,直接访问,移动端,山东,22,2,1,42.0,0.23
2025-08-03,评标结果,外部链接,移动端,湖北,40,10,6,116.1,0.21
2025-08-03,询价公告,站内,移动端,浙江,21,7,4,72.9,0.42
2025-08-03,中标结果,直接访问,PC,江苏,22,6,5,32.8,0.2
2025-08-03,中标结果,站内,PC,上海,30,9,3,37.8,0.36
2025-08-03,项目立项,站内,移动端,广东,12,5,3,111.6,0.28
2025-08-03,合同公示,直接访问,PC,四川,27,2,1,87.5,0.49
2025-08-03,框架协议,外部链接,移动端,广东,24,10,8,47.2,0.57
2025-08-03,招标文件,直接访问,PC,上海,11,10,7,138.0,0.73
2025-08-03,招投标公告,外部链接,PC,山东,29,6,2,70.6,0.71
2025-08-03,行业报告,站内,PC,广东,37,11,4,86.7,0.51
2025-08-03,中标结果,直接访问,PC,四川,24,7,2,126.1,0.18
2025-08-03,供应商查询,外部链接,PC,江苏,18,4,3,71.2,0.15
2025-08-03,单一来源,直接访问,PC,浙江,20,9,6,82.3,0.6
2025-08-03,中标结果,外部链接,PC,四川,42,10,5,121.7,0.32
2025-08-03,供应商查询,付费推广,PC,山东,23,12,10,154.8,0.3
2025-08-03,行业报告,外部链接,PC,江苏,42,12,6,45.2,0.46
2025-08-03,招投标公告,外部链接,移动端,四川,15,6,4,34.7,0.3
2025-08-03,工程招标,直接访问,移动端,北京,22,3,2,140.2,0.61
2025-08-03,中标结果,付费推广,移动端,四川,22,11,5,94.0,0.53
2025-08-03,投标保证金,外部链接,PC,北京,4,5,3,77.7,0.32
2025-08-03,合同公示,付费推广,PC,湖北,19,8,5,165.3,0.49
2025-08-03,工程招标,外部链接,PC,广东,31,8,3,31.7,0.54
2025-08-03,招投标公告,站内,移动端,上海,21,6,3,84.2,0.35
2025-08-03,行业报告,站内,移动端,北京,17,6,2,58.8,0.66
2025-08-03,投诉处理,外部链接,PC,北京,30,10,7,174.8,0.57
2025-08-03,供应商查询,外部链接,移动端,江苏,41,9,5,38.7,0.57
2025-08-03,评标专家,付费推广,移动端,北京,24,11,8,76.7,0.26
2025-08-03,采购信息,付费推广,PC,浙江,30,3,1,145.7,0.45
2025-08-03,政策解读,站内,PC,四川,20,10,4,44.3,0.65
2025-08-03,框架协议,站内,PC,山东,14,1,0,116.9,0.6
2025-08-03,电子招投标,直接访问,PC,山东,22,4,2,142.6,0.62
2025-08-03,中标公示,直接访问,PC,浙江,13,10,4,121.9,0.67
2025-08-04,招标代理,站内,PC,北京,10,5,1,90.8,0.46
2025-08-04,废标公告,直接访问,移动端,山东,21,6,5,82.2,0.37
2025-08-04,供应商查询,直接访问,PC,四川,28,2,1,41.7,0.17
2025-08-04,企业资质,外部链接,移动端,山东,5,8,5,59.5,0.65
2025-08-04,行业动态,站内,PC,北京,3,5,2,56.6,0.53
2025-08-04,评标结果,直接访问,移动端,山东,34,10,6,41.3,0.41
2025-08-04,资格预审,直接访问,PC,北京,38,9,8,103.2,0.45
2025-08-04,法律法规,外部链接,PC,山东,8,1,0,139.1,0.36
2025-08-04,招投标公告,直接访问,移动端,北京,25,10,7,25.2,0.48
2025-08-04,开标记录,直接访问,移动端,山东,39,12,7,39.8,0.58
2025-08-04,评标专家,直接访问,PC,浙江,16,1,0,82.5,0.64
2025-08-04,中标公示,直接访问,移动端,江苏,32,6,5,124.2,0.31
2025-08-04,投标保证金,直接访问,PC,山东,21,7,3,130.1,0.37
2025-08-04,投标保证金,直接访问,PC,湖北,19,2,1,65.6,0.21
2025-08-04,招标文件,直接访问,PC,湖北,20,3,2,24.9,0.67
2025-08-04,供应商查询,付费推广,PC,广东,15,2,1,101.1,0.6
2025-08-04,工程招标,直接访问,移动端,山东,24,1,0,122.5,0.37
2025-08-04,评标专家,直接访问,PC,山东,21,6,3,40.3,0.37
2025-08-04,招标文件,直接访问,移动端,广东,49,12,5,109.0,0.31
2025-08-04,采购信息,直接访问,移动端,江苏,46,12,10,37.9,0.66
2025-08-04,中标结果,站内,PC,北京,48,11,9,74.3,0.19
2025-08-04,政策解读,站内,移动端,上海,9,6,3,146.3,0.29
2025-08-04,中标公示,直接访问,移动端,山东,5,9,3,68.1,0.75
2025-08-04,竞争性谈判,外部链接,移动端,北京,16,3,2,93.5,0.46
2025-08-04,工程招标,站内,移动端,上海,27,3,1,38.1,0.24
2025-08-04,工程招标,直接访问,移动端,四川,15,9,7,49.8,0.72
2025-08-04,采购信息,外部链接,移动端,北京,17,9,6,124.7,0.58
2025-08-04,资格预审,站内,移动端,广东,20,2,0,52.2,0.49
2025-08-04,资格预审,直接访问,移动端,江苏,43,11,9,148.4,0.56
2025-08-04,招标文件,直接访问,PC,山东,18,7,4,116.3,0.34
2025-08-04,竞争性谈判,站内,移动端,湖北,12,3,2,57.2,0.22
2025-08-04,中标结果,直接访问,PC,湖北,36,10,5,71.0,0.5
2025-08-04,招标文件,站内,PC,山东,24,8,6,32.6,0.39
2025-08-04,中标公示,直接访问,移动端,广东,9,1,0,104.9,0.66
2025-08-04,中标结果,站内,移动端,湖北,20,6,2,109.0,0.37
2025-08-04,招标文件,直接访问,PC,江苏,11,10,7,176.0,0.39
2025-08-04,投标保证金,直接访问,移动端,上海,24,4,2,24.5,0.17
2025-08-04,询价公告,站内,PC,上海,26,10,8,168.9,0.34
2025-08-04,供应商查询,外部链接,移动端,四川,50,9,7,109.2,0.43
2025-08-04,招投标公告,直接访问,PC,湖北,24,10,5,94.9,0.73
2025-08-04,电子招投标,站内,移动端,广东,28,10,6,151.1,0.3
2025-08-04,行业报告,站内,PC,山东,34,6,3,51.0,0.45
2025-08-04,资格预审,外部链接,移动端,广东,27,12,5,70.7,0.55
2025-08-04,政策解读,直接访问,PC,四川,31,9,4,96.4,0.72
2025-08-04,采购信息,直接访问,移动端,江苏,22,5,3,95.7,0.49
2025-08-04,招标代理,站内,PC,湖北,19,7,5,24.8,0.72
2025-08-04,招投标公告,付费推广,移动端,山东,32,4,1,109.0,0.31
2025-08-04,招投标公告,站内,PC,广东,38,11,9,55.7,0.21
2025-08-04,招标文件,外部链接,移动端,上海,13,1,0,123.8,0.68
2025-08-04,中标公示,外部链接,移动端,江苏,32,6,3,142.5,0.54
2025-08-04,采购信息,站内,移动端,广东,31,3,1,167.0,0.75
2025-08-04,供应商查询,外部链接,移动端,江苏,29,1,0,177.2,0.32
2025-08-05,行业动态,外部链接,移动端,山东,12,5,2,44.3,0.43
2025-08-05,采购信息,直接访问,移动端,江苏,19,10,7,117.0,0.53
2025-08-05,供应商查询,直接访问,PC,湖北,23,11,4,70.4,0.3
2025-08-05,采购信息,直接访问,移动端,四川,11,5,3,123.9,0.57
2025-08-05,招投标公告,直接访问,PC,湖北,43,11,7,37.0,0.7
2025-08-05,招标文件,外部链接,PC,上海,22,8,3,131.7,0.7
2025-08-05,框架协议,站内,移动端,浙江,24,11,8,90.4,0.57
2025-08-05,招投标公告,外部链接,PC,浙江,22,10,6,156.4,0.42
2025-08-05,政府采购,站内,PC,山东,14,1,0,109.4,0.49
2025-08-05,项目立项,直接访问,PC,江苏,1,1,0,86.6,0.57
2025-08-05,政策解读,直接访问,移动端,山东,24,1,0,39.9,0.53
2025-08-05,竞争性谈判,付费推广,PC,湖北,36,8,6,31.0,0.73
2025-08-05,履约信息,直接访问,移动端,北京,24,3,2,38.6,0.74
2025-08-05,废标公告,站内,移动端,山东,49,11,8,79.4,0.29
2025-08-05,中标公示,直接访问,PC,北京,19,1,0,142.1,0.68
2025-08-05,招投标公告,直接访问,PC,广东,12,8,5,138.0,0.39
2025-08-05,采购信息,直接访问,移动端,广东,10,3,1,150.2,0.59
2025-08-05,招标文件,外部链接,移动端,四川,25,4,2,102.4,0.4
2025-08-05,采购信息,外部链接,移动端,上海,33,11,8,175.5,0.71
2025-08-05,项目立项,站内,PC,湖北,17,7,3,140.2,0.43
2025-08-05,更正公告,直接访问,移动端,山东,17,1,0,103.9,0.38
2025-08-05,采购信息,直接访问,PC,山东,5,6,2,61.5,0.55
2025-08-05,资格预审,站内,PC,浙江,18,8,3,173.0,0.16
2025-08-05,招标代理,付费推广,PC,山东,16,4,2,166.3,0.48
2025-08-05,电子招投标,直接访问,PC,四川,22,5,2,34.0,0.74
2025-08-05,中标公示,站内,移动端,四川,29,6,3,41.6,0.31
2025-08-05,招标代理,外部链接,PC,上海,26,4,2,153.0,0.45
2025-08-05,合同公示,外部链接,PC,山东,46,12,8,45.3,0.63
2025-08-05,工程招标,站内,PC,广东,33,9,3,150.5,0.18
2025-08-05,招投标公告,直接访问,移动端,北京,26,12,5,91.9,0.19
2025-08-05,评标结果,付费推广,移动端,山东,0,1,0,20.7,0.58
2025-08-05,政策解读,直接访问,PC,湖北,17,3,1,42.1,0.27
2025-08-05,政策解读,站内,PC,湖北,18,2,1,109.5,0.74
2025-08-05,采购信息,外部链接,移动端,广东,21,2,1,95.1,0.53
2025-08-05,询价公告,直接访问,移动端,四川,37,10,9,103.6,0.18
2025-08-05,采购信息,站内,移动端,山东,22,5,1,167.9,0.69
2025-08-05,行业动态,直接访问,移动端,四川,24,1,0,151.0,0.64
2025-08-05,招标代理,直接访问,移动端,湖北,39,11,9,140.4,0.23
2025-08-05,法律法规,站内,PC,四川,26,1,0,30.3,0.51
2025-08-05,资格预审,外部链接,移动端,四川,15,1,0,55.0,0.48
2025-08-05,供应商查询,直接访问,移动端,湖北,28,2,1,57.9,0.19
2025-08-05,采购信息,直接访问,移动端,上海,21,12,6,32.8,0.72
2025-08-05,中标结果,站内,PC,北京,7,3,1,22.3,0.36
2025-08-05,招投标公告,外部链接,PC,湖北,24,1,0,31.7,0.69
2025-08-05,企业资质,付费推广,移动端,上海,20,11,6,66.8,0.45
2025-08-05,招投标公告,直接访问,PC,山东,25,2,1,119.3,0.51
2025-08-05,工程招标,直接访问,PC,湖北,41,6,4,157.7,0.41
2025-08-05,中标结果,站内,移动端,上海,19,5,2,68.9,0.73
2025-08-05,投诉处理,直接访问,移动端,山东,33,10,7,63.4,0.62
2025-08-05,供应商查询,付费推广,PC,上海,38,11,8,135.8,0.72
2025-08-05,采购信息,站内,移动端,北京,30,7,5,67.1,0.3
2025-08-05,工程招标,直接访问,PC,山东,41,10,6,100.1,0.7
2025-08-05,政府采购,外部链接,移动端,四川,13,12,10,142.6,0.54
2025-08-05,供应商查询,外部链接,PC,湖北,23,6,5,19.7,0.31
2025-08-05,政策解读,外部链接,移动端,浙江,40,8,4,128.1,0.56
2025-08-06,招标文件,直接访问,PC,湖北,11,2,0,68.5,0.42
2025-08-06,工程招标,外部链接,PC,山东,26,12,8,66.6,0.64
2025-08-06,工程招标,站内,移动端,上海,27,12,5,43.9,0.49
2025-08-06,评标专家,直接访问,PC,上海,20,3,2,22.7,0.52
2025-08-06,工程招标,外部链接,PC,浙江,20,4,2,34.5,0.67
2025-08-06,工程招标,直接访问,PC,江苏,46,11,9,81.0,0.39
2025-08-06,招投标公告,直接访问,PC,上海,53,11,8,117.5,0.2
2025-08-06,工程招标,直接访问,PC,上海,29,6,4,114.6,0.49
2025-08-06,中标结果,外部链接,PC,上海,16,9,4,48.3,0.66
2025-08-06,评标结果,站内,移动端,山东,34,3,1,109.0,0.54
2025-08-06,供应商查询,外部链接,移动端,山东,28,8,3,141.3,0.33
2025-08-06,采购信息,外部链接,PC,山东,45,10,7,100.8,0.49
2025-08-06,采购信息,外部链接,移动端,广东,27,12,7,34.6,0.65
2025-08-06,单一来源,直接访问,移动端,山东,16,5,2,158.2,0.22
2025-08-06,开标记录,直接访问,移动端,四川,37,12,8,117.8,0.62
2025-08-06,开标记录,站内,移动端,江苏,40,10,6,65.4,0.49
2025-08-06,评标专家,外部链接,移动端,北京,37,3,2,27.6,0.32
2025-08-06,合同公示,站内,PC,上海,36,12,6,154.7,0.39
2025-08-06,工程招标,外部链接,移动端,湖北,15,8,3,101.5,0.32
2025-08-06,招标代理,直接访问,移动端,四川,26,10,3,175.5,0.53
2025-08-06,询价公告,站内,移动端,湖北,21,4,3,61.5,0.65
2025-08-06,招标文件,外部链接,移动端,山东,6,6,5,34.1,0.62
2025-08-06,中标公示,直接访问,移动端,山东,14,8,2,179.3,0.7
2025-08-06,履约信息,直接访问,移动端,江苏,5,2,1,78.2,0.69
2025-08-06,工程招标,直接访问,PC,浙江,5,7,5,52.6,0.2
2025-08-06,行业报告,外部链接,PC,广东,33,12,6,86.4,0.23
2025-08-06,招投标公告,直接访问,移动端,北京,7,2,1,80.0,0.64
2025-08-06,履约信息,外部链接,移动端,北京,26,9,6,74.9,0.28
2025-08-06,单一来源,付费推广,移动端,山东,5,4,1,139.9,0.5
2025-08-06,供应商查询,付费推广,PC,上海,9,4,2,107.7,0.51
2025-08-06,资格预审,站内,移动端,江苏,27,4,2,81.5,0.54
2025-08-06,电子招投标,站内,PC,湖北,16,2,0,162.0,0.16
2025-08-06,供应商查询,直接访问,PC,湖北,30,6,3,94.3,0.74
2025-08-06,招投标公告,外部链接,PC,浙江,16,1,0,64.4,0.58
2025-08-06,框架协议,直接访问,PC,上海,17,5,1,167.2,0.73
2025-08-06,工程招标,直接访问,移动端,北京,7,5,3,57.6,0.7
2025-08-06,工程招标,外部链接,PC,上海,22,2,0,19.8,0.45
2025-08-06,招标文件,外部链接,移动端,江苏,26,3,1,161.6,0.61
2025-08-06,招投标公告,站内,PC,北京,18,5,3,91.7,0.37
2025-08-07,更正公告,直接访问,PC,北京,14,10,7,138.0,0.15
2025-08-07,更正公告,直接访问,PC,四川,41,7,6,173.6,0.17
2025-08-07,投标保证金,站内,移动端,浙江,14,6,2,151.8,0.49
2025-08-07,工程招标,外部链接,PC,浙江,34,9,8,160.1,0.67
2025-08-07,电子招投标,直接访问,PC,山东,18,1,0,145.1,0.59
2025-08-07,采购信息,直接访问,移动端,浙江,24,12,10,19.0,0.4
2025-08-07,采购信息,直接访问,移动端,广东,35,6,2,137.6,0.33
2025-08-07,工程招标,付费推广,PC,广东,3,3,2,167.2,0.69
2025-08-07,政策解读,站内,PC,北京,28,10,4,150.8,0.19
2025-08-07,行业动态,直接访问,移动端,浙江,35,5,2,147.7,0.57
2025-08-07,单一来源,直接访问,PC,北京,5,4,1,35.1,0.42
2025-08-07,招标文件,直接访问,PC,浙江,39,8,4,37.4,0.24
2025-08-07,政府采购,站内,移动端,广东,13,4,3,32.8,0.3
2025-08-07,供应商查询,外部链接,移动端,江苏,31,3,1,91.3,0.6
2025-08-07,采购信息,外部链接,移动端,上海,4,2,0,50.1,0.39
2025-08-07,政府采购,付费推广,PC,江苏,6,2,0,164.2,0.42
2025-08-07,工程招标,付费推广,移动端,四川,1,2,0,45.2,0.49
2025-08-07,开标记录,直接访问,PC,湖北,10,3,1,63.3,0.68
2025-08-07,招投标公告,外部链接,PC,江苏,17,8,4,32.2,0.38
2025-08-07,中标结果,外部链接,移动端,浙江,22,11,10,144.7,0.37
2025-08-07,行业动态,外部链接,移动端,四川,13,7,3,114.7,0.17
2025-08-07,开标记录,直接访问,移动端,山东,13,9,4,34.2,0.54
2025-08-07,采购信息,站内,移动端,广东,19,4,2,169.5,0.74
2025-08-07,工程招标,直接访问,PC,四川,39,10,3,110.0,0.24
2025-08-07,评标专家,站内,移动端,山东,17,9,4,32.6,0.29
2025-08-07,采购信息,外部链接,PC,浙江,31,3,1,148.0,0.67
2025-08-07,招投标公告,直接访问,移动端,上海,33,2,1,29.8,0.57
2025-08-07,项目立项,外部链接,PC,四川,33,3,2,121.6,0.44
2025-08-07,招标文件,站内,移动端,四川,16,4,2,67.7,0.56
2025-08-07,工程招标,站内,移动端,湖北,38,10,3,149.0,0.52
2025-08-07,合同公示,直接访问,PC,四川,22,12,4,45.2,0.68
2025-08-07,招投标公告,站内,移动端,四川,11,8,2,130.3,0.36
2025-08-07,电子招投标,站内,PC,山东,42,12,7,85.1,0.68
2025-08-07,招标文件,直接访问,移动端,浙江,10,3,1,21.3,0.31
2025-08-07,招投标公告,直接访问,移动端,上海,14,12,4,114.2,0.52
2025-08-07,中标公示,直接访问,移动端,上海,17,10,8,34.4,0.27
2025-08-07,工程招标,外部链接,移动端,江苏,13,11,5,26.0,0.49
2025-08-07,废标公告,直接访问,PC,湖北,10,2,1,33.7,0.27
2025-08-07,合同公示,付费推广,PC,北京,27,5,3,163.0,0.31
2025-08-07,合同公示,直接访问,PC,湖北,10,6,2,89.2,0.31
2025-08-07,废标公告,外部链接,PC,北京,28,2,1,113.5,0.48
2025-08-07,废标公告,站内,PC,山东,41,10,8,30.8,0.69
2025-08-07,竞争性谈判,外部链接,移动端,上海,9,2,1,171.7,0.25
2025-08-07,采购信息,直接访问,PC,北京,38,11,6,114.4,0.34
2025-08-07,竞争性谈判,站内,PC,湖北,28,9,4,92.2,0.67
2025-08-07,电子招投标,外部链接,PC,湖北,20,2,1,113.2,0.61
2025-08-07,招标代理,付费推广,移动端,北京,40,5,4,84.6,0.38
2025-08-07,中标公示,外部链接,PC,江苏,13,7,3,82.1,0.68
2025-08-07,政府采购,直接访问,PC,江苏,15,6,2,63.4,0.44
2025-08-07,询价公告,直接访问,移动端,上海,40,5,4,151.8,0.31
2025-08-08,资格预审,直接访问,PC,湖北,47,12,7,27.1,0.62
2025-08-08,招投标公告,站内,PC,广东,28,3,1,27.3,0.17
2025-08-08,招投标公告,直接访问,PC,四川,26,8,5,23.0,0.37
2025-08-08,行业报告,直接访问,移动端,四川,29,6,2,152.6,0.2
2025-08-08,招投标公告,直接访问,移动端,浙江,12,4,2,123.6,0.46
2025-08-08,更正公告,付费推广,移动端,山东,9,3,2,58.9,0.63
2025-08-08,招标文件,付费推广,移动端,湖北,28,7,5,53.3,0.33
2025-08-08,政策解读,外部链接,移动端,广东,41,9,8,122.9,0.52
2025-08-08,招标文件,直接访问,PC,江苏,23,11,5,124.3,0.72
2025-08-08,合同公示,直接访问,PC,浙江,21,1,0,69.8,0.23
2025-08-08,招投标公告,外部链接,PC,湖北,21,7,3,132.7,0.49
2025-08-08,工程招标,站内,PC,山东,45,11,6,45.5,0.54
2025-08-08,行业动态,直接访问,PC,江苏,48,12,9,128.1,0.35
2025-08-08,招投标公告,直接访问,移动端,江苏,26,7,5,60.2,0.33
2025-08-08,更正公告,外部链接,移动端,北京,33,8,6,128.3,0.47
2025-08-08,中标结果,站内,PC,浙江,16,6,3,69.3,0.58
2025-08-08,电子招投标,外部链接,移动端,上海,18,6,4,62.3,0.61
2025-08-08,工程招标,站内,PC,北京,20,3,2,87.5,0.44
2025-08-08,招投标公告,外部链接,移动端,广东,8,6,4,127.6,0.53
2025-08-08,采购信息,外部链接,PC,上海,8,2,1,28.6,0.18
2025-08-08,评标专家,外部链接,PC,四川,20,7,5,179.4,0.44
2025-08-08,单一来源,直接访问,移动端,湖北,6,1,0,136.9,0.5
2025-08-08,工程招标,直接访问,移动端,广东,39,7,5,104.6,0.18
2025-08-08,法律法规,外部链接,移动端,广东,14,1,0,79.6,0.48
2025-08-08,中标公示,直接访问,移动端,广东,23,5,2,102.3,0.52
2025-08-08,询价公告,直接访问,移动端,北京,17,5,2,50.2,0.27
2025-08-08,采购信息,外部链接,PC,湖北,37,5,2,51.6,0.71
2025-08-08,招标文件,直接访问,移动端,北京,44,10,7,32.6,0.46
2025-08-08,竞争性谈判,直接访问,PC,浙江,29,8,7,93.2,0.21
2025-08-08,工程招标,直接访问,PC,四川,32,7,5,140.8,0.18
2025-08-08,更正公告,外部链接,PC,四川,49,8,7,136.8,0.37
2025-08-08,招标文件,直接访问,PC,山东,41,5,4,86.3,0.68
2025-08-08,工程招标,直接访问,移动端,上海,29,2,1,110.2,0.41
2025-08-08,资格预审,站内,移动端,上海,34,8,6,84.6,0.18
2025-08-08,采购信息,直接访问,移动端,浙江,22,11,9,125.2,0.3
2025-08-08,招标文件,外部链接,PC,广东,16,1,0,155.5,0.66
2025-08-08,履约信息,直接访问,PC,浙江,21,6,5,54.1,0.54
2025-08-08,供应商查询,直接访问,PC,山东,14,2,1,37.2,0.45
2025-08-08,合同公示,直接访问,PC,广东,31,2,1,100.4,0.27
2025-08-08,项目立项,付费推广,PC,广东,26,4,3,142.3,0.51
2025-08-08,竞争性谈判,直接访问,PC,北京,26,11,5,152.4,0.73
2025-08-08,招标文件,外部链接,移动端,广东,7,3,1,59.2,0.27
2025-08-08,工程招标,站内,PC,浙江,25,12,6,168.1,0.65
2025-08-08,行业报告,站内,PC,上海,19,8,2,169.5,0.65
2025-08-08,中标公示,外部链接,移动端,上海,19,12,8,80.8,0.51
2025-08-08,履约信息,外部链接,PC,浙江,15,5,2,91.4,0.23
2025-08-08,中标结果,站内,移动端,江苏,43,12,7,137.4,0.48
2025-08-08,采购信息,直接访问,移动端,四川,24,11,4,105.9,0.53
2025-08-09,框架协议,外部链接,移动端,湖北,52,11,8,155.3,0.63
2025-08-09,政策解读,直接访问,PC,广东,13,4,2,128.7,0.24
2025-08-09,招投标公告,站内,PC,广东,23,6,4,158.6,0.59
2025-08-09,更正公告,站内,移动端,浙江,43,9,7,125.6,0.71
2025-08-09,供应商查询,付费推广,移动端,四川,15,9,3,118.5,0.62
2025-08-09,履约信息,站内,移动端,四川,36,10,6,135.4,0.27
2025-08-09,中标结果,付费推广,PC,上海,29,12,7,87.4,0.48
2025-08-09,工程招标,外部链接,PC,四川,13,8,6,42.9,0.34
2025-08-09,招投标公告,付费推广,移动端,江苏,20,8,6,145.0,0.34
2025-08-09,采购信息,直接访问,PC,上海,18,7,4,74.6,0.68
2025-08-09,项目立项,直接访问,PC,山东,10,9,7,126.4,0.42
2025-08-09,信用查询,外部链接,移动端,广东,65,11,9,147.0,0.22
2025-08-09,采购信息,站内,PC,四川,43,9,7,25.1,0.69
2025-08-09,工程招标,外部链接,移动端,上海,11,9,5,126.6,0.61
2025-08-09,更正公告,直接访问,PC,湖北,31,11,8,129.1,0.16
2025-08-09,竞争性谈判,直接访问,PC,上海,35,5,3,59.9,0.38
2025-08-09,评标结果,直接访问,PC,北京,27,9,3,138.8,0.18
2025-08-09,更正公告,直接访问,PC,江苏,14,11,5,142.0,0.41
2025-08-09,供应商查询,外部链接,PC,浙江,36,3,2,120.7,0.33
2025-08-09,信用查询,付费推广,移动端,四川,3,1,0,24.8,0.49
2025-08-09,供应商查询,外部链接,PC,浙江,33,12,9,84.9,0.54
2025-08-09,政策解读,直接访问,PC,江苏,28,4,1,139.7,0.74
2025-08-09,行业动态,外部链接,PC,北京,38,5,2,71.6,0.23
2025-08-09,合同公示,直接访问,移动端,浙江,28,6,3,124.8,0.57
2025-08-09,工程招标,外部链接,移动端,湖北,27,3,1,53.9,0.59
2025-08-09,中标结果,站内,PC,四川,36,8,4,67.5,0.48
2025-08-09,工程招标,外部链接,移动端,上海,27,9,4,30.2,0.16
2025-08-09,政策解读,直接访问,移动端,湖北,21,10,4,60.2,0.69
2025-08-09,政策解读,外部链接,PC,湖北,13,4,3,93.3,0.46
2025-08-09,供应商查询,外部链接,移动端,上海,11,9,3,109.7,0.49
2025-08-09,履约信息,直接访问,移动端,四川,7,1,0,28.2,0.37
2025-08-09,招投标公告,直接访问,移动端,四川,44,7,4,25.5,0.74
2025-08-09,招标文件,站内,PC,江苏,24,12,6,123.9,0.37
2025-08-09,合同公示,站内,PC,湖北,32,4,2,158.6,0.44
2025-08-09,中标公示,外部链接,PC,上海,19,8,3,122.2,0.28
2025-08-09,工程招标,直接访问,移动端,北京,38,11,5,36.4,0.56
2025-08-09,中标公示,外部链接,移动端,湖北,18,1,0,114.0,0.23
2025-08-09,政策解读,站内,PC,上海,35,5,4,175.0,0.53
2025-08-10,评标专家,直接访问,移动端,山东,31,8,3,41.1,0.5
2025-08-10,框架协议,外部链接,PC,上海,51,12,8,113.7,0.29
2025-08-10,供应商查询,直接访问,PC,湖北,19,3,2,164.1,0.51
2025-08-10,履约信息,外部链接,移动端,北京,33,8,5,169.9,0.56
2025-08-10,中标结果,直接访问,移动端,湖北,37,4,3,142.5,0.36
2025-08-10,投标保证金,付费推广,移动端,北京,32,7,2,55.7,0.67
2025-08-10,采购信息,站内,PC,浙江,18,1,0,102.7,0.46
2025-08-10,供应商查询,直接访问,移动端,湖北,28,6,2,112.8,0.31
2025-08-10,政策解读,外部链接,移动端,湖北,13,4,2,78.0,0.48
2025-08-10,采购信息,直接访问,PC,湖北,28,12,5,55.2,0.62
2025-08-10,评标专家,直接访问,PC,四川,11,9,6,81.0,0.53
2025-08-10,投标保证金,站内,PC,湖北,11,2,0,31.0,0.17
2025-08-10,供应商查询,付费推广,移动端,江苏,40,12,10,143.3,0.26
2025-08-10,中标公示,直接访问,移动端,江苏,21,4,1,45.5,0.17
2025-08-10,采购信息,直接访问,PC,江苏,24,7,3,112.9,0.46
2025-08-10,单一来源,直接访问,PC,江苏,38,12,9,174.1,0.32
2025-08-10,资格预审,直接访问,移动端,广东,19,5,2,29.7,0.33
2025-08-10,评标专家,站内,移动端,江苏,46,12,7,96.3,0.3
2025-08-10,招标文件,站内,移动端,广东,15,8,3,120.7,0.75
2025-08-10,政府采购,直接访问,PC,四川,22,9,5,64.5,0.39
2025-08-10,单一来源,直接访问,移动端,上海,36,8,4,110.9,0.26
2025-08-10,单一来源,付费推广,PC,浙江,15,4,3,55.1,0.65
2025-08-10,废标公告,直接访问,移动端,北京,23,2,1,19.1,0.66
2025-08-10,评标专家,站内,PC,四川,33,8,6,47.6,0.61
2025-08-10,政策解读,直接访问,移动端,上海,15,1,0,170.2,0.17
2025-08-10,招标文件,站内,移动端,山东,14,2,1,129.7,0.16
2025-08-10,采购信息,外部链接,PC,江苏,10,3,1,94.4,0.52
2025-08-10,供应商查询,外部链接,PC,四川,29,6,5,47.1,0.23
2025-08-10,行业报告,直接访问,PC,江苏,14,4,2,41.6,0.73
2025-08-10,工程招标,站内,PC,山东,31,3,2,96.8,0.3
2025-08-10,更正公告,直接访问,PC,上海,15,1,0,153.9,0.21
2025-08-10,单一来源,直接访问,PC,江苏,13,6,2,158.5,0.73
2025-08-10,工程招标,外部链接,移动端,上海,32,5,2,137.3,0.68
2025-08-10,供应商查询,直接访问,移动端,上海,19,3,2,120.3,0.49
2025-08-10,更正公告,直接访问,PC,浙江,31,6,3,61.3,0.54
2025-08-10,采购信息,直接访问,移动端,四川,45,12,8,45.1,0.66
2025-08-10,工程招标,直接访问,PC,北京,4,4,1,28.3,0.68
2025-08-10,行业动态,直接访问,PC,北京,2,2,0,124.1,0.68
2025-08-10,招标文件,直接访问,PC,上海,2,3,1,23.7,0.36
2025-08-10,企业资质,站内,PC,江苏,28,9,5,114.8,0.53
2025-08-10,评标结果,外部链接,PC,江苏,31,6,3,32.5,0.33
2025-08-10,中标结果,直接访问,PC,上海,25,6,3,167.4,0.72
2025-08-10,中标公示,直接访问,PC,江苏,21,10,4,78.5,0.4
2025-08-10,行业动态,直接访问,PC,湖北,16,7,3,119.3,0.46
2025-08-11,投标保证金,外部链接,PC,江苏,8,7,3,40.1,0.22
2025-08-11,中标结果,外部链接,移动端,山东,5,4,2,175.1,0.16
2025-08-11,投诉处理,直接访问,PC,山东,8,12,4,20.4,0.28
2025-08-11,中标结果,站内,PC,四川,15,8,5,31.0,0.6
2025-08-11,工程招标,直接访问,PC,山东,29,3,1,79.8,0.16
2025-08-11,投诉处理,站内,PC,山东,9,4,3,92.7,0.61
2025-08-11,政策解读,付费推广,PC,江苏,25,6,2,169.9,0.46
2025-08-11,采购信息,外部链接,PC,广东,12,11,5,120.5,0.34
2025-08-11,工程招标,直接访问,PC,浙江,22,1,0,114.6,0.37
2025-08-11,招投标公告,直接访问,PC,四川,32,11,4,42.9,0.47
2025-08-11,招投标公告,外部链接,PC,四川,28,8,6,79.2,0.58
2025-08-11,采购信息,直接访问,移动端,江苏,30,9,6,48.2,0.36
2025-08-11,竞争性谈判,直接访问,移动端,上海,13,2,1,150.7,0.47
2025-08-11,中标结果,站内,PC,上海,24,1,0,118.5,0.34
2025-08-11,招投标公告,付费推广,移动端,浙江,31,9,6,63.9,0.4
2025-08-11,招标文件,直接访问,移动端,广东,7,3,1,35.3,0.26
2025-08-11,招投标公告,外部链接,PC,山东,19,9,6,77.3,0.51
2025-08-11,招投标公告,付费推广,PC,山东,12,2,1,108.4,0.71
2025-08-11,中标结果,直接访问,移动端,江苏,29,9,3,67.2,0.72
2025-08-11,评标专家,直接访问,移动端,湖北,20,4,1,119.3,0.26
2025-08-11,单一来源,直接访问,PC,四川,52,11,6,34.9,0.63
2025-08-11,行业动态,外部链接,移动端,山东,42,6,5,78.2,0.61
2025-08-11,中标结果,站内,移动端,浙江,26,7,5,173.8,0.42
2025-08-11,供应商查询,站内,移动端,广东,9,9,3,66.7,0.28
2025-08-11,更正公告,直接访问,移动端,江苏,13,9,5,24.1,0.36
2025-08-11,工程招标,直接访问,移动端,浙江,22,5,4,82.8,0.7
2025-08-11,单一来源,站内,移动端,上海,25,8,6,122.0,0.17
2025-08-11,投标保证金,直接访问,移动端,四川,33,6,5,168.7,0.22
2025-08-11,框架协议,站内,移动端,广东,33,11,8,67.4,0.17
2025-08-11,政策解读,直接访问,PC,浙江,18,3,1,140.0,0.5
2025-08-11,招投标公告,直接访问,移动端,上海,22,3,1,138.7,0.48
2025-08-11,采购信息,直接访问,PC,上海,17,3,1,82.0,0.49
2025-08-11,行业动态,付费推广,PC,浙江,14,2,1,128.9,0.5
2025-08-11,招投标公告,直接访问,PC,浙江,27,6,3,67.4,0.74
2025-08-11,资格预审,付费推广,PC,上海,12,8,3,129.0,0.24
2025-08-11,竞争性谈判,直接访问,移动端,浙江,24,10,8,73.6,0.63
2025-08-11,招标文件,外部链接,PC,浙江,23,4,2,96.3,0.59
2025-08-11,工程招标,外部链接,PC,广东,12,5,2,145.8,0.52
2025-08-11,招投标公告,外部链接,PC,湖北,42,11,5,35.5,0.33
2025-08-11,履约信息,直接访问,移动端,北京,8,6,3,50.2,0.73
2025-08-11,行业动态,站内,PC,江苏,6,6,3,74.2,0.36
2025-08-11,评标结果,直接访问,移动端,江苏,28,1,0,180.0,0.74
2025-08-11,评标专家,付费推广,PC,四川,28,7,5,79.9,0.73
2025-08-11,资格预审,外部链接,PC,浙江,41,10,4,116.1,0.42
2025-08-11,工程招标,外部链接,移动端,浙江,15,3,1,179.3,0.74
2025-08-11,工程招标,付费推广,移动端,四川,6,2,1,69.5,0.68
2025-08-11,竞争性谈判,站内,移动端,湖北,13,7,3,144.2,0.21
2025-08-11,工程招标,站内,移动端,江苏,31,10,6,55.6,0.56
2025-08-11,供应商查询,外部链接,PC,山东,43,12,8,80.8,0.43
2025-08-11,工程招标,直接访问,PC,广东,31,5,4,126.8,0.27
2025-08-11,工程招标,直接访问,移动端,山东,45,10,6,92.1,0.3
2025-08-11,供应商查询,直接访问,移动端,湖北,22,12,6,35.7,0.42
2025-08-11,履约信息,站内,PC,湖北,32,12,4,142.0,0.73
2025-08-11,工程招标,直接访问,移动端,江苏,28,8,3,166.9,0.56
2025-08-12,中标公示,外部链接,PC,北京,16,3,2,85.0,0.42
2025-08-12,工程招标,外部链接,移动端,浙江,31,8,3,123.1,0.58
2025-08-12,工程招标,站内,PC,山东,47,11,6,146.2,0.46
2025-08-12,评标专家,直接访问,PC,上海,13,6,4,158.7,0.26
2025-08-12,询价公告,直接访问,PC,山东,31,5,3,39.3,0.27
2025-08-12,评标结果,直接访问,PC,山东,35,9,7,53.1,0.55
2025-08-12,中标结果,直接访问,移动端,广东,28,4,3,119.8,0.64
2025-08-12,工程招标,直接访问,PC,四川,21,1,0,111.7,0.51
2025-08-12,招标文件,直接访问,PC,上海,34,3,2,91.8,0.5
2025-08-12,招标代理,直接访问,PC,四川,46,7,5,107.2,0.33
2025-08-12,工程招标,外部链接,PC,湖北,27,9,4,27.4,0.49
2025-08-12,投诉处理,外部链接,PC,江苏,20,7,4,103.1,0.75
2025-08-12,供应商查询,直接访问,移动端,山东,34,8,6,65.1,0.27
2025-08-12,工程招标,外部链接,移动端,浙江,37,10,9,72.1,0.49
2025-08-12,评标结果,直接访问,PC,江苏,21,5,4,100.1,0.34
2025-08-12,招投标公告,外部链接,PC,广东,32,3,1,126.9,0.7
2025-08-12,投标保证金,外部链接,PC,山东,53,9,7,149.9,0.71
2025-08-12,招投标公告,外部链接,移动端,四川,28,9,5,129.0,0.63
2025-08-12,信用查询,直接访问,移动端,江苏,20,1,0,104.6,0.25
2025-08-12,资格预审,直接访问,PC,江苏,18,12,10,85.0,0.45
2025-08-12,采购信息,外部链接,移动端,浙江,15,9,4,145.2,0.62
2025-08-12,企业资质,直接访问,PC,山东,38,9,3,96.3,0.67
2025-08-12,招标文件,直接访问,移动端,北京,18,9,6,135.4,0.43
2025-08-12,询价公告,外部链接,PC,广东,19,11,9,93.6,0.18
2025-08-12,政策解读,外部链接,PC,江苏,33,11,9,49.2,0.32
2025-08-12,招标文件,直接访问,PC,上海,31,3,1,118.9,0.46
2025-08-12,工程招标,直接访问,PC,上海,23,12,9,29.5,0.52
2025-08-12,招标文件,直接访问,PC,山东,17,11,4,32.0,0.39
2025-08-12,询价公告,站内,移动端,山东,41,10,5,50.1,0.61
2025-08-12,投标保证金,直接访问,移动端,山东,19,10,4,91.8,0.56
2025-08-12,询价公告,外部链接,PC,浙江,35,3,2,76.9,0.26
2025-08-12,企业资质,直接访问,移动端,四川,20,8,5,36.3,0.44
2025-08-12,废标公告,直接访问,PC,上海,13,9,3,108.1,0.19
2025-08-12,招标文件,外部链接,移动端,浙江,23,10,4,80.2,0.35
2025-08-12,开标记录,外部链接,移动端,湖北,19,10,7,125.3,0.2
2025-08-12,招标代理,外部链接,PC,山东,17,6,3,67.9,0.39
2025-08-12,行业报告,外部链接,移动端,湖北,5,6,3,53.3,0.23
2025-08-12,行业报告,站内,移动端,上海,24,11,4,117.7,0.42
2025-08-12,工程招标,站内,PC,江苏,17,7,5,112.4,0.52
2025-08-13,供应商查询,直接访问,PC,四川,30,9,8,108.7,0.74
2025-08-13,招投标公告,直接访问,PC,湖北,46,12,8,80.0,0.38
2025-08-13,行业动态,外部链接,PC,浙江,41,9,5,85.6,0.32
2025-08-13,履约信息,直接访问,PC,广东,29,3,2,88.8,0.74
2025-08-13,招投标公告,外部链接,PC,山东,51,12,8,47.1,0.46
2025-08-13,行业动态,外部链接,PC,上海,43,7,4,136.4,0.58
2025-08-13,采购信息,付费推广,移动端,广东,3,1,0,112.0,0.73
2025-08-13,招投标公告,站内,PC,江苏,12,8,5,94.5,0.6
2025-08-13,评标专家,直接访问,移动端,江苏,26,10,3,144.1,0.43
2025-08-13,政策解读,外部链接,移动端,湖北,24,6,5,45.1,0.57
2025-08-13,行业报告,直接访问,移动端,江苏,18,1,0,26.4,0.74
2025-08-13,投标保证金,外部链接,PC,北京,11,3,1,39.5,0.32
2025-08-13,更正公告,直接访问,PC,上海,39,10,7,148.9,0.31
2025-08-13,询价公告,外部链接,移动端,广东,29,6,5,169.3,0.24
2025-08-13,中标公示,付费推广,移动端,浙江,18,11,6,111.6,0.66
2025-08-13,招投标公告,直接访问,移动端,广东,13,3,1,95.2,0.72
2025-08-13,企业资质,直接访问,移动端,湖北,12,8,3,64.8,0.63
2025-08-13,供应商查询,直接访问,PC,广东,33,2,1,154.8,0.52
2025-08-13,合同公示,直接访问,PC,北京,26,5,3,143.3,0.6
2025-08-13,单一来源,外部链接,PC,四川,26,11,8,106.7,0.55
2025-08-13,废标公告,直接访问,PC,北京,35,11,6,63.9,0.27
2025-08-13,招投标公告,直接访问,移动端,浙江,9,10,7,156.7,0.23
2025-08-13,合同公示,站内,移动端,上海,12,2,1,93.6,0.71
2025-08-13,合同公示,付费推广,PC,湖北,38,12,10,44.2,0.19
2025-08-13,电子招投标,直接访问,PC,广东,17,5,4,89.4,0.45
2025-08-13,招标代理,外部链接,PC,山东,6,2,0,117.5,0.21
2025-08-13,中标结果,直接访问,PC,北京,28,10,7,163.2,0.24
2025-08-13,合同公示,付费推广,移动端,江苏,26,3,2,18.6,0.57
2025-08-13,框架协议,外部链接,PC,北京,46,9,4,129.7,0.62
2025-08-13,工程招标,外部链接,移动端,四川,25,11,5,179.5,0.54
2025-08-13,供应商查询,站内,PC,山东,23,5,3,24.4,0.38
2025-08-13,工程招标,外部链接,移动端,四川,35,8,3,48.7,0.17
2025-08-13,招投标公告,付费推广,PC,湖北,18,2,1,104.5,0.65
2025-08-13,中标结果,付费推广,PC,广东,16,6,4,37.1,0.63
2025-08-13,项目立项,外部链接,移动端,上海,9,12,8,137.1,0.44
2025-08-13,招投标公告,付费推广,移动端,浙江,13,12,8,120.5,0.69
2025-08-13,开标记录,直接访问,移动端,北京,2,2,0,148.3,0.41
2025-08-13,开标记录,付费推广,移动端,四川,12,2,1,153.5,0.63
2025-08-13,框架协议,外部链接,PC,北京,13,5,2,130.8,0.48
2025-08-13,中标结果,付费推广,PC,北京,14,11,7,160.5,0.2
2025-08-13,招投标公告,付费推广,移动端,江苏,42,7,5,38.6,0.24
2025-08-13,采购信息,外部链接,PC,上海,36,10,7,99.0,0.72
2025-08-13,评标结果,站内,PC,广东,20,9,4,176.2,0.52
2025-08-13,更正公告,付费推广,PC,山东,22,11,7,49.4,0.63
2025-08-13,政府采购,付费推广,PC,上海,3,3,2,122.5,0.32
2025-08-13,中标结果,直接访问,移动端,山东,29,1,0,105.1,0.24
2025-08-13,招投标公告,外部链接,PC,浙江,34,12,7,50.2,0.56
2025-08-13,招标文件,站内,PC,北京,18,4,3,162.4,0.19
2025-08-13,行业报告,直接访问,PC,浙江,35,10,6,40.1,0.58
2025-08-13,评标结果,付费推广,PC,上海,8,1,0,40.1,0.66
2025-08-13,中标公示,直接访问,PC,江苏,26,10,4,175.2,0.66
2025-08-14,中标结果,外部链接,移动端,浙江,32,10,6,20.3,0.41
2025-08-14,履约信息,直接访问,PC,浙江,21,10,8,176.8,0.17
2025-08-14,中标公示,站内,PC,湖北,20,8,6,98.2,0.2
2025-08-14,框架协议,外部链接,PC,浙江,22,3,1,179.8,0.16
2025-08-14,项目立项,直接访问,PC,广东,35,8,4,131.9,0.26
2025-08-14,履约信息,外部链接,移动端,广东,28,11,4,23.3,0.41
2025-08-14,采购信息,付费推广,PC,浙江,35,11,4,169.0,0.46
2025-08-14,企业资质,直接访问,PC,湖北,14,6,3,77.4,0.54
2025-08-14,询价公告,外部链接,移动端,上海,22,6,2,95.5,0.71
2025-08-14,行业报告,付费推广,PC,浙江,25,6,3,128.2,0.32
2025-08-14,招投标公告,直接访问,PC,北京,32,8,6,118.6,0.63
2025-08-14,评标专家,站内,移动端,北京,14,4,3,31.0,0.69
2025-08-14,招标文件,付费推广,PC,江苏,8,2,1,159.7,0.46
2025-08-14,评标结果,直接访问,移动端,上海,39,8,4,122.4,0.32
2025-08-14,招投标公告,站内,PC,四川,27,7,4,114.1,0.57
2025-08-14,废标公告,直接访问,PC,上海,13,5,2,96.4,0.73
2025-08-14,框架协议,直接访问,PC,山东,26,3,2,104.7,0.26
2025-08-14,工程招标,站内,移动端,上海,11,3,1,111.1,0.41
2025-08-14,供应商查询,直接访问,移动端,四川,25,6,2,176.0,0.47
2025-08-14,工程招标,直接访问,移动端,上海,14,8,7,175.2,0.48
2025-08-14,政策解读,外部链接,PC,江苏,38,10,7,129.6,0.59
2025-08-14,信用查询,直接访问,移动端,江苏,14,1,0,75.9,0.35
2025-08-14,资格预审,直接访问,PC,江苏,25,4,1,126.8,0.2
2025-08-14,政策解读,直接访问,PC,广东,34,11,6,156.3,0.37
2025-08-14,供应商查询,直接访问,PC,山东,35,9,3,178.8,0.63
2025-08-14,招标文件,站内,移动端,湖北,46,12,10,113.1,0.2
2025-08-14,工程招标,外部链接,移动端,四川,6,2,1,19.1,0.53
2025-08-14,采购信息,直接访问,PC,上海,13,4,1,107.7,0.18
2025-08-14,开标记录,站内,PC,山东,5,4,1,60.6,0.72
2025-08-14,废标公告,外部链接,移动端,江苏,6,7,3,37.3,0.32
2025-08-14,法律法规,直接访问,移动端,山东,35,10,5,129.1,0.73
2025-08-14,开标记录,直接访问,移动端,广东,6,5,2,69.8,0.68
2025-08-14,工程招标,直接访问,PC,湖北,28,11,9,65.0,0.47
2025-08-14,招标代理,外部链接,移动端,上海,19,2,1,70.3,0.34
2025-08-14,废标公告,站内,PC,四川,29,2,1,41.3,0.23
2025-08-14,采购信息,站内,PC,上海,26,2,0,48.5,0.69
2025-08-14,资格预审,站内,PC,北京,7,7,4,150.7,0.7
2025-08-15,招标文件,外部链接,PC,山东,23,10,6,133.0,0.17
2025-08-15,开标记录,直接访问,移动端,上海,16,12,5,39.1,0.2
2025-08-15,政府采购,站内,PC,山东,3,7,2,146.5,0.46
2025-08-15,招投标公告,直接访问,PC,北京,28,5,3,38.1,0.51
2025-08-15,行业报告,直接访问,移动端,广东,30,2,0,111.9,0.36
2025-08-15,更正公告,站内,移动端,北京,17,2,1,53.2,0.26
2025-08-15,采购信息,付费推广,PC,北京,23,4,3,131.1,0.26
2025-08-15,项目立项,直接访问,移动端,湖北,19,7,3,36.3,0.74
2025-08-15,工程招标,直接访问,PC,四川,8,12,6,71.2,0.22
2025-08-15,采购信息,外部链接,PC,山东,33,4,2,87.3,0.66
2025-08-15,信用查询,站内,移动端,四川,25,3,1,35.0,0.41
2025-08-15,项目立项,直接访问,PC,湖北,31,12,8,167.9,0.74
2025-08-15,招投标公告,付费推广,PC,湖北,23,2,0,98.9,0.61
2025-08-15,框架协议,外部链接,移动端,湖北,27,6,3,100.8,0.24
2025-08-15,中标结果,直接访问,PC,浙江,12,11,9,137.5,0.65
2025-08-15,中标公示,直接访问,PC,四川,25,3,1,30.4,0.6
2025-08-15,框架协议,站内,PC,山东,40,8,5,157.3,0.48
2025-08-15,评标专家,直接访问,PC,北京,30,7,4,92.5,0.17
2025-08-15,行业动态,站内,PC,上海,34,8,4,81.0,0.61
2025-08-15,行业动态,外部链接,移动端,山东,26,8,5,27.0,0.31
2025-08-15,行业报告,直接访问,移动端,江苏,6,6,2,153.6,0.36
2025-08-15,单一来源,直接访问,移动端,四川,17,7,2,84.7,0.18
2025-08-15,采购信息,直接访问,PC,北京,15,12,4,72.7,0.16
2025-08-15,招标文件,外部链接,移动端,湖北,22,5,1,21.6,0.34
2025-08-15,行业动态,直接访问,PC,山东,12,2,1,98.5,0.64
2025-08-15,项目立项,直接访问,PC,湖北,28,4,2,155.8,0.28
2025-08-15,采购信息,直接访问,移动端,浙江,29,10,7,154.8,0.21
2025-08-15,招标文件,直接访问,移动端,山东,23,7,3,151.4,0.45
2025-08-15,招标文件,外部链接,PC,湖北,33,7,3,141.7,0.26
2025-08-15,招投标公告,站内,移动端,山东,16,4,2,169.8,0.47
2025-08-15,资格预审,站内,PC,广东,20,9,4,56.9,0.6
2025-08-15,框架协议,站内,PC,北京,28,11,5,151.4,0.54
2025-08-15,采购信息,外部链接,PC,北京,27,3,1,152.0,0.43
2025-08-15,行业动态,直接访问,移动端,广东,2,4,1,59.9,0.63
2025-08-15,项目立项,直接访问,移动端,山东,10,1,0,115.5,0.67
2025-08-15,信用查询,直接访问,PC,北京,19,7,6,36.1,0.59
2025-08-15,招标代理,外部链接,移动端,江苏,31,8,6,37.8,0.63
2025-08-15,招标文件,外部链接,PC,浙江,8,7,3,52.7,0.31
2025-08-15,供应商查询,站内,PC,四川,47,12,10,86.7,0.56
2025-08-15,投诉处理,站内,移动端,四川,18,8,6,122.6,0.69
2025-08-15,招投标公告,站内,移动端,广东,28,12,10,107.5,0.34
2025-08-15,评标专家,直接访问,移动端,北京,40,9,7,19.3,0.73
2025-08-15,招标代理,付费推广,PC,浙江,33,5,2,89.1,0.34
2025-08-15,开标记录,外部链接,移动端,江苏,19,2,1,137.4,0.71
2025-08-15,招标文件,直接访问,移动端,北京,13,3,2,86.2,0.59
2025-08-15,行业动态,直接访问,移动端,广东,53,11,7,121.9,0.15
2025-08-15,工程招标,直接访问,移动端,北京,29,3,1,114.2,0.4
2025-08-15,招标代理,外部链接,移动端,上海,31,5,2,63.7,0.2
2025-08-15,供应商查询,直接访问,PC,浙江,29,1,0,32.4,0.43
2025-08-15,采购信息,站内,PC,湖北,34,10,4,77.6,0.72
2025-08-16,招投标公告,外部链接,移动端,山东,34,11,6,50.9,0.72
2025-08-16,开标记录,直接访问,移动端,湖北,21,3,1,52.9,0.64
2025-08-16,竞争性谈判,直接访问,PC,上海,7,1,0,118.1,0.69
2025-08-16,供应商查询,外部链接,PC,广东,31,8,3,82.4,0.28
2025-08-16,供应商查询,直接访问,移动端,北京,11,2,1,168.8,0.43
2025-08-16,供应商查询,外部链接,移动端,广东,9,1,0,176.4,0.55
2025-08-16,工程招标,站内,PC,上海,37,5,2,72.9,0.43
2025-08-16,招投标公告,站内,PC,江苏,17,2,1,159.2,0.65
2025-08-16,单一来源,付费推广,PC,江苏,40,10,8,68.7,0.69
2025-08-16,招标文件,付费推广,移动端,上海,29,9,7,48.6,0.18
2025-08-16,工程招标,外部链接,PC,山东,9,7,2,89.5,0.74
2025-08-16,行业动态,外部链接,PC,上海,29,2,1,64.0,0.65
2025-08-16,单一来源,站内,移动端,浙江,25,10,9,142.2,0.26
2025-08-16,企业资质,直接访问,PC,北京,14,6,2,78.5,0.71
2025-08-16,招投标公告,直接访问,PC,山东,52,12,8,172.7,0.51
2025-08-16,招投标公告,付费推广,移动端,山东,16,6,5,157.9,0.63
2025-08-16,采购信息,站内,移动端,湖北,9,2,1,174.3,0.67
2025-08-16,招投标公告,站内,PC,湖北,9,5,3,66.4,0.63
2025-08-16,单一来源,付费推广,移动端,上海,28,6,4,50.4,0.42
2025-08-16,供应商查询,直接访问,移动端,北京,23,7,5,120.2,0.21
2025-08-16,政策解读,付费推广,移动端,上海,14,8,5,93.9,0.2
2025-08-16,投标保证金,直接访问,移动端,江苏,24,4,2,25.7,0.2
2025-08-16,招投标公告,直接访问,PC,北京,26,8,5,59.3,0.2
2025-08-16,中标公示,直接访问,移动端,上海,4,3,2,85.4,0.57
2025-08-16,招标文件,站内,移动端,山东,54,10,8,166.7,0.64
2025-08-16,采购信息,直接访问,移动端,江苏,4,11,4,82.0,0.16
2025-08-16,合同公示,外部链接,PC,山东,31,5,3,127.2,0.56
2025-08-16,供应商查询,直接访问,PC,广东,23,4,1,175.2,0.67
2025-08-16,工程招标,外部链接,移动端,湖北,20,11,9,66.7,0.43
2025-08-16,中标公示,直接访问,PC,上海,51,12,9,21.2,0.42
2025-08-16,采购信息,直接访问,移动端,湖北,20,1,0,155.3,0.41
2025-08-16,中标结果,外部链接,移动端,江苏,16,1,0,113.7,0.52
2025-08-16,政府采购,站内,PC,广东,26,9,3,28.3,0.69
2025-08-16,中标结果,外部链接,PC,四川,10,8,5,64.7,0.27
2025-08-16,招标文件,直接访问,PC,四川,36,10,8,161.1,0.58
2025-08-16,供应商查询,直接访问,移动端,四川,31,8,6,51.6,0.56
2025-08-16,招投标公告,外部链接,PC,上海,54,10,6,179.0,0.33
2025-08-16,工程招标,直接访问,PC,江苏,34,6,4,157.2,0.45
2025-08-17,招标文件,直接访问,PC,浙江,34,8,3,75.5,0.18
2025-08-17,履约信息,直接访问,PC,北京,41,12,4,92.1,0.65
2025-08-17,招投标公告,直接访问,移动端,北京,8,9,3,120.0,0.67
2025-08-17,企业资质,直接访问,PC,山东,9,9,5,122.8,0.35
2025-08-17,工程招标,站内,PC,湖北,10,1,0,64.5,0.25
2025-08-17,采购信息,站内,PC,浙江,33,3,2,55.0,0.63
2025-08-17,中标结果,直接访问,PC,四川,22,1,0,148.6,0.72
2025-08-17,招投标公告,直接访问,移动端,上海,23,7,2,167.4,0.24
2025-08-17,行业报告,付费推广,移动端,江苏,35,7,4,138.3,0.7
2025-08-17,招投标公告,直接访问,PC,上海,40,12,6,106.2,0.62
2025-08-17,合同公示,外部链接,移动端,湖北,4,4,3,105.1,0.38
2025-08-17,竞争性谈判,站内,PC,江苏,19,4,1,73.2,0.53
2025-08-17,招投标公告,站内,PC,江苏,32,4,3,86.5,0.45
2025-08-17,竞争性谈判,站内,PC,四川,14,2,0,66.3,0.59
2025-08-17,中标结果,付费推广,移动端,浙江,28,6,3,79.2,0.59
2025-08-17,招投标公告,外部链接,PC,四川,38,8,3,84.8,0.21
2025-08-17,中标结果,直接访问,PC,北京,34,6,4,108.6,0.62
2025-08-17,履约信息,外部链接,移动端,山东,63,12,10,175.7,0.64
2025-08-17,工程招标,直接访问,移动端,上海,29,12,7,52.4,0.43
2025-08-17,单一来源,付费推广,PC,北京,11,10,8,77.9,0.32
2025-08-17,政策解读,直接访问,PC,四川,27,5,2,41.1,0.62
2025-08-17,中标结果,付费推广,PC,江苏,4,4,1,37.8,0.36
2025-08-17,履约信息,直接访问,移动端,山东,42,6,4,134.6,0.51
2025-08-17,框架协议,外部链接,PC,山东,20,11,6,147.6,0.55
2025-08-17,中标结果,直接访问,PC,广东,47,11,9,32.3,0.25
2025-08-17,招投标公告,外部链接,移动端,江苏,12,9,6,172.7,0.48
2025-08-17,框架协议,付费推广,PC,山东,28,9,7,169.7,0.26
2025-08-17,招投标公告,站内,PC,山东,15,2,1,113.4,0.44
2025-08-17,招标代理,直接访问,PC,广东,14,9,4,36.6,0.21
2025-08-17,工程招标,直接访问,PC,北京,25,3,1,45.4,0.52
2025-08-17,招标文件,直接访问,PC,湖北,32,2,1,70.5,0.38
2025-08-17,开标记录,直接访问,PC,浙江,50,8,5,36.6,0.19
2025-08-17,中标公示,直接访问,PC,湖北,13,11,5,107.8,0.5
2025-08-17,招投标公告,站内,移动端,上海,14,5,3,155.1,0.45
2025-08-17,电子招投标,直接访问,PC,上海,38,4,2,165.7,0.42
2025-08-17,招投标公告,外部链接,移动端,江苏,10,11,9,169.2,0.44
2025-08-17,行业报告,站内,PC,四川,16,11,5,44.1,0.47
2025-08-18,招标文件,直接访问,PC,上海,52,12,8,88.0,0.52
2025-08-18,评标专家,直接访问,移动端,四川,28,11,5,57.8,0.74
2025-08-18,招标文件,外部链接,移动端,广东,24,12,5,95.2,0.69
2025-08-18,项目立项,直接访问,移动端,山东,21,7,4,23.0,0.65
2025-08-18,项目立项,外部链接,PC,湖北,36,10,5,142.4,0.57
2025-08-18,招投标公告,外部链接,移动端,山东,24,1,0,63.5,0.7
2025-08-18,供应商查询,直接访问,移动端,江苏,50,12,5,76.8,0.32
2025-08-18,信用查询,站内,PC,浙江,36,11,6,99.1,0.25
2025-08-18,工程招标,站内,移动端,上海,5,2,1,60.1,0.49
2025-08-18,采购信息,外部链接,移动端,浙江,30,11,3,108.7,0.42
2025-08-18,招标代理,外部链接,移动端,广东,20,6,3,37.7,0.46
2025-08-18,中标公示,外部链接,PC,浙江,17,1,0,90.7,0.15
2025-08-18,工程招标,直接访问,移动端,广东,50,12,5,30.1,0.3
2025-08-18,工程招标,直接访问,移动端,北京,18,1,0,147.1,0.71
2025-08-18,废标公告,直接访问,PC,四川,30,1,0,29.8,0.51
2025-08-18,中标结果,直接访问,PC,北京,13,2,1,68.8,0.66
2025-08-18,招投标公告,直接访问,移动端,山东,2,1,0,34.5,0.18
2025-08-18,招投标公告,站内,PC,湖北,17,4,3,80.2,0.63
2025-08-18,履约信息,外部链接,PC,广东,13,8,5,34.6,0.51
2025-08-18,招投标公告,站内,PC,上海,34,11,7,96.0,0.52
2025-08-18,工程招标,直接访问,PC,上海,18,5,3,112.6,0.47
2025-08-18,工程招标,外部链接,移动端,江苏,11,6,5,56.5,0.64
2025-08-18,行业动态,直接访问,PC,浙江,19,11,9,48.7,0.44
2025-08-18,政府采购,外部链接,移动端,四川,20,10,5,35.0,0.68
2025-08-18,企业资质,外部链接,移动端,浙江,17,12,5,95.9,0.61
2025-08-18,开标记录,站内,PC,湖北,13,3,2,19.6,0.36
2025-08-18,行业动态,直接访问,PC,四川,6,1,0,64.0,0.28
2025-08-18,采购信息,直接访问,移动端,浙江,28,3,1,60.4,0.21
2025-08-18,废标公告,直接访问,移动端,北京,29,6,5,56.9,0.64
2025-08-18,项目立项,付费推广,移动端,湖北,36,12,4,167.7,0.63
2025-08-18,工程招标,直接访问,PC,湖北,29,11,5,117.8,0.26
2025-08-18,政策解读,站内,PC,广东,43,11,8,100.3,0.5
2025-08-18,中标公示,站内,移动端,北京,18,3,1,102.1,0.26
2025-08-18,询价公告,外部链接,PC,山东,36,8,4,167.2,0.5
2025-08-18,招投标公告,直接访问,PC,浙江,40,7,3,79.1,0.24
2025-08-18,废标公告,直接访问,PC,北京,16,5,3,112.6,0.43
2025-08-18,评标结果,直接访问,PC,湖北,20,6,4,79.9,0.26
2025-08-19,采购信息,直接访问,移动端,江苏,30,9,5,62.8,0.29
2025-08-19,工程招标,直接访问,PC,四川,15,4,2,138.7,0.61
2025-08-19,废标公告,直接访问,移动端,上海,27,12,9,142.8,0.32
2025-08-19,招标文件,付费推广,移动端,广东,37,8,5,82.4,0.29
2025-08-19,单一来源,外部链接,PC,山东,52,12,9,31.9,0.66
2025-08-19,中标结果,付费推广,PC,山东,17,8,6,40.5,0.67
2025-08-19,招标文件,站内,PC,四川,29,6,2,139.9,0.61
2025-08-19,政府采购,直接访问,移动端,广东,21,3,1,120.0,0.51
2025-08-19,资格预审,站内,移动端,浙江,14,7,2,94.9,0.35
2025-08-19,投诉处理,外部链接,PC,上海,3,2,1,151.9,0.51
2025-08-19,招投标公告,直接访问,移动端,湖北,27,5,2,103.0,0.42
2025-08-19,供应商查询,直接访问,PC,湖北,7,7,3,104.9,0.44
2025-08-19,招投标公告,付费推广,移动端,上海,13,4,2,115.8,0.71
2025-08-19,行业报告,外部链接,移动端,江苏,16,4,1,28.4,0.39
2025-08-19,投标保证金,外部链接,移动端,山东,27,8,4,32.8,0.54
2025-08-19,企业资质,直接访问,移动端,江苏,21,7,4,58.4,0.69
2025-08-19,竞争性谈判,外部链接,移动端,上海,54,12,8,171.2,0.29
2025-08-19,履约信息,直接访问,移动端,江苏,47,11,9,97.9,0.75
2025-08-19,行业动态,付费推广,PC,北京,34,9,7,91.1,0.3
2025-08-19,政策解读,外部链接,PC,山东,39,7,3,49.5,0.17
2025-08-19,采购信息,站内,PC,山东,21,8,4,124.4,0.58
2025-08-19,中标结果,外部链接,PC,上海,7,3,2,65.7,0.47
2025-08-19,供应商查询,直接访问,移动端,江苏,8,3,1,133.7,0.69
2025-08-19,政策解读,直接访问,PC,北京,21,7,5,114.9,0.18
2025-08-19,供应商查询,直接访问,PC,浙江,4,4,1,178.3,0.35
2025-08-19,工程招标,外部链接,PC,北京,9,11,4,85.3,0.21
2025-08-19,招标文件,外部链接,PC,浙江,23,9,5,55.7,0.21
2025-08-19,招标文件,直接访问,移动端,广东,8,7,3,124.6,0.32
2025-08-19,评标结果,直接访问,移动端,湖北,15,5,3,133.4,0.62
2025-08-19,企业资质,外部链接,PC,北京,41,10,5,167.8,0.61
2025-08-19,工程招标,直接访问,移动端,四川,18,11,6,116.6,0.5
2025-08-19,供应商查询,外部链接,PC,广东,10,4,1,56.3,0.41
2025-08-19,采购信息,直接访问,PC,山东,14,5,2,122.0,0.29
2025-08-19,竞争性谈判,付费推广,PC,四川,17,3,1,146.3,0.4
2025-08-19,开标记录,站内,PC,四川,31,6,2,166.7,0.74
2025-08-19,投标保证金,外部链接,PC,湖北,36,9,4,19.0,0.67
2025-08-19,招投标公告,直接访问,移动端,上海,20,4,1,106.9,0.63
2025-08-19,工程招标,外部链接,PC,山东,11,5,2,86.7,0.51
2025-08-19,招标文件,外部链接,移动端,浙江,18,5,4,172.1,0.37
2025-08-19,供应商查询,外部链接,PC,湖北,8,3,2,141.4,0.41
2025-08-19,招投标公告,付费推广,PC,上海,30,9,6,93.1,0.42
2025-08-19,供应商查询,外部链接,PC,上海,43,12,7,48.7,0.16
2025-08-20,竞争性谈判,直接访问,PC,湖北,30,7,6,97.3,0.53
2025-08-20,行业报告,直接访问,PC,北京,18,7,6,141.6,0.72
2025-08-20,框架协议,站内,PC,山东,28,11,8,80.4,0.4
2025-08-20,采购信息,外部链接,移动端,四川,30,11,8,125.8,0.24
2025-08-20,资格预审,付费推广,PC,浙江,12,10,6,36.9,0.21
2025-08-20,询价公告,直接访问,移动端,北京,33,9,7,152.4,0.3
2025-08-20,招标文件,付费推广,移动端,湖北,44,10,5,160.0,0.59
2025-08-20,招投标公告,外部链接,移动端,四川,31,3,1,139.2,0.57
2025-08-20,招投标公告,直接访问,PC,北京,20,2,1,85.5,0.32
2025-08-20,中标结果,直接访问,PC,上海,16,4,2,109.9,0.28
2025-08-20,工程招标,站内,移动端,浙江,30,5,4,119.5,0.52
2025-08-20,履约信息,直接访问,PC,湖北,3,2,1,112.9,0.44
2025-08-20,项目立项,直接访问,PC,广东,10,11,7,52.2,0.63
2025-08-20,供应商查询,外部链接,移动端,江苏,31,8,4,87.6,0.37
2025-08-20,信用查询,付费推广,移动端,四川,17,11,6,159.4,0.63
2025-08-20,招投标公告,站内,PC,上海,30,1,0,131.3,0.64
2025-08-20,供应商查询,外部链接,移动端,山东,10,9,5,177.8,0.72
2025-08-20,开标记录,直接访问,PC,广东,31,12,6,116.3,0.39
2025-08-20,资格预审,直接访问,PC,山东,32,11,9,80.3,0.51
2025-08-20,询价公告,站内,移动端,广东,10,3,1,152.8,0.75
2025-08-20,法律法规,外部链接,移动端,北京,17,8,5,52.3,0.6
2025-08-20,项目立项,直接访问,PC,广东,34,3,2,80.1,0.32
2025-08-20,竞争性谈判,外部链接,移动端,北京,18,11,4,146.9,0.35
2025-08-20,采购信息,外部链接,移动端,北京,44,11,6,122.0,0.49
2025-08-20,更正公告,站内,PC,北京,11,5,1,138.0,0.71
2025-08-20,单一来源,直接访问,PC,四川,13,7,4,28.0,0.47
2025-08-20,废标公告,付费推广,PC,四川,34,11,9,125.5,0.5
2025-08-20,招投标公告,直接访问,移动端,四川,32,3,2,53.5,0.56
2025-08-20,工程招标,直接访问,移动端,广东,13,10,5,179.5,0.57
2025-08-20,中标公示,站内,PC,湖北,4,1,0,152.1,0.28
2025-08-20,竞争性谈判,站内,移动端,广东,17,3,2,177.5,0.55
2025-08-20,更正公告,付费推广,PC,四川,39,7,5,81.4,0.19
2025-08-20,竞争性谈判,直接访问,移动端,湖北,27,2,0,169.4,0.33
2025-08-20,合同公示,外部链接,PC,山东,14,5,4,148.3,0.27
2025-08-20,合同公示,直接访问,移动端,北京,28,11,8,172.0,0.41
2025-08-20,废标公告,付费推广,PC,山东,18,3,2,123.3,0.51
2025-08-20,投诉处理,外部链接,PC,广东,9,2,0,129.5,0.72
2025-08-20,合同公示,直接访问,移动端,北京,32,8,6,120.4,0.42
2025-08-20,招投标公告,直接访问,PC,浙江,8,1,0,130.4,0.21
2025-08-20,行业报告,直接访问,移动端,湖北,13,5,3,28.3,0.7
2025-08-20,投标保证金,直接访问,移动端,广东,18,7,4,102.1,0.5
2025-08-20,询价公告,站内,PC,浙江,45,11,9,115.1,0.26
2025-08-20,行业动态,站内,PC,上海,10,10,4,109.1,0.66
2025-08-20,招投标公告,付费推广,PC,四川,11,9,4,66.7,0.72
2025-08-20,政策解读,站内,移动端,山东,22,3,2,165.5,0.75
2025-08-20,资格预审,外部链接,移动端,广东,11,4,1,156.7,0.28
2025-08-20,工程招标,外部链接,移动端,江苏,10,3,2,107.1,0.31
2025-08-20,合同公示,直接访问,PC,江苏,29,11,6,51.0,0.53
2025-08-20,采购信息,外部链接,移动端,四川,27,10,7,151.1,0.34
2025-08-20,电子招投标,直接访问,移动端,浙江,22,2,1,106.8,0.19
2025-08-20,合同公示,直接访问,PC,江苏,12,3,2,19.6,0.38
2025-08-21,供应商查询,直接访问,移动端,上海,36,9,6,151.1,0.44
2025-08-21,政策解读,站内,移动端,江苏,9,10,4,69.5,0.6
2025-08-21,工程招标,站内,移动端,湖北,15,8,5,129.2,0.58
2025-08-21,项目立项,直接访问,移动端,江苏,22,1,0,144.0,0.56
2025-08-21,中标结果,外部链接,PC,四川,45,8,5,87.3,0.72
2025-08-21,履约信息,站内,PC,北京,33,5,2,32.6,0.2
2025-08-21,竞争性谈判,付费推广,PC,广东,29,2,1,159.6,0.73
2025-08-21,中标结果,外部链接,移动端,山东,17,8,5,20.3,0.26
2025-08-21,废标公告,直接访问,PC,四川,22,4,3,90.7,0.25
2025-08-21,招标代理,站内,移动端,上海,18,2,1,75.2,0.18
2025-08-21,中标公示,直接访问,移动端,四川,14,11,5,66.5,0.33
2025-08-21,采购信息,站内,移动端,浙江,33,5,4,93.0,0.52
2025-08-21,中标公示,直接访问,移动端,四川,13,5,2,162.2,0.26
2025-08-21,供应商查询,直接访问,PC,北京,23,9,5,38.1,0.44
2025-08-21,工程招标,外部链接,PC,湖北,40,6,3,47.5,0.64
2025-08-21,招投标公告,直接访问,移动端,上海,4,3,1,76.2,0.67
2025-08-21,工程招标,直接访问,PC,湖北,10,7,5,125.9,0.72
2025-08-21,评标专家,付费推广,PC,山东,20,9,5,139.7,0.62
2025-08-21,供应商查询,站内,移动端,湖北,26,3,1,21.4,0.24
2025-08-21,中标公示,站内,PC,四川,19,7,6,95.8,0.32
2025-08-21,招投标公告,直接访问,移动端,上海,29,4,2,60.7,0.57
2025-08-21,项目立项,直接访问,PC,北京,24,12,9,178.8,0.5
2025-08-21,评标结果,直接访问,PC,广东,21,5,4,20.9,0.27
2025-08-21,更正公告,直接访问,PC,浙江,9,4,2,100.6,0.54
2025-08-21,招标文件,直接访问,PC,四川,49,12,7,25.7,0.17
2025-08-21,招投标公告,站内,PC,山东,17,5,4,47.9,0.72
2025-08-21,供应商查询,直接访问,PC,广东,24,11,7,76.4,0.64
2025-08-21,单一来源,外部链接,移动端,浙江,22,11,5,161.7,0.23
2025-08-21,单一来源,直接访问,移动端,浙江,5,4,3,170.6,0.52
2025-08-21,招标文件,外部链接,移动端,上海,17,1,0,133.3,0.68
2025-08-21,框架协议,站内,移动端,四川,32,6,3,88.7,0.44
2025-08-21,政策解读,付费推广,移动端,上海,19,10,5,25.4,0.49
2025-08-21,投标保证金,外部链接,移动端,湖北,10,8,5,88.9,0.46
2025-08-21,行业动态,直接访问,移动端,浙江,20,3,1,130.9,0.68
2025-08-21,投标保证金,外部链接,移动端,江苏,34,5,4,61.5,0.22
2025-08-21,采购信息,外部链接,PC,上海,39,5,4,146.1,0.54
2025-08-21,采购信息,站内,PC,广东,28,11,6,31.5,0.57
2025-08-21,行业动态,站内,PC,江苏,31,6,5,75.6,0.59
2025-08-21,采购信息,直接访问,PC,北京,66,12,9,123.9,0.67
2025-08-21,评标结果,外部链接,移动端,浙江,16,6,3,90.3,0.59
2025-08-21,中标结果,直接访问,PC,山东,8,3,1,110.3,0.72
2025-08-21,工程招标,直接访问,PC,上海,12,7,5,41.3,0.41
2025-08-22,企业资质,付费推广,PC,上海,28,12,9,34.2,0.38
2025-08-22,招投标公告,直接访问,移动端,广东,9,3,1,41.1,0.53
2025-08-22,招投标公告,付费推广,移动端,北京,45,9,6,132.6,0.27
2025-08-22,中标公示,外部链接,PC,上海,11,5,2,27.1,0.57
2025-08-22,评标结果,直接访问,移动端,北京,20,9,4,18.2,0.28
2025-08-22,采购信息,直接访问,PC,江苏,33,4,3,161.2,0.64
2025-08-22,招投标公告,直接访问,PC,北京,9,5,2,76.4,0.7
2025-08-22,招投标公告,直接访问,PC,湖北,29,9,4,86.9,0.69
2025-08-22,政府采购,外部链接,PC,北京,41,5,4,61.0,0.69
2025-08-22,投标保证金,站内,移动端,上海,20,11,4,90.4,0.63
2025-08-22,投诉处理,站内,PC,湖北,16,12,6,179.2,0.26
2025-08-22,供应商查询,直接访问,PC,湖北,28,10,8,147.9,0.54
2025-08-22,采购信息,直接访问,PC,山东,22,9,5,31.5,0.58
2025-08-22,政策解读,站内,移动端,浙江,12,12,4,50.9,0.66
2025-08-22,供应商查询,外部链接,PC,北京,27,1,0,155.6,0.62
2025-08-22,工程招标,外部链接,移动端,湖北,3,4,1,139.0,0.22
2025-08-22,询价公告,直接访问,移动端,湖北,23,6,2,112.2,0.44
2025-08-22,行业报告,直接访问,PC,上海,18,2,0,152.6,0.4
2025-08-22,框架协议,外部链接,PC,江苏,26,8,4,144.6,0.57
2025-08-22,招标文件,直接访问,移动端,广东,14,10,7,82.2,0.4
2025-08-22,评标专家,外部链接,移动端,江苏,25,10,6,168.9,0.31
2025-08-22,招投标公告,直接访问,移动端,浙江,20,7,4,47.8,0.6
2025-08-22,行业动态,站内,移动端,山东,42,8,4,79.6,0.18
2025-08-22,供应商查询,直接访问,PC,北京,3,2,1,56.8,0.25
2025-08-22,招投标公告,直接访问,PC,江苏,9,4,2,61.6,0.74
2025-08-22,行业动态,外部链接,移动端,广东,0,1,0,176.8,0.6
2025-08-22,评标专家,外部链接,PC,湖北,34,12,6,127.3,0.35
2025-08-22,信用查询,外部链接,PC,上海,15,1,0,113.0,0.66
2025-08-22,招标文件,直接访问,PC,北京,35,12,5,128.4,0.23
2025-08-22,竞争性谈判,付费推广,PC,四川,27,8,6,76.4,0.66
2025-08-22,中标结果,站内,移动端,湖北,31,4,1,42.7,0.53
2025-08-22,中标公示,站内,PC,江苏,22,9,7,33.2,0.34
2025-08-22,招标代理,直接访问,PC,四川,26,6,2,143.1,0.3
2025-08-22,中标公示,直接访问,移动端,上海,5,2,1,76.9,0.32
2025-08-22,供应商查询,外部链接,移动端,山东,20,6,3,31.5,0.4
2025-08-22,中标结果,站内,移动端,广东,32,10,9,146.1,0.57
2025-08-22,行业动态,直接访问,PC,湖北,9,3,2,80.9,0.43
2025-08-22,招投标公告,外部链接,移动端,山东,29,2,0,173.4,0.39
2025-08-22,中标结果,直接访问,PC,四川,27,10,6,63.1,0.17
2025-08-22,工程招标,外部链接,移动端,四川,13,10,3,169.7,0.37
2025-08-22,中标结果,外部链接,PC,广东,38,11,6,46.5,0.24
2025-08-22,采购信息,直接访问,移动端,山东,17,7,4,152.5,0.21
2025-08-22,信用查询,直接访问,移动端,上海,23,4,2,95.0,0.56
2025-08-22,工程招标,外部链接,PC,湖北,2,1,0,135.1,0.5
2025-08-22,工程招标,外部链接,移动端,四川,29,1,0,41.9,0.67
2025-08-22,招投标公告,付费推广,PC,广东,34,8,7,90.8,0.73
2025-08-22,招投标公告,直接访问,移动端,湖北,33,12,7,79.2,0.36
2025-08-22,评标专家,付费推广,移动端,广东,13,6,4,163.3,0.45
2025-08-22,履约信息,外部链接,移动端,山东,38,7,4,105.9,0.46
2025-08-23,招投标公告,直接访问,PC,上海,36,9,6,64.2,0.55
2025-08-23,政府采购,外部链接,移动端,北京,3,2,1,123.2,0.52
2025-08-23,中标结果,外部链接,移动端,北京,27,11,6,65.0,0.4
2025-08-23,采购信息,外部链接,PC,浙江,51,8,7,146.6,0.43
2025-08-23,企业资质,外部链接,移动端,湖北,16,1,0,63.9,0.68
2025-08-23,采购信息,站内,移动端,湖北,21,11,5,20.5,0.24
2025-08-23,供应商查询,站内,移动端,四川,15,6,2,108.0,0.38
2025-08-23,资格预审,直接访问,PC,湖北,31,3,2,46.1,0.69
2025-08-23,政策解读,直接访问,PC,上海,38,9,3,141.5,0.7
2025-08-23,废标公告,直接访问,PC,北京,20,2,0,142.7,0.24
2025-08-23,资格预审,外部链接,移动端,湖北,14,1,0,120.8,0.62
2025-08-23,工程招标,外部链接,PC,浙江,52,9,7,60.2,0.18
2025-08-23,招投标公告,直接访问,PC,北京,4,2,1,41.0,0.31
2025-08-23,工程招标,直接访问,移动端,浙江,15,7,2,29.9,0.73
2025-08-23,招投标公告,外部链接,PC,四川,23,11,9,66.4,0.69
2025-08-23,项目立项,外部链接,移动端,北京,39,6,5,115.2,0.15
2025-08-23,政策解读,直接访问,PC,广东,12,9,3,158.4,0.22
2025-08-23,采购信息,直接访问,PC,上海,34,5,2,32.9,0.57
2025-08-23,合同公示,外部链接,移动端,湖北,24,9,8,46.0,0.56
2025-08-23,信用查询,直接访问,PC,江苏,21,3,2,161.0,0.4
2025-08-23,单一来源,站内,移动端,湖北,20,7,3,163.5,0.64
2025-08-23,中标结果,站内,移动端,江苏,27,10,5,22.9,0.26
2025-08-23,招标文件,站内,PC,北京,10,4,2,144.3,0.22
2025-08-23,招标文件,直接访问,PC,山东,33,10,8,28.7,0.32
2025-08-23,采购信息,直接访问,移动端,北京,53,10,8,140.5,0.34
2025-08-23,招标文件,直接访问,移动端,山东,3,1,0,38.1,0.25
2025-08-23,招标文件,直接访问,移动端,江苏,29,1,0,92.8,0.23
2025-08-23,投诉处理,直接访问,PC,广东,19,6,4,33.4,0.63
2025-08-23,竞争性谈判,直接访问,移动端,湖北,18,2,1,117.2,0.39
2025-08-23,询价公告,外部链接,移动端,北京,5,6,5,54.3,0.65
2025-08-23,工程招标,付费推广,移动端,湖北,25,4,1,164.2,0.37
2025-08-23,信用查询,付费推广,移动端,广东,7,5,4,25.8,0.33
2025-08-23,采购信息,外部链接,移动端,湖北,24,5,3,92.6,0.23
2025-08-23,更正公告,站内,移动端,湖北,22,11,6,103.5,0.5
2025-08-23,项目立项,付费推广,PC,山东,25,4,1,31.4,0.49
2025-08-23,履约信息,外部链接,移动端,浙江,17,12,4,52.4,0.55
2025-08-23,中标公示,直接访问,PC,四川,33,4,3,171.0,0.58
2025-08-23,合同公示,站内,PC,上海,26,4,3,158.6,0.46
2025-08-23,电子招投标,直接访问,PC,上海,9,11,5,92.7,0.21
2025-08-23,招投标公告,直接访问,PC,江苏,11,1,0,61.0,0.71
2025-08-23,招投标公告,直接访问,PC,湖北,24,9,4,77.9,0.18
2025-08-23,供应商查询,付费推广,PC,浙江,25,7,3,116.4,0.46
2025-08-23,招投标公告,直接访问,PC,北京,19,4,1,61.1,0.19
2025-08-23,招投标公告,直接访问,移动端,湖北,31,7,4,151.5,0.57
2025-08-23,中标公示,直接访问,PC,江苏,11,12,8,48.0,0.69
2025-08-24,中标公示,直接访问,移动端,浙江,6,3,1,48.3,0.69
2025-08-24,工程招标,直接访问,PC,四川,28,1,0,30.5,0.56
2025-08-24,更正公告,外部链接,移动端,广东,27,8,6,25.3,0.16
2025-08-24,政府采购,直接访问,PC,上海,11,3,2,148.2,0.35
2025-08-24,中标公示,直接访问,PC,山东,28,5,2,75.1,0.58
2025-08-24,信用查询,站内,移动端,山东,5,2,1,176.5,0.66
2025-08-24,项目立项,直接访问,PC,浙江,39,10,7,51.4,0.2
2025-08-24,企业资质,直接访问,PC,江苏,62,11,8,159.9,0.25
2025-08-24,企业资质,直接访问,PC,湖北,20,5,2,102.3,0.36
2025-08-24,资格预审,直接访问,PC,四川,17,5,2,168.2,0.24
2025-08-24,政府采购,外部链接,PC,上海,28,5,3,65.7,0.42
2025-08-24,采购信息,站内,PC,山东,24,5,1,153.1,0.18
2025-08-24,工程招标,站内,移动端,上海,25,2,1,49.9,0.5
2025-08-24,招投标公告,直接访问,PC,四川,25,4,3,82.7,0.69
2025-08-24,信用查询,付费推广,移动端,上海,40,10,5,111.7,0.56
2025-08-24,工程招标,直接访问,移动端,江苏,21,5,1,47.7,0.62
2025-08-24,废标公告,直接访问,PC,四川,35,9,7,75.4,0.43
2025-08-24,评标专家,外部链接,移动端,广东,23,7,2,164.9,0.62
2025-08-24,行业报告,直接访问,移动端,江苏,4,1,0,83.3,0.15
2025-08-24,投标保证金,站内,PC,广东,10,2,0,114.3,0.64
2025-08-24,行业动态,外部链接,移动端,北京,30,12,8,51.2,0.24
2025-08-24,单一来源,外部链接,PC,上海,28,5,3,96.6,0.56
2025-08-24,工程招标,直接访问,移动端,北京,9,9,3,94.7,0.65
2025-08-24,中标结果,直接访问,PC,湖北,40,8,7,155.3,0.31
2025-08-24,资格预审,直接访问,移动端,北京,8,7,3,41.0,0.6
2025-08-24,采购信息,外部链接,移动端,浙江,33,8,4,34.2,0.5
2025-08-24,供应商查询,直接访问,PC,北京,20,8,4,22.5,0.42
2025-08-24,行业动态,直接访问,PC,山东,30,1,0,40.6,0.68
2025-08-24,中标公示,直接访问,PC,浙江,36,6,5,28.2,0.54
2025-08-24,招标文件,站内,PC,上海,38,5,3,81.8,0.7
2025-08-24,合同公示,直接访问,PC,上海,25,10,7,131.0,0.5
2025-08-24,行业报告,外部链接,移动端,北京,7,1,0,33.6,0.21
2025-08-24,招标代理,外部链接,移动端,浙江,25,2,1,162.6,0.6
2025-08-24,中标结果,直接访问,移动端,北京,14,1,0,141.7,0.51
2025-08-24,废标公告,付费推广,PC,山东,10,7,2,58.9,0.41
2025-08-24,招标文件,直接访问,PC,浙江,7,2,1,23.4,0.23
2025-08-24,招投标公告,站内,移动端,北京,14,6,2,152.8,0.49
2025-08-24,中标公示,直接访问,移动端,上海,31,2,1,29.5,0.2
2025-08-24,电子招投标,直接访问,PC,浙江,0,1,0,54.3,0.71
2025-08-24,企业资质,直接访问,移动端,北京,19,3,2,111.2,0.66
2025-08-24,招标代理,外部链接,PC,广东,24,9,6,94.3,0.7
2025-08-24,采购信息,直接访问,PC,江苏,6,4,2,51.1,0.64
2025-08-24,招标文件,站内,移动端,广东,13,4,2,176.9,0.72
2025-08-24,行业报告,外部链接,PC,山东,4,3,1,23.8,0.45
2025-08-24,合同公示,直接访问,PC,浙江,24,1,0,144.7,0.27
2025-08-24,资格预审,直接访问,移动端,广东,44,9,5,79.1,0.23
2025-08-24,询价公告,外部链接,PC,北京,38,10,9,49.4,0.41
2025-08-24,招投标公告,直接访问,移动端,浙江,30,7,5,20.4,0.58
2025-08-24,开标记录,直接访问,PC,上海,22,5,1,124.1,0.3
2025-08-24,招标文件,外部链接,PC,北京,42,11,4,106.1,0.45
2025-08-24,单一来源,直接访问,移动端,浙江,42,8,6,107.3,0.67
2025-08-24,采购信息,站内,PC,北京,22,1,0,172.0,0.44
2025-08-24,招投标公告,付费推广,移动端,浙江,9,5,3,78.3,0.64
2025-08-24,工程招标,付费推广,移动端,山东,8,2,0,63.0,0.38
2025-08-25,招投标公告,站内,PC,广东,10,7,3,51.3,0.26
2025-08-25,中标结果,直接访问,PC,四川,29,1,0,152.2,0.31
2025-08-25,框架协议,直接访问,PC,湖北,30,7,5,35.7,0.38
2025-08-25,竞争性谈判,外部链接,移动端,山东,17,7,4,173.6,0.43
2025-08-25,法律法规,直接访问,移动端,江苏,16,11,9,143.0,0.33
2025-08-25,行业动态,直接访问,PC,江苏,8,11,5,67.7,0.55
2025-08-25,废标公告,站内,PC,广东,32,8,2,76.1,0.53
2025-08-25,行业动态,直接访问,移动端,北京,42,5,4,28.4,0.26
2025-08-25,框架协议,直接访问,移动端,上海,31,4,2,118.1,0.18
2025-08-25,工程招标,直接访问,移动端,山东,11,10,5,172.2,0.75
2025-08-25,投诉处理,直接访问,移动端,四川,23,9,6,35.7,0.45
2025-08-25,招投标公告,直接访问,PC,四川,52,11,6,63.9,0.16
2025-08-25,资格预审,直接访问,移动端,四川,40,8,7,23.0,0.37
2025-08-25,招标文件,直接访问,移动端,北京,28,10,4,134.0,0.6
2025-08-25,电子招投标,站内,移动端,湖北,18,10,3,141.5,0.54
2025-08-25,评标专家,付费推广,移动端,湖北,25,9,6,94.5,0.46
2025-08-25,中标结果,直接访问,移动端,江苏,13,4,2,91.8,0.6
2025-08-25,工程招标,直接访问,移动端,湖北,31,6,2,76.7,0.44
2025-08-25,采购信息,站内,PC,上海,37,9,4,112.7,0.23
2025-08-25,采购信息,直接访问,PC,北京,26,7,4,98.1,0.68
2025-08-25,工程招标,直接访问,PC,上海,27,2,1,34.4,0.67
2025-08-25,废标公告,直接访问,PC,北京,32,3,1,86.4,0.23
2025-08-25,询价公告,直接访问,PC,四川,27,6,4,25.3,0.59
2025-08-25,供应商查询,直接访问,PC,山东,51,12,9,95.3,0.23
2025-08-25,工程招标,站内,移动端,北京,27,3,2,123.2,0.38
2025-08-25,中标结果,外部链接,移动端,北京,7,4,2,109.4,0.69
2025-08-25,行业报告,站内,PC,四川,36,7,3,41.2,0.64
2025-08-25,单一来源,付费推广,PC,江苏,27,10,8,74.3,0.25
2025-08-25,招标文件,外部链接,PC,上海,31,5,4,140.1,0.7
2025-08-25,项目立项,直接访问,PC,上海,30,1,0,162.3,0.47
2025-08-25,工程招标,外部链接,移动端,四川,31,4,2,90.1,0.23
2025-08-25,中标结果,付费推广,移动端,北京,32,8,6,32.1,0.23
2025-08-25,采购信息,外部链接,移动端,北京,19,12,9,43.4,0.35
2025-08-25,中标结果,站内,移动端,北京,21,12,8,34.3,0.57
2025-08-25,政策解读,直接访问,移动端,广东,18,11,7,113.0,0.67
2025-08-25,采购信息,直接访问,PC,山东,10,3,2,50.2,0.68
2025-08-25,评标专家,站内,移动端,广东,26,7,2,46.9,0.4
2025-08-26,资格预审,外部链接,PC,四川,38,8,5,66.6,0.29
2025-08-26,招标文件,外部链接,移动端,湖北,29,10,5,33.6,0.22
2025-08-26,履约信息,站内,PC,山东,11,6,2,46.5,0.72
2025-08-26,项目立项,直接访问,PC,上海,43,8,6,84.7,0.29
2025-08-26,招标文件,外部链接,移动端,湖北,8,1,0,127.3,0.4
2025-08-26,投标保证金,直接访问,PC,广东,16,5,3,121.1,0.18
2025-08-26,中标结果,直接访问,移动端,浙江,16,11,4,116.0,0.16
2025-08-26,竞争性谈判,站内,PC,四川,24,6,4,26.0,0.28
2025-08-26,政策解读,付费推广,移动端,湖北,39,12,5,78.6,0.4
2025-08-26,行业动态,直接访问,PC,广东,37,9,3,96.6,0.24
2025-08-26,招标文件,直接访问,移动端,浙江,26,1,0,145.0,0.54
2025-08-26,工程招标,站内,PC,北京,0,2,0,20.4,0.65
2025-08-26,资格预审,直接访问,移动端,湖北,34,4,3,70.4,0.46
2025-08-26,招投标公告,直接访问,PC,江苏,37,11,7,87.6,0.28
2025-08-26,供应商查询,直接访问,PC,浙江,31,7,2,81.8,0.37
2025-08-26,行业动态,直接访问,PC,广东,31,7,5,95.2,0.22
2025-08-26,招标文件,直接访问,移动端,北京,29,2,1,170.6,0.51
2025-08-26,招投标公告,直接访问,移动端,浙江,13,1,0,68.5,0.35
2025-08-26,工程招标,直接访问,移动端,湖北,24,1,0,109.1,0.44
2025-08-26,中标公示,付费推广,PC,山东,36,12,7,35.0,0.57
2025-08-26,供应商查询,站内,PC,北京,2,3,1,161.5,0.45
2025-08-26,评标结果,外部链接,PC,湖北,15,7,2,179.3,0.58
2025-08-26,履约信息,直接访问,PC,四川,23,10,7,102.8,0.27
2025-08-26,资格预审,站内,PC,江苏,41,8,4,139.0,0.75
2025-08-26,招标代理,直接访问,移动端,山东,4,1,0,94.2,0.75
2025-08-26,招投标公告,站内,PC,北京,6,9,5,119.2,0.51
2025-08-26,招投标公告,外部链接,移动端,四川,14,11,3,64.0,0.7
2025-08-26,中标结果,站内,PC,湖北,8,5,3,114.0,0.21
2025-08-26,采购信息,直接访问,移动端,上海,34,9,6,111.3,0.66
2025-08-26,资格预审,付费推广,移动端,山东,8,4,1,32.8,0.63
2025-08-26,工程招标,直接访问,移动端,四川,5,2,1,100.9,0.41
2025-08-26,项目立项,直接访问,PC,北京,32,4,2,80.5,0.43
2025-08-26,招标文件,外部链接,PC,浙江,28,3,2,41.1,0.41
2025-08-26,中标结果,外部链接,PC,北京,26,9,7,22.1,0.37
2025-08-26,中标公示,外部链接,移动端,浙江,24,10,6,78.6,0.71
2025-08-26,法律法规,直接访问,PC,浙江,3,1,0,165.6,0.7
2025-08-26,中标公示,直接访问,PC,江苏,28,11,6,132.1,0.31
2025-08-26,招投标公告,外部链接,PC,山东,33,10,7,94.7,0.67
2025-08-26,单一来源,站内,PC,广东,38,10,8,137.3,0.67
2025-08-26,工程招标,直接访问,移动端,广东,15,8,5,33.8,0.48
2025-08-26,法律法规,直接访问,移动端,广东,40,6,4,132.9,0.69
2025-08-26,行业报告,付费推广,PC,湖北,7,7,5,49.3,0.61
2025-08-26,工程招标,直接访问,PC,广东,17,5,3,120.9,0.66
2025-08-27,招标文件,外部链接,PC,山东,26,10,8,168.7,0.2
2025-08-27,企业资质,直接访问,PC,四川,31,10,7,45.4,0.16
2025-08-27,评标结果,外部链接,移动端,浙江,31,5,4,140.4,0.23
2025-08-27,招投标公告,站内,PC,上海,36,10,5,48.5,0.68
2025-08-27,工程招标,直接访问,移动端,江苏,14,2,1,143.1,0.46
2025-08-27,废标公告,外部链接,PC,湖北,24,3,1,88.3,0.54
2025-08-27,政府采购,直接访问,PC,江苏,10,2,1,53.4,0.31
2025-08-27,企业资质,外部链接,移动端,山东,14,3,1,109.3,0.54
2025-08-27,信用查询,直接访问,PC,四川,10,1,0,72.5,0.69
2025-08-27,工程招标,直接访问,PC,上海,18,1,0,111.3,0.41
2025-08-27,供应商查询,站内,PC,四川,29,10,5,24.5,0.71
2025-08-27,采购信息,付费推广,移动端,北京,42,7,4,111.6,0.51
2025-08-27,工程招标,直接访问,PC,浙江,35,10,7,72.0,0.73
2025-08-27,投诉处理,直接访问,移动端,四川,16,8,4,124.7,0.27
2025-08-27,工程招标,直接访问,PC,浙江,8,7,2,128.9,0.66
2025-08-27,供应商查询,外部链接,PC,山东,41,9,6,94.5,0.38
2025-08-27,中标公示,直接访问,移动端,湖北,14,3,1,143.3,0.69
2025-08-27,开标记录,站内,PC,湖北,33,9,3,137.9,0.5
2025-08-27,采购信息,外部链接,移动端,四川,22,6,3,115.1,0.39
2025-08-27,招投标公告,直接访问,PC,广东,12,4,2,80.2,0.26
2025-08-27,工程招标,直接访问,移动端,山东,5,1,0,44.5,0.56
2025-08-27,废标公告,外部链接,PC,北京,14,11,9,69.7,0.49
2025-08-27,供应商查询,外部链接,PC,湖北,28,7,5,59.9,0.53
2025-08-27,资格预审,站内,PC,四川,21,8,6,145.3,0.74
2025-08-27,政策解读,直接访问,移动端,上海,6,1,0,101.4,0.52
2025-08-27,履约信息,直接访问,PC,广东,15,2,1,26.1,0.51
2025-08-27,供应商查询,直接访问,移动端,广东,23,9,4,85.6,0.42
2025-08-27,招标文件,直接访问,PC,广东,17,9,6,31.6,0.21
2025-08-27,竞争性谈判,外部链接,PC,江苏,39,6,5,151.7,0.65
2025-08-27,竞争性谈判,外部链接,PC,北京,25,6,3,176.2,0.53
2025-08-27,履约信息,直接访问,移动端,北京,28,6,5,82.9,0.26
2025-08-27,单一来源,站内,移动端,北京,30,7,6,60.3,0.33
2025-08-27,政策解读,站内,PC,广东,32,6,4,169.5,0.31
2025-08-27,政府采购,直接访问,PC,广东,31,10,5,64.2,0.15
2025-08-27,工程招标,站内,移动端,江苏,12,5,3,53.9,0.16
2025-08-28,采购信息,外部链接,移动端,山东,32,10,5,81.0,0.71
2025-08-28,招投标公告,直接访问,PC,山东,10,3,1,104.2,0.25
2025-08-28,供应商查询,直接访问,移动端,北京,20,11,6,51.6,0.74
2025-08-28,供应商查询,直接访问,PC,山东,19,1,0,75.0,0.41
2025-08-28,法律法规,直接访问,移动端,山东,16,4,2,116.4,0.66
2025-08-28,招投标公告,直接访问,移动端,江苏,25,3,2,84.2,0.6
2025-08-28,中标结果,外部链接,PC,四川,28,11,4,104.8,0.39
2025-08-28,更正公告,外部链接,PC,山东,16,3,2,64.7,0.47
2025-08-28,招标文件,外部链接,PC,北京,29,7,4,84.5,0.53
2025-08-28,资格预审,直接访问,移动端,北京,54,10,6,21.7,0.52
2025-08-28,工程招标,外部链接,移动端,四川,17,1,0,100.8,0.27
2025-08-28,企业资质,外部链接,移动端,浙江,12,3,1,39.5,0.19
2025-08-28,招投标公告,外部链接,PC,山东,28,4,3,121.9,0.63
2025-08-28,废标公告,站内,移动端,浙江,6,8,6,139.3,0.56
2025-08-28,供应商查询,外部链接,PC,湖北,31,2,1,134.0,0.22
2025-08-28,电子招投标,外部链接,PC,广东,13,8,4,149.5,0.65
2025-08-28,竞争性谈判,直接访问,PC,山东,9,7,5,155.2,0.6
2025-08-28,行业报告,站内,移动端,四川,39,7,5,57.4,0.44
2025-08-28,采购信息,直接访问,移动端,山东,38,12,7,60.1,0.33
2025-08-28,中标结果,站内,移动端,江苏,10,10,3,102.5,0.17
2025-08-28,履约信息,外部链接,移动端,江苏,30,12,5,133.5,0.55
2025-08-28,工程招标,站内,PC,江苏,6,7,3,155.8,0.5
2025-08-28,工程招标,直接访问,PC,湖北,21,8,5,122.3,0.5
2025-08-28,中标公示,外部链接,PC,山东,21,11,4,96.4,0.38
2025-08-28,项目立项,直接访问,PC,浙江,21,4,1,49.9,0.45
2025-08-28,行业动态,外部链接,PC,浙江,17,12,5,119.5,0.72
2025-08-28,政策解读,直接访问,移动端,北京,7,1,0,59.5,0.59
2025-08-28,政府采购,外部链接,PC,山东,20,3,1,63.0,0.6
2025-08-28,单一来源,付费推广,移动端,上海,15,9,4,57.5,0.61
2025-08-28,中标公示,直接访问,移动端,广东,10,6,4,95.5,0.42
2025-08-28,中标公示,直接访问,移动端,山东,39,5,3,164.6,0.58
2025-08-28,中标结果,外部链接,移动端,山东,19,1,0,61.9,0.53
2025-08-28,招标文件,外部链接,PC,江苏,18,5,4,62.6,0.49
2025-08-28,招标文件,直接访问,移动端,上海,23,8,2,44.4,0.19
2025-08-28,中标结果,直接访问,移动端,山东,14,6,4,144.2,0.61
2025-08-28,采购信息,外部链接,PC,山东,20,2,1,126.8,0.34
2025-08-28,工程招标,直接访问,PC,上海,51,10,7,101.7,0.43
2025-08-28,行业报告,直接访问,移动端,浙江,20,5,3,41.5,0.35
2025-08-28,供应商查询,站内,PC,湖北,20,10,5,141.5,0.39
2025-08-28,投诉处理,直接访问,移动端,山东,8,5,1,125.3,0.3
2025-08-28,废标公告,直接访问,PC,湖北,33,6,4,52.8,0.45
2025-08-28,更正公告,直接访问,PC,四川,58,12,7,175.3,0.18
2025-08-28,项目立项,外部链接,移动端,山东,9,4,2,34.4,0.53
2025-08-28,采购信息,直接访问,移动端,北京,13,8,3,176.3,0.59
2025-08-28,开标记录,站内,移动端,浙江,16,9,3,110.8,0.61
2025-08-29,行业动态,站内,移动端,上海,33,2,1,156.3,0.69
2025-08-29,中标结果,站内,PC,山东,12,4,2,127.8,0.57
2025-08-29,采购信息,站内,PC,北京,49,11,6,96.8,0.18
2025-08-29,政策解读,付费推广,PC,广东,35,10,5,99.7,0.63
2025-08-29,电子招投标,外部链接,移动端,北京,21,12,4,144.5,0.47
2025-08-29,投标保证金,站内,PC,山东,38,10,7,29.8,0.56
2025-08-29,开标记录,外部链接,移动端,上海,30,11,5,111.2,0.42
2025-08-29,电子招投标,站内,移动端,广东,23,7,4,152.2,0.16
2025-08-29,采购信息,直接访问,PC,浙江,38,10,7,92.2,0.55
2025-08-29,框架协议,外部链接,PC,上海,15,4,3,47.4,0.17
2025-08-29,资格预审,站内,移动端,四川,32,2,1,55.3,0.28
2025-08-29,招标文件,直接访问,PC,浙江,11,6,2,153.1,0.38
2025-08-29,中标结果,站内,移动端,湖北,6,1,0,51.3,0.38
2025-08-29,开标记录,直接访问,PC,北京,32,3,2,97.2,0.51
2025-08-29,单一来源,直接访问,PC,北京,28,9,4,36.1,0.42
2025-08-29,招投标公告,站内,PC,北京,35,6,3,28.6,0.72
2025-08-29,合同公示,直接访问,移动端,湖北,29,8,2,122.9,0.34
2025-08-29,工程招标,直接访问,移动端,上海,36,9,3,24.3,0.51
2025-08-29,采购信息,站内,PC,湖北,31,3,1,102.0,0.24
2025-08-29,投标保证金,外部链接,PC,北京,11,3,1,83.4,0.37
2025-08-29,废标公告,外部链接,PC,广东,9,6,2,137.1,0.24
2025-08-29,供应商查询,外部链接,移动端,上海,31,3,1,54.1,0.4
2025-08-29,招投标公告,付费推广,PC,湖北,14,9,5,95.2,0.69
2025-08-29,采购信息,直接访问,PC,北京,14,8,5,53.5,0.23
2025-08-29,招标代理,直接访问,PC,北京,13,12,6,54.6,0.26
2025-08-29,项目立项,直接访问,移动端,江苏,24,3,1,41.5,0.59
2025-08-29,更正公告,站内,移动端,广东,7,4,3,120.8,0.65
2025-08-29,采购信息,直接访问,PC,山东,32,8,6,158.9,0.73
2025-08-29,供应商查询,付费推广,PC,江苏,35,9,5,142.5,0.7
2025-08-29,招标文件,站内,PC,山东,26,9,5,156.7,0.61
2025-08-29,采购信息,站内,PC,广东,20,9,3,152.5,0.22
2025-08-29,询价公告,直接访问,PC,山东,34,7,4,158.4,0.45
2025-08-29,供应商查询,付费推广,移动端,浙江,28,3,2,20.7,0.59
2025-08-29,供应商查询,外部链接,PC,广东,32,9,5,171.4,0.47
2025-08-29,供应商查询,直接访问,PC,浙江,47,12,5,50.8,0.18
2025-08-29,投诉处理,直接访问,PC,湖北,31,8,4,170.0,0.15
2025-08-29,采购信息,外部链接,PC,北京,4,1,0,95.9,0.25
2025-08-29,投诉处理,付费推广,移动端,湖北,26,3,2,49.3,0.65
2025-08-29,招投标公告,付费推广,PC,湖北,8,2,1,89.8,0.55
2025-08-29,框架协议,直接访问,PC,江苏,19,9,3,125.0,0.33
2025-08-29,工程招标,站内,PC,北京,48,12,6,178.0,0.38
2025-08-29,信用查询,直接访问,PC,上海,56,12,8,65.2,0.46
2025-08-29,招投标公告,站内,移动端,四川,38,4,3,131.7,0.41
2025-08-30,评标结果,站内,PC,江苏,22,5,3,126.1,0.3
2025-08-30,供应商查询,直接访问,移动端,山东,22,4,2,88.3,0.31
2025-08-30,法律法规,站内,PC,湖北,25,10,6,115.5,0.5
2025-08-30,投标保证金,付费推广,移动端,北京,34,4,2,81.8,0.6
2025-08-30,招标文件,站内,移动端,广东,41,7,5,165.1,0.28
2025-08-30,工程招标,外部链接,PC,江苏,47,7,5,162.3,0.37
2025-08-30,政府采购,直接访问,移动端,江苏,32,8,6,131.3,0.53
2025-08-30,框架协议,直接访问,移动端,四川,42,12,6,150.1,0.66
2025-08-30,更正公告,直接访问,移动端,浙江,33,6,4,135.0,0.53
2025-08-30,招标文件,外部链接,PC,湖北,19,4,2,72.6,0.41
2025-08-30,供应商查询,直接访问,PC,广东,29,2,0,100.0,0.54
2025-08-30,招标文件,外部链接,PC,北京,31,4,1,60.7,0.58
2025-08-30,政策解读,直接访问,移动端,北京,46,12,9,110.4,0.2
2025-08-30,法律法规,直接访问,PC,上海,25,11,10,54.4,0.57
2025-08-30,采购信息,站内,PC,浙江,32,3,1,21.4,0.52
2025-08-30,废标公告,直接访问,移动端,浙江,32,7,3,111.2,0.69
2025-08-30,供应商查询,直接访问,移动端,四川,34,5,2,167.9,0.29
2025-08-30,政策解读,直接访问,移动端,四川,13,12,5,176.9,0.62
2025-08-30,政策解读,外部链接,PC,浙江,26,12,6,61.6,0.65
2025-08-30,中标公示,直接访问,移动端,北京,21,3,1,123.3,0.69
2025-08-30,中标公示,站内,PC,四川,21,2,1,58.8,0.69
2025-08-30,招投标公告,外部链接,PC,上海,21,7,3,105.2,0.55
2025-08-30,招标文件,外部链接,移动端,湖北,33,3,2,19.1,0.52
2025-08-30,询价公告,直接访问,PC,北京,35,10,3,44.1,0.27
2025-08-30,投诉处理,站内,移动端,上海,23,1,0,37.4,0.2
2025-08-30,评标专家,外部链接,移动端,湖北,16,7,3,155.3,0.26
2025-08-30,招标文件,直接访问,PC,江苏,21,8,3,50.5,0.36
2025-08-30,合同公示,直接访问,PC,北京,21,9,4,27.6,0.37
2025-08-30,工程招标,付费推广,PC,广东,28,6,3,164.6,0.49
2025-08-30,更正公告,付费推广,PC,山东,6,3,1,159.3,0.7
2025-08-30,行业报告,外部链接,移动端,上海,12,9,3,118.8,0.71
2025-08-30,信用查询,站内,PC,江苏,22,5,2,102.0,0.69
2025-08-30,中标公示,外部链接,移动端,四川,53,8,7,90.6,0.22
2025-08-30,行业动态,直接访问,PC,浙江,13,8,3,76.0,0.7
2025-08-30,企业资质,站内,移动端,北京,38,9,3,103.4,0.5
2025-08-30,政策解读,直接访问,PC,浙江,32,5,2,50.1,0.72
2025-08-31,供应商查询,直接访问,PC,山东,23,2,1,81.0,0.45
2025-08-31,电子招投标,直接访问,移动端,广东,44,9,7,32.4,0.69
2025-08-31,单一来源,外部链接,PC,四川,5,12,4,174.6,0.38
2025-08-31,招标文件,外部链接,移动端,湖北,30,12,7,78.1,0.57
2025-08-31,企业资质,直接访问,移动端,浙江,27,12,6,51.5,0.53
2025-08-31,招投标公告,付费推广,PC,北京,23,5,1,149.8,0.65
2025-08-31,法律法规,付费推广,移动端,四川,23,7,2,57.9,0.55
2025-08-31,履约信息,直接访问,移动端,江苏,22,4,3,129.8,0.4
2025-08-31,中标结果,直接访问,移动端,山东,13,5,3,130.8,0.42
2025-08-31,项目立项,直接访问,移动端,北京,10,3,2,47.7,0.35
2025-08-31,评标专家,直接访问,移动端,湖北,36,5,3,110.4,0.22
2025-08-31,工程招标,站内,移动端,北京,18,9,7,102.0,0.17
2025-08-31,中标公示,直接访问,PC,湖北,8,3,1,88.6,0.37
2025-08-31,单一来源,直接访问,移动端,浙江,21,4,3,20.3,0.24
2025-08-31,更正公告,直接访问,PC,山东,15,4,3,79.6,0.72
2025-08-31,政策解读,直接访问,移动端,四川,35,11,8,89.4,0.66
2025-08-31,资格预审,直接访问,PC,四川,13,1,0,101.9,0.16
2025-08-31,竞争性谈判,站内,PC,广东,4,3,2,79.8,0.49
2025-08-31,开标记录,站内,PC,浙江,4,11,4,123.1,0.7
2025-08-31,招标代理,外部链接,PC,湖北,33,8,6,97.5,0.3
2025-08-31,投诉处理,外部链接,PC,上海,22,8,5,41.4,0.53
2025-08-31,工程招标,付费推广,移动端,上海,41,6,4,66.6,0.18
2025-08-31,中标结果,站内,移动端,湖北,12,3,2,170.6,0.4
2025-08-31,中标结果,站内,PC,湖北,33,8,4,82.6,0.58
2025-08-31,工程招标,直接访问,PC,浙江,52,12,8,93.1,0.67
2025-08-31,投标保证金,直接访问,PC,湖北,13,3,1,164.6,0.72
2025-08-31,履约信息,直接访问,PC,四川,57,9,7,101.8,0.26
2025-08-31,中标结果,外部链接,PC,上海,28,5,4,83.1,0.62
2025-08-31,工程招标,直接访问,PC,上海,25,8,4,33.7,0.19
2025-08-31,招投标公告,付费推广,移动端,四川,9,2,1,138.5,0.72
2025-08-31,招标文件,直接访问,移动端,四川,47,10,8,72.9,0.26
2025-08-31,招标文件,站内,PC,上海,9,3,1,109.0,0.53
2025-08-31,询价公告,直接访问,移动端,浙江,31,2,1,90.1,0.6
2025-08-31,工程招标,直接访问,PC,上海,29,1,0,89.4,0.49
2025-08-31,中标结果,直接访问,PC,四川,17,6,5,46.7,0.52
2025-08-31,政府采购,付费推广,PC,浙江,16,11,5,115.7,0.63
2025-08-31,招投标公告,站内,PC,上海,26,6,5,63.4,0.46
2025-08-31,企业资质,外部链接,移动端,广东,23,11,5,90.7,0.41
2025-08-31,招投标公告,站内,移动端,山东,8,11,4,159.3,0.71
2025-08-31,招投标公告,外部链接,PC,浙江,26,8,4,126.8,0.57
2025-08-31,招标文件,站内,移动端,湖北,40,7,5,74.1,0.31
2025-08-31,工程招标,直接访问,PC,山东,39,11,4,100.4,0.22
2025-08-31,开标记录,站内,PC,北京,20,3,1,147.8,0.62
2025-08-31,更正公告,直接访问,PC,四川,32,10,3,159.5,0.62
2025-08-31,招投标公告,直接访问,移动端,浙江,22,12,10,134.4,0.2
2025-08-31,中标结果,外部链接,PC,北京,21,7,3,150.4,0.57
2025-08-31,中标公示,站内,PC,广东,5,8,3,46.5,0.27
2025-08-31,工程招标,外部链接,移动端,北京,23,12,9,155.5,0.6
2025-09-01,工程招标,外部链接,移动端,湖北,25,9,6,58.7,0.36
2025-09-01,采购信息,直接访问,移动端,江苏,4,5,3,28.2,0.36
2025-09-01,竞争性谈判,外部链接,移动端,北京,32,11,8,176.3,0.55
2025-09-01,招标文件,站内,移动端,北京,26,10,4,76.0,0.64
2025-09-01,供应商查询,直接访问,PC,浙江,24,4,2,75.2,0.43
2025-09-01,中标公示,付费推广,移动端,湖北,38,8,6,42.7,0.59
2025-09-01,供应商查询,付费推广,移动端,四川,24,7,6,77.2,0.41
2025-09-01,开标记录,付费推广,PC,上海,19,4,1,42.3,0.35
2025-09-01,招投标公告,直接访问,PC,江苏,17,4,1,88.5,0.66
2025-09-01,中标公示,外部链接,PC,北京,23,2,1,64.9,0.29
2025-09-01,评标专家,站内,PC,广东,29,5,3,68.3,0.52
2025-09-01,资格预审,外部链接,PC,四川,23,12,6,109.6,0.43
2025-09-01,招投标公告,直接访问,PC,四川,35,12,5,166.3,0.73
2025-09-01,电子招投标,外部链接,移动端,四川,40,12,5,70.1,0.53
2025-09-01,投诉处理,直接访问,移动端,浙江,36,4,2,21.1,0.46
2025-09-01,招投标公告,站内,移动端,北京,17,9,5,90.8,0.62
2025-09-01,投标保证金,直接访问,PC,广东,13,8,3,75.7,0.52
2025-09-01,行业动态,站内,移动端,山东,34,6,4,149.3,0.26
2025-09-01,企业资质,外部链接,PC,广东,37,12,10,146.1,0.4
2025-09-01,开标记录,直接访问,PC,上海,6,5,1,77.7,0.62
2025-09-01,法律法规,直接访问,PC,上海,21,10,6,169.8,0.42
2025-09-01,工程招标,外部链接,PC,上海,6,6,5,158.6,0.48
2025-09-01,供应商查询,直接访问,移动端,广东,30,11,6,46.8,0.52
2025-09-01,框架协议,外部链接,PC,广东,21,9,3,28.3,0.19
2025-09-01,工程招标,外部链接,移动端,浙江,13,2,1,31.1,0.36
2025-09-01,招投标公告,直接访问,PC,湖北,33,11,8,151.3,0.64
2025-09-01,中标结果,直接访问,移动端,江苏,2,4,1,122.2,0.57
2025-09-01,中标公示,直接访问,移动端,上海,15,3,1,140.5,0.55
2025-09-01,招投标公告,站内,PC,湖北,24,9,3,23.8,0.29
2025-09-01,中标公示,直接访问,PC,四川,26,9,7,52.5,0.47
2025-09-01,企业资质,站内,PC,四川,34,9,5,116.4,0.35
2025-09-01,招标文件,直接访问,PC,江苏,14,8,2,47.9,0.17
2025-09-01,投标保证金,站内,移动端,浙江,47,10,7,129.7,0.28
2025-09-01,行业报告,直接访问,PC,浙江,30,10,8,100.8,0.34
2025-09-01,采购信息,直接访问,PC,山东,32,12,6,177.4,0.51
2025-09-01,工程招标,外部链接,移动端,江苏,20,11,9,117.9,0.68
2025-09-01,更正公告,外部链接,移动端,江苏,23,1,0,110.0,0.25
2025-09-01,招投标公告,直接访问,PC,湖北,18,12,10,85.6,0.16
2025-09-01,框架协议,站内,PC,江苏,17,8,7,166.9,0.6
2025-09-01,政府采购,直接访问,移动端,山东,24,3,1,56.0,0.67
2025-09-01,行业报告,外部链接,PC,山东,8,2,1,28.6,0.56
2025-09-01,招投标公告,外部链接,移动端,湖北,23,3,2,28.2,0.61
2025-09-02,询价公告,站内,PC,江苏,7,1,0,129.7,0.64
2025-09-02,法律法规,直接访问,移动端,湖北,57,9,8,55.5,0.66
2025-09-02,招投标公告,直接访问,移动端,山东,36,8,5,164.1,0.59
2025-09-02,政策解读,直接访问,移动端,湖北,20,3,2,177.3,0.61
2025-09-02,工程招标,外部链接,移动端,湖北,24,6,5,59.0,0.23
2025-09-02,招标代理,外部链接,PC,上海,19,1,0,73.3,0.53
2025-09-02,单一来源,站内,移动端,浙江,52,12,6,36.1,0.45
2025-09-02,招投标公告,直接访问,PC,上海,30,12,5,36.9,0.59
2025-09-02,投标保证金,外部链接,PC,湖北,30,4,2,139.8,0.21
2025-09-02,合同公示,外部链接,移动端,浙江,19,12,4,41.4,0.19
2025-09-02,评标专家,直接访问,PC,浙江,12,9,6,20.6,0.33
2025-09-02,工程招标,站内,移动端,北京,16,5,3,171.1,0.55
2025-09-02,招投标公告,外部链接,PC,四川,28,4,2,117.6,0.18
2025-09-02,中标公示,直接访问,PC,广东,36,5,3,105.3,0.21
2025-09-02,政府采购,外部链接,PC,山东,24,1,0,164.8,0.43
2025-09-02,行业动态,直接访问,移动端,北京,19,8,4,115.8,0.43
2025-09-02,招标文件,外部链接,移动端,山东,2,4,2,128.8,0.51
2025-09-02,项目立项,直接访问,PC,北京,34,9,4,109.5,0.63
2025-09-02,政策解读,站内,PC,北京,42,12,7,91.2,0.66
2025-09-02,招投标公告,外部链接,PC,上海,7,2,0,18.9,0.62
2025-09-02,投标保证金,付费推广,移动端,广东,33,5,2,128.7,0.66
2025-09-02,采购信息,直接访问,移动端,北京,23,2,0,176.6,0.51
2025-09-02,招投标公告,外部链接,移动端,湖北,20,1,0,106.0,0.4
2025-09-02,招投标公告,直接访问,移动端,北京,15,2,0,83.0,0.7
2025-09-02,企业资质,站内,PC,上海,16,2,1,124.9,0.48
2025-09-02,行业动态,外部链接,移动端,上海,12,10,5,50.8,0.33
2025-09-02,单一来源,直接访问,PC,广东,21,2,1,103.9,0.33
2025-09-02,开标记录,直接访问,PC,山东,19,4,1,95.6,0.21
2025-09-02,供应商查询,外部链接,PC,北京,31,3,2,141.2,0.44
2025-09-02,法律法规,直接访问,PC,湖北,38,11,6,60.5,0.19
2025-09-02,中标结果,站内,移动端,广东,18,4,2,90.9,0.65
2025-09-02,采购信息,付费推广,PC,湖北,25,11,9,115.0,0.32
2025-09-02,电子招投标,直接访问,PC,北京,30,9,3,121.9,0.37
2025-09-02,供应商查询,外部链接,移动端,四川,41,5,4,67.9,0.72
2025-09-02,政策解读,直接访问,移动端,上海,26,8,4,104.3,0.52
2025-09-02,招投标公告,外部链接,移动端,江苏,47,10,6,164.7,0.69
2025-09-02,行业动态,直接访问,PC,四川,26,9,6,114.8,0.55
2025-09-02,工程招标,外部链接,移动端,江苏,28,4,2,105.9,0.34
2025-09-02,投标保证金,外部链接,PC,江苏,20,11,5,161.7,0.64
2025-09-02,供应商查询,直接访问,移动端,山东,31,9,4,29.7,0.22
2025-09-02,供应商查询,外部链接,PC,北京,38,4,3,98.2,0.71
2025-09-02,行业动态,站内,PC,湖北,28,4,2,177.0,0.51
2025-09-02,中标公示,直接访问,PC,上海,2,2,1,155.2,0.32
2025-09-03,政策解读,直接访问,PC,湖北,1,4,1,36.1,0.74
2025-09-03,竞争性谈判,直接访问,PC,浙江,47,10,6,107.5,0.65
2025-09-03,工程招标,外部链接,PC,浙江,14,3,2,105.8,0.16
2025-09-03,工程招标,外部链接,移动端,江苏,33,8,3,83.8,0.3
2025-09-03,资格预审,站内,移动端,江苏,13,2,0,111.9,0.51
2025-09-03,供应商查询,直接访问,PC,北京,24,7,5,137.7,0.38
2025-09-03,资格预审,直接访问,PC,江苏,25,4,3,145.9,0.46
2025-09-03,招标文件,外部链接,移动端,山东,30,10,4,30.5,0.65
2025-09-03,政府采购,直接访问,PC,浙江,16,6,3,133.8,0.69
2025-09-03,供应商查询,站内,移动端,浙江,54,11,8,147.6,0.38
2025-09-03,招标文件,直接访问,PC,山东,17,7,2,55.0,0.37
2025-09-03,法律法规,外部链接,PC,浙江,1,1,0,141.2,0.2
2025-09-03,企业资质,直接访问,移动端,广东,17,5,1,42.1,0.23
2025-09-03,中标结果,站内,PC,湖北,9,5,2,159.2,0.52
2025-09-03,行业报告,站内,移动端,上海,40,5,3,45.2,0.16
2025-09-03,评标专家,外部链接,PC,北京,25,5,4,38.1,0.43
2025-09-03,框架协议,站内,PC,上海,36,4,3,45.8,0.31
2025-09-03,开标记录,外部链接,移动端,湖北,8,3,1,155.1,0.3
2025-09-03,资格预审,直接访问,移动端,山东,24,4,2,58.2,0.53
2025-09-03,框架协议,直接访问,PC,广东,33,5,3,140.2,0.48
2025-09-03,竞争性谈判,站内,PC,四川,48,10,6,58.7,0.71
2025-09-03,工程招标,站内,PC,广东,29,4,1,66.3,0.51
2025-09-03,中标结果,直接访问,PC,四川,9,8,3,88.6,0.53
2025-09-03,工程招标,站内,移动端,上海,39,11,8,41.1,0.69
2025-09-03,信用查询,直接访问,PC,山东,24,6,5,85.4,0.18
2025-09-03,评标专家,站内,移动端,江苏,37,6,2,80.6,0.54
2025-09-03,中标结果,外部链接,PC,山东,2,1,0,75.1,0.27
2025-09-03,企业资质,直接访问,移动端,上海,28,12,9,22.0,0.28
2025-09-03,政策解读,直接访问,PC,山东,23,6,4,26.2,0.46
2025-09-03,工程招标,直接访问,PC,广东,38,11,8,42.8,0.64
2025-09-03,招标文件,站内,移动端,江苏,4,3,1,117.9,0.32
2025-09-03,采购信息,直接访问,PC,上海,17,4,2,147.5,0.68
2025-09-03,中标结果,外部链接,移动端,浙江,27,1,0,24.1,0.59
2025-09-03,电子招投标,直接访问,移动端,上海,27,11,6,92.5,0.69
2025-09-03,资格预审,付费推广,移动端,江苏,38,10,6,125.7,0.47
2025-09-03,项目立项,站内,移动端,江苏,21,10,7,150.0,0.41
2025-09-03,采购信息,付费推广,PC,湖北,25,1,0,157.8,0.21
2025-09-03,工程招标,直接访问,移动端,浙江,28,8,6,105.8,0.37
2025-09-03,单一来源,直接访问,PC,北京,34,4,1,168.4,0.19
2025-09-03,招标文件,站内,PC,湖北,11,3,1,169.9,0.22
2025-09-03,采购信息,站内,PC,湖北,43,10,4,56.1,0.3
2025-09-03,投标保证金,直接访问,移动端,湖北,25,2,0,137.5,0.24
2025-09-03,中标结果,站内,移动端,上海,1,1,0,39.6,0.74
2025-09-03,供应商查询,外部链接,移动端,四川,12,11,7,162.6,0.35
2025-09-03,招投标公告,外部链接,移动端,广东,38,4,3,178.9,0.21
2025-09-03,行业报告,外部链接,PC,江苏,8,3,1,122.2,0.57
2025-09-03,招投标公告,外部链接,移动端,广东,32,7,5,94.6,0.42
2025-09-03,评标专家,直接访问,移动端,湖北,35,7,5,177.5,0.34
2025-09-03,招标文件,直接访问,PC,上海,4,1,0,35.4,0.42
2025-09-03,工程招标,直接访问,移动端,四川,29,10,4,84.4,0.71
2025-09-03,项目立项,外部链接,移动端,江苏,40,12,5,23.5,0.24
2025-09-03,工程招标,直接访问,PC,江苏,26,7,3,124.6,0.39
2025-09-04,中标结果,站内,移动端,湖北,10,11,5,158.8,0.25
2025-09-04,采购信息,直接访问,移动端,四川,9,3,1,101.1,0.45
2025-09-04,采购信息,直接访问,PC,广东,25,1,0,117.6,0.35
2025-09-04,招投标公告,站内,移动端,浙江,19,4,1,81.3,0.47
2025-09-04,行业报告,付费推广,PC,广东,38,8,7,179.5,0.42
2025-09-04,采购信息,直接访问,移动端,北京,53,8,6,93.1,0.68
2025-09-04,行业报告,付费推广,移动端,浙江,30,8,4,55.2,0.69
2025-09-04,采购信息,直接访问,PC,广东,19,4,3,82.3,0.41
2025-09-04,评标专家,站内,PC,湖北,24,1,0,115.2,0.18
2025-09-04,法律法规,直接访问,移动端,江苏,21,2,1,135.6,0.26
2025-09-04,合同公示,直接访问,PC,四川,20,11,5,34.1,0.71
2025-09-04,竞争性谈判,直接访问,PC,江苏,18,7,3,136.1,0.37
2025-09-04,框架协议,直接访问,移动端,北京,28,2,1,169.8,0.72
2025-09-04,招投标公告,站内,移动端,江苏,14,3,1,37.7,0.61
2025-09-04,电子招投标,外部链接,PC,江苏,12,2,1,46.6,0.63
2025-09-04,行业动态,直接访问,PC,北京,5,2,0,102.6,0.56
2025-09-04,工程招标,付费推广,移动端,四川,25,1,0,140.6,0.21
2025-09-04,政策解读,站内,PC,浙江,30,10,7,54.7,0.54
2025-09-04,企业资质,外部链接,移动端,湖北,36,6,4,24.8,0.42
2025-09-04,招投标公告,直接访问,移动端,四川,15,11,5,157.6,0.2
2025-09-04,废标公告,外部链接,移动端,北京,33,10,4,179.4,0.59
2025-09-04,招标文件,外部链接,PC,四川,17,4,2,24.3,0.21
2025-09-04,招标代理,外部链接,移动端,江苏,28,7,6,155.7,0.74
2025-09-04,投诉处理,直接访问,PC,江苏,16,7,2,47.9,0.21
2025-09-04,工程招标,外部链接,移动端,北京,30,6,2,72.1,0.68
2025-09-04,工程招标,直接访问,移动端,浙江,25,1,0,133.5,0.71
2025-09-04,履约信息,外部链接,移动端,江苏,10,2,1,166.9,0.4
2025-09-04,项目立项,直接访问,PC,北京,4,2,1,162.4,0.18
2025-09-04,投标保证金,直接访问,PC,上海,18,10,8,72.1,0.26
2025-09-04,企业资质,站内,PC,广东,11,8,3,137.5,0.64
2025-09-04,政府采购,直接访问,PC,江苏,31,10,8,106.7,0.19
2025-09-04,采购信息,外部链接,PC,江苏,37,6,2,111.7,0.31
2025-09-04,资格预审,站内,移动端,江苏,10,11,7,83.7,0.26
2025-09-04,采购信息,直接访问,PC,北京,12,11,5,179.7,0.6
2025-09-04,竞争性谈判,外部链接,PC,浙江,24,5,4,52.1,0.22
2025-09-04,询价公告,直接访问,PC,山东,28,3,1,77.7,0.74
2025-09-04,供应商查询,外部链接,PC,浙江,27,11,4,48.5,0.55
2025-09-04,评标专家,直接访问,PC,江苏,15,7,2,93.1,0.19
2025-09-04,信用查询,直接访问,PC,江苏,10,4,2,63.9,0.26
2025-09-04,框架协议,外部链接,移动端,北京,38,10,6,54.3,0.27
2025-09-04,更正公告,站内,移动端,江苏,32,3,1,39.6,0.62
2025-09-04,合同公示,直接访问,移动端,上海,19,2,1,59.3,0.21
2025-09-04,更正公告,外部链接,PC,湖北,7,1,0,163.6,0.3
2025-09-04,采购信息,付费推广,移动端,上海,10,11,6,173.3,0.35
2025-09-04,政府采购,外部链接,移动端,广东,26,8,3,67.6,0.61
2025-09-05,询价公告,直接访问,PC,湖北,30,11,9,79.5,0.52
2025-09-05,信用查询,直接访问,移动端,四川,33,8,6,54.9,0.72
2025-09-05,招投标公告,直接访问,移动端,上海,8,4,2,93.7,0.47
2025-09-05,单一来源,直接访问,移动端,山东,16,12,5,78.1,0.17
2025-09-05,招投标公告,外部链接,PC,江苏,56,11,7,51.9,0.35
2025-09-05,采购信息,直接访问,移动端,浙江,17,1,0,45.1,0.6
2025-09-05,竞争性谈判,付费推广,PC,浙江,7,7,5,99.6,0.29
2025-09-05,行业报告,直接访问,移动端,四川,10,8,5,137.7,0.74
2025-09-05,行业报告,外部链接,PC,上海,12,4,3,152.0,0.27
2025-09-05,招标文件,直接访问,PC,上海,11,1,0,119.6,0.68
2025-09-05,招标文件,外部链接,PC,北京,6,3,1,78.7,0.47
2025-09-05,政府采购,站内,PC,上海,7,4,1,88.4,0.57
2025-09-05,工程招标,站内,移动端,四川,36,8,3,90.7,0.25
2025-09-05,废标公告,直接访问,PC,浙江,15,12,9,83.7,0.38
2025-09-05,政策解读,付费推广,移动端,北京,12,12,5,137.4,0.47
2025-09-05,更正公告,外部链接,PC,上海,25,1,0,38.5,0.69
2025-09-05,政策解读,外部链接,移动端,浙江,31,9,5,105.1,0.31
2025-09-05,招标文件,直接访问,PC,湖北,16,8,6,148.1,0.28
2025-09-05,评标结果,外部链接,移动端,北京,28,7,5,141.1,0.43
2025-09-05,政府采购,付费推广,PC,广东,27,1,0,149.2,0.17
2025-09-05,招标文件,站内,移动端,北京,34,2,1,148.5,0.41
2025-09-05,信用查询,外部链接,PC,广东,25,12,5,79.4,0.22
2025-09-05,企业资质,外部链接,移动端,江苏,21,3,1,126.2,0.47
2025-09-05,招标文件,外部链接,移动端,上海,22,3,2,118.7,0.18
2025-09-05,供应商查询,直接访问,PC,广东,21,1,0,60.3,0.3
2025-09-05,招标文件,直接访问,PC,江苏,30,9,3,37.9,0.4
2025-09-05,投标保证金,外部链接,移动端,四川,38,11,4,45.6,0.5
2025-09-05,竞争性谈判,外部链接,PC,山东,13,1,0,115.5,0.52
2025-09-05,中标公示,直接访问,移动端,上海,28,3,1,25.6,0.22
2025-09-05,供应商查询,站内,PC,广东,39,5,3,156.8,0.26
2025-09-05,评标专家,外部链接,移动端,浙江,26,7,5,122.9,0.39
2025-09-05,采购信息,外部链接,PC,湖北,30,10,7,110.6,0.55
2025-09-05,竞争性谈判,直接访问,PC,浙江,21,7,5,135.0,0.66
2025-09-05,中标结果,直接访问,移动端,江苏,27,2,1,81.2,0.72
2025-09-05,评标结果,直接访问,移动端,四川,9,5,4,83.3,0.29
2025-09-05,项目立项,直接访问,移动端,江苏,24,4,3,31.7,0.38
2025-09-05,中标结果,直接访问,PC,广东,16,4,3,108.1,0.45
2025-09-05,工程招标,付费推广,PC,上海,26,8,5,129.5,0.17
2025-09-05,政府采购,直接访问,移动端,浙江,30,4,3,151.5,0.27
2025-09-05,政策解读,外部链接,移动端,北京,35,7,5,34.6,0.21
2025-09-05,行业报告,外部链接,移动端,北京,13,9,3,114.1,0.53
2025-09-05,工程招标,直接访问,PC,四川,31,4,1,23.6,0.2
2025-09-05,招投标公告,站内,移动端,山东,19,6,5,173.6,0.67
2025-09-06,竞争性谈判,外部链接,PC,上海,21,4,3,35.3,0.62
2025-09-06,招投标公告,直接访问,移动端,广东,21,4,2,121.2,0.45
2025-09-06,竞争性谈判,站内,移动端,湖北,12,1,0,77.6,0.63
2025-09-06,工程招标,直接访问,PC,北京,6,2,1,105.4,0.29
2025-09-06,供应商查询,外部链接,移动端,上海,36,7,3,52.9,0.51
2025-09-06,工程招标,直接访问,PC,四川,35,7,2,23.9,0.6
2025-09-06,竞争性谈判,直接访问,PC,广东,19,6,4,97.8,0.39
2025-09-06,中标结果,站内,PC,北京,28,2,1,155.1,0.71
2025-09-06,评标专家,站内,PC,浙江,29,6,3,159.1,0.17
2025-09-06,工程招标,外部链接,PC,浙江,10,2,1,163.4,0.36
2025-09-06,开标记录,外部链接,PC,北京,33,8,5,141.6,0.54
2025-09-06,工程招标,直接访问,PC,江苏,6,5,3,57.2,0.69
2025-09-06,招投标公告,外部链接,PC,浙江,39,6,3,126.1,0.48
2025-09-06,信用查询,直接访问,PC,浙江,7,11,6,34.6,0.37
2025-09-06,政府采购,直接访问,移动端,四川,31,10,6,64.9,0.49
2025-09-06,招标代理,站内,PC,江苏,56,10,8,114.9,0.49
2025-09-06,招标代理,直接访问,移动端,湖北,22,11,5,162.0,0.33
2025-09-06,政策解读,直接访问,PC,浙江,10,3,1,21.4,0.45
2025-09-06,招标文件,外部链接,移动端,浙江,7,3,2,153.9,0.63
2025-09-06,采购信息,站内,移动端,湖北,17,7,4,118.8,0.16
2025-09-06,行业动态,直接访问,移动端,山东,26,7,6,89.6,0.6
2025-09-06,招标文件,付费推广,移动端,浙江,32,6,4,57.5,0.72
2025-09-06,工程招标,站内,移动端,江苏,28,1,0,125.5,0.74
2025-09-06,信用查询,外部链接,PC,广东,26,9,7,113.7,0.37
2025-09-06,政府采购,直接访问,PC,湖北,40,10,5,29.8,0.65
2025-09-06,招投标公告,外部链接,PC,上海,27,4,3,72.6,0.7
2025-09-06,工程招标,站内,移动端,湖北,36,9,3,100.5,0.53
2025-09-06,招投标公告,直接访问,移动端,山东,23,4,1,81.3,0.68
2025-09-06,招投标公告,直接访问,移动端,湖北,25,9,4,49.3,0.52
2025-09-06,开标记录,站内,PC,北京,14,7,4,65.5,0.51
2025-09-06,更正公告,直接访问,PC,上海,48,11,7,84.6,0.24
2025-09-06,竞争性谈判,直接访问,PC,广东,24,8,4,44.3,0.58
2025-09-06,中标结果,直接访问,PC,湖北,19,11,4,21.2,0.63
2025-09-06,单一来源,外部链接,移动端,山东,30,7,6,131.3,0.51
2025-09-06,框架协议,直接访问,PC,江苏,8,2,1,91.5,0.2
2025-09-06,工程招标,付费推广,PC,上海,11,4,2,93.7,0.71
2025-09-06,中标公示,直接访问,移动端,上海,8,11,4,79.5,0.28
2025-09-06,中标结果,站内,移动端,四川,15,3,1,37.6,0.28
2025-09-06,招投标公告,外部链接,PC,江苏,33,10,3,111.8,0.18
2025-09-06,更正公告,直接访问,PC,北京,10,7,3,91.2,0.56
2025-09-06,废标公告,直接访问,PC,上海,45,8,6,101.2,0.7
2025-09-06,招投标公告,站内,移动端,山东,15,10,6,119.8,0.31
2025-09-06,招标代理,直接访问,移动端,四川,43,12,9,140.8,0.67
2025-09-06,采购信息,站内,PC,北京,25,9,4,22.7,0.29
2025-09-06,单一来源,付费推广,PC,湖北,19,7,5,95.5,0.19
2025-09-06,更正公告,外部链接,移动端,上海,12,1,0,105.6,0.2
2025-09-06,废标公告,直接访问,移动端,四川,37,11,4,159.5,0.37
2025-09-06,电子招投标,外部链接,PC,北京,33,11,5,29.8,0.54
2025-09-06,招标代理,直接访问,移动端,四川,44,10,5,114.3,0.17
2025-09-06,行业报告,站内,PC,湖北,43,10,6,106.6,0.16
2025-09-06,工程招标,站内,PC,四川,21,1,0,154.4,0.41
2025-09-06,竞争性谈判,站内,PC,江苏,39,11,4,137.1,0.46
2025-09-07,招投标公告,直接访问,PC,山东,2,1,0,75.8,0.26
2025-09-07,信用查询,直接访问,PC,浙江,14,9,7,169.3,0.42
2025-09-07,供应商查询,直接访问,移动端,山东,32,8,5,105.8,0.66
2025-09-07,行业报告,直接访问,PC,上海,17,3,1,179.1,0.17
2025-09-07,合同公示,直接访问,PC,湖北,21,11,5,26.4,0.31
2025-09-07,招投标公告,站内,PC,湖北,36,7,5,92.0,0.17
2025-09-07,项目立项,直接访问,移动端,上海,26,12,6,58.7,0.71
2025-09-07,供应商查询,外部链接,PC,四川,30,10,5,172.2,0.56
2025-09-07,单一来源,站内,移动端,浙江,12,4,2,83.6,0.31
2025-09-07,政府采购,付费推广,PC,四川,45,12,10,166.1,0.36
2025-09-07,工程招标,外部链接,PC,浙江,18,12,5,54.2,0.74
2025-09-07,中标公示,外部链接,PC,四川,16,1,0,60.6,0.38
2025-09-07,更正公告,直接访问,移动端,山东,22,11,5,19.2,0.33
2025-09-07,评标结果,站内,移动端,北京,9,2,1,25.6,0.46
2025-09-07,询价公告,外部链接,PC,广东,14,2,1,67.8,0.35
2025-09-07,中标结果,直接访问,PC,北京,28,4,3,161.5,0.64
2025-09-07,中标公示,站内,PC,浙江,13,7,4,20.6,0.52
2025-09-07,评标专家,直接访问,移动端,北京,5,5,4,143.8,0.26
2025-09-07,供应商查询,外部链接,移动端,山东,30,9,3,95.4,0.31
2025-09-07,工程招标,站内,PC,四川,35,7,3,71.6,0.64
2025-09-07,投标保证金,直接访问,PC,四川,41,10,6,89.6,0.33
2025-09-07,工程招标,外部链接,PC,四川,47,12,10,120.4,0.59
2025-09-07,中标结果,直接访问,移动端,江苏,33,3,1,117.5,0.22
2025-09-07,招投标公告,外部链接,移动端,广东,30,3,2,24.4,0.24
2025-09-07,招标文件,外部链接,移动端,浙江,22,2,1,160.1,0.68
2025-09-07,开标记录,站内,移动端,北京,18,4,1,23.5,0.27
2025-09-07,评标结果,外部链接,PC,北京,20,5,2,113.0,0.75
2025-09-07,中标公示,外部链接,移动端,浙江,39,7,4,171.8,0.54
2025-09-07,工程招标,直接访问,PC,上海,19,6,3,53.4,0.64
2025-09-07,询价公告,站内,PC,上海,12,4,3,116.3,0.68
2025-09-07,合同公示,外部链接,移动端,广东,21,7,5,57.6,0.31
2025-09-07,工程招标,站内,PC,广东,24,9,3,102.0,0.2
2025-09-07,中标结果,站内,移动端,山东,29,8,4,119.7,0.44
2025-09-07,供应商查询,站内,移动端,四川,20,3,2,163.7,0.48
2025-09-07,竞争性谈判,直接访问,PC,上海,27,12,7,93.9,0.19
2025-09-07,政府采购,直接访问,移动端,浙江,44,10,7,153.7,0.17
2025-09-07,工程招标,直接访问,移动端,浙江,44,12,7,34.3,0.41
2025-09-07,招标文件,站内,PC,江苏,11,4,2,163.3,0.35
2025-09-07,供应商查询,付费推广,移动端,浙江,20,6,4,85.7,0.44
2025-09-07,合同公示,站内,移动端,浙江,13,3,2,170.6,0.49
2025-09-07,采购信息,直接访问,移动端,山东,12,10,7,162.7,0.51
2025-09-07,更正公告,外部链接,PC,上海,13,8,3,57.9,0.69
2025-09-07,中标公示,外部链接,PC,北京,10,4,2,111.9,0.48
2025-09-07,企业资质,直接访问,PC,北京,31,3,2,146.1,0.67
2025-09-07,行业动态,直接访问,移动端,江苏,36,9,5,99.6,0.67
2025-09-07,中标结果,外部链接,移动端,四川,21,11,7,121.3,0.39
2025-09-07,招投标公告,站内,移动端,广东,10,4,1,167.5,0.54
2025-09-07,开标记录,站内,移动端,北京,36,8,3,52.0,0.59
2025-09-07,信用查询,站内,PC,上海,42,11,7,21.9,0.33
2025-09-07,中标公示,外部链接,移动端,浙江,29,1,0,18.8,0.4
2025-09-07,中标公示,直接访问,移动端,北京,30,10,9,25.8,0.24
2025-09-07,工程招标,直接访问,PC,山东,9,7,4,36.7,0.61
2025-09-07,项目立项,直接访问,PC,北京,5,3,2,118.0,0.17
2025-09-07,工程招标,直接访问,移动端,山东,3,4,1,65.6,0.27
2025-09-07,供应商查询,直接访问,PC,上海,39,8,5,102.4,0.24
2025-09-08,工程招标,直接访问,PC,湖北,48,11,7,19.4,0.55
2025-09-08,法律法规,直接访问,PC,上海,22,1,0,155.2,0.75
2025-09-08,招标文件,直接访问,移动端,广东,13,4,3,144.2,0.5
2025-09-08,开标记录,站内,PC,山东,13,2,0,169.5,0.48
2025-09-08,政策解读,直接访问,移动端,上海,39,4,3,30.1,0.6
2025-09-08,工程招标,直接访问,PC,广东,19,7,2,55.4,0.45
2025-09-08,招投标公告,外部链接,PC,北京,17,7,4,55.0,0.23
2025-09-08,采购信息,外部链接,移动端,四川,30,6,2,160.3,0.53
2025-09-08,招投标公告,站内,移动端,广东,20,4,1,76.8,0.69
2025-09-08,评标专家,外部链接,移动端,山东,28,6,3,28.5,0.42
2025-09-08,政府采购,付费推广,PC,湖北,21,3,2,154.3,0.23
2025-09-08,开标记录,外部链接,PC,广东,28,9,3,144.9,0.22
2025-09-08,工程招标,站内,移动端,湖北,28,9,4,62.7,0.72
2025-09-08,中标公示,直接访问,PC,广东,23,9,3,35.4,0.51
2025-09-08,履约信息,直接访问,PC,广东,16,8,3,91.4,0.3
2025-09-08,中标公示,直接访问,PC,广东,21,5,2,66.6,0.63
2025-09-08,工程招标,站内,PC,湖北,17,3,1,87.0,0.41
2025-09-08,采购信息,直接访问,PC,广东,23,6,2,83.2,0.64
2025-09-08,企业资质,直接访问,PC,湖北,10,7,4,75.2,0.19
2025-09-08,采购信息,直接访问,移动端,广东,12,1,0,85.2,0.21
2025-09-08,投诉处理,外部链接,PC,北京,21,2,0,93.7,0.7
2025-09-08,招投标公告,站内,PC,浙江,33,9,7,133.8,0.6
2025-09-08,更正公告,外部链接,PC,广东,12,6,2,145.1,0.18
2025-09-08,资格预审,外部链接,移动端,江苏,65,11,9,165.8,0.62
2025-09-08,政策解读,外部链接,PC,北京,29,4,2,37.5,0.4
2025-09-08,资格预审,站内,PC,湖北,9,2,0,172.3,0.44
2025-09-08,行业动态,直接访问,移动端,四川,27,7,3,110.1,0.22
2025-09-08,资格预审,站内,PC,江苏,4,3,2,52.7,0.18
2025-09-08,中标公示,付费推广,移动端,北京,23,2,1,125.8,0.17
2025-09-08,投标保证金,外部链接,PC,北京,36,4,2,41.8,0.22
2025-09-08,投诉处理,付费推广,移动端,江苏,24,11,7,168.3,0.69
2025-09-08,招标文件,直接访问,移动端,山东,24,6,3,177.2,0.73
2025-09-08,供应商查询,付费推广,PC,广东,13,1,0,94.8,0.43
2025-09-08,招投标公告,站内,移动端,湖北,14,10,3,141.9,0.55
2025-09-08,招标代理,外部链接,PC,江苏,25,3,2,164.4,0.24
2025-09-08,竞争性谈判,直接访问,移动端,山东,22,11,7,113.4,0.29
2025-09-08,工程招标,付费推广,PC,湖北,16,2,1,163.7,0.54
2025-09-08,工程招标,直接访问,移动端,浙江,15,6,4,144.2,0.43
2025-09-08,投标保证金,站内,移动端,湖北,29,3,1,116.0,0.4
2025-09-08,合同公示,站内,PC,浙江,24,12,6,61.0,0.46
2025-09-08,工程招标,直接访问,PC,四川,31,2,1,75.6,0.61
2025-09-08,开标记录,直接访问,PC,上海,8,1,0,104.6,0.47
2025-09-08,中标公示,外部链接,移动端,上海,28,5,2,103.4,0.51
2025-09-08,招投标公告,直接访问,移动端,北京,19,5,1,163.2,0.75
2025-09-09,供应商查询,站内,移动端,上海,10,4,3,52.6,0.58
2025-09-09,信用查询,直接访问,移动端,广东,14,5,2,71.9,0.65
2025-09-09,招投标公告,直接访问,移动端,江苏,12,5,3,117.8,0.41
2025-09-09,合同公示,站内,移动端,江苏,12,1,0,154.9,0.43
2025-09-09,单一来源,站内,移动端,北京,28,9,3,105.2,0.6
2025-09-09,评标结果,外部链接,移动端,广东,11,7,4,62.0,0.42
2025-09-09,中标结果,站内,PC,浙江,36,6,4,79.0,0.31
2025-09-09,中标结果,外部链接,移动端,浙江,62,12,10,118.2,0.41
2025-09-09,招标代理,直接访问,PC,北京,19,6,3,148.2,0.18
2025-09-09,工程招标,直接访问,移动端,上海,11,1,0,57.9,0.71
2025-09-09,信用查询,直接访问,PC,山东,8,2,1,152.9,0.47
2025-09-09,框架协议,站内,PC,四川,7,4,2,101.4,0.31
2025-09-09,供应商查询,直接访问,PC,广东,25,1,0,40.0,0.47
2025-09-09,行业报告,直接访问,PC,湖北,40,7,5,164.3,0.67
2025-09-09,资格预审,直接访问,PC,四川,29,7,3,146.1,0.34
2025-09-09,中标结果,直接访问,移动端,四川,53,9,7,172.4,0.61
2025-09-09,投诉处理,直接访问,PC,广东,14,7,2,147.4,0.68
2025-09-09,电子招投标,站内,PC,湖北,7,6,4,82.2,0.35
2025-09-09,资格预审,直接访问,PC,湖北,7,3,2,42.6,0.26
2025-09-09,框架协议,外部链接,移动端,山东,36,12,8,39.8,0.34
2025-09-09,招投标公告,直接访问,PC,江苏,21,12,10,165.5,0.66
2025-09-09,开标记录,直接访问,移动端,湖北,3,1,0,94.9,0.46
2025-09-09,供应商查询,站内,移动端,上海,24,4,3,114.5,0.72
2025-09-09,中标结果,站内,PC,江苏,37,8,3,60.6,0.25
2025-09-09,开标记录,直接访问,移动端,上海,7,1,0,137.1,0.68
2025-09-09,招标文件,直接访问,移动端,湖北,35,9,3,121.0,0.37
2025-09-09,采购信息,外部链接,PC,北京,30,11,7,70.5,0.3
2025-09-09,投标保证金,付费推广,PC,广东,36,11,9,123.8,0.32
2025-09-09,中标公示,站内,移动端,北京,4,2,0,169.4,0.74
2025-09-09,采购信息,外部链接,移动端,山东,23,11,9,89.0,0.61
2025-09-09,框架协议,直接访问,PC,上海,33,8,3,152.9,0.47
2025-09-09,政府采购,站内,移动端,四川,29,12,4,155.2,0.51
2025-09-09,供应商查询,直接访问,PC,四川,20,12,8,116.6,0.63
2025-09-09,采购信息,站内,PC,上海,16,5,3,155.3,0.68
2025-09-09,招投标公告,站内,移动端,北京,26,9,3,94.8,0.32
2025-09-09,企业资质,站内,PC,上海,14,5,2,60.4,0.18
2025-09-09,政策解读,站内,移动端,北京,24,8,5,132.1,0.48
2025-09-09,招投标公告,外部链接,移动端,四川,6,4,2,104.9,0.73
2025-09-09,政策解读,直接访问,PC,湖北,42,10,6,103.5,0.62
2025-09-09,履约信息,站内,移动端,江苏,32,6,3,95.7,0.31
2025-09-09,中标结果,直接访问,PC,广东,26,2,1,58.9,0.31
2025-09-09,信用查询,站内,移动端,山东,20,3,1,146.4,0.24
2025-09-10,法律法规,外部链接,PC,湖北,9,3,2,101.8,0.46
2025-09-10,招投标公告,外部链接,移动端,上海,1,3,1,48.0,0.26
2025-09-10,招投标公告,直接访问,PC,山东,32,7,3,22.8,0.65
2025-09-10,行业报告,站内,移动端,山东,23,12,6,31.5,0.33
2025-09-10,供应商查询,站内,PC,浙江,32,9,4,57.5,0.72
2025-09-10,行业报告,站内,移动端,江苏,16,7,5,69.0,0.4
2025-09-10,法律法规,直接访问,移动端,北京,14,1,0,153.3,0.39
2025-09-10,工程招标,直接访问,移动端,四川,58,12,8,30.1,0.16
2025-09-10,政府采购,直接访问,移动端,湖北,3,7,3,164.6,0.39
2025-09-10,供应商查询,站内,移动端,浙江,21,5,1,70.5,0.39
2025-09-10,开标记录,付费推广,PC,山东,11,1,0,143.2,0.61
2025-09-10,中标结果,外部链接,PC,上海,21,7,4,80.9,0.43
2025-09-10,招投标公告,直接访问,PC,北京,45,8,5,117.5,0.37
2025-09-10,供应商查询,外部链接,PC,山东,4,2,1,130.3,0.29
2025-09-10,招投标公告,直接访问,PC,四川,24,8,6,20.4,0.74
2025-09-10,行业动态,直接访问,移动端,四川,19,3,2,72.4,0.34
2025-09-10,评标专家,外部链接,PC,北京,41,11,8,80.4,0.26
2025-09-10,招投标公告,外部链接,移动端,上海,38,5,2,40.3,0.31
2025-09-10,工程招标,外部链接,PC,北京,32,8,3,136.5,0.31
2025-09-10,工程招标,站内,PC,江苏,13,6,3,88.5,0.45
2025-09-10,招投标公告,外部链接,PC,四川,36,8,6,137.0,0.19
2025-09-10,供应商查询,付费推广,移动端,湖北,21,5,4,52.2,0.23
2025-09-10,废标公告,外部链接,PC,上海,18,9,6,27.5,0.44
2025-09-10,合同公示,付费推广,PC,上海,27,12,5,32.6,0.75
2025-09-10,招投标公告,付费推广,PC,四川,25,1,0,74.9,0.49
2025-09-10,询价公告,付费推广,PC,四川,28,1,0,148.8,0.74
2025-09-10,合同公示,直接访问,PC,广东,25,12,6,151.0,0.23
2025-09-10,招投标公告,外部链接,移动端,四川,20,11,3,164.8,0.65
2025-09-10,合同公示,站内,移动端,江苏,25,9,6,149.3,0.23
2025-09-10,行业动态,外部链接,移动端,浙江,17,7,3,173.0,0.61
2025-09-10,中标结果,站内,移动端,上海,34,8,3,105.2,0.28
2025-09-10,框架协议,站内,PC,四川,7,1,0,128.9,0.19
2025-09-10,信用查询,直接访问,移动端,四川,16,8,3,159.2,0.24
2025-09-10,政策解读,直接访问,PC,湖北,6,1,0,113.3,0.28
2025-09-10,竞争性谈判,直接访问,PC,浙江,18,9,4,147.6,0.38
2025-09-10,法律法规,付费推广,移动端,江苏,16,7,6,72.1,0.42
2025-09-10,中标结果,直接访问,PC,四川,17,8,5,77.0,0.39
2025-09-10,工程招标,直接访问,移动端,广东,24,9,7,24.9,0.53
2025-09-11,竞争性谈判,外部链接,移动端,浙江,15,2,1,144.2,0.71
2025-09-11,招投标公告,付费推广,PC,四川,33,5,3,81.0,0.56
2025-09-11,工程招标,外部链接,PC,四川,28,4,2,170.4,0.56
2025-09-11,法律法规,站内,移动端,上海,45,8,6,173.8,0.16
2025-09-11,更正公告,站内,移动端,广东,9,2,1,157.8,0.71
2025-09-11,企业资质,直接访问,移动端,江苏,16,8,5,89.0,0.18
2025-09-11,废标公告,直接访问,PC,浙江,30,3,1,75.3,0.6
2025-09-11,项目立项,外部链接,移动端,北京,9,1,0,173.1,0.52
2025-09-11,投诉处理,站内,PC,北京,30,1,0,23.1,0.28
2025-09-11,招投标公告,外部链接,移动端,江苏,20,2,0,117.4,0.21
2025-09-11,采购信息,外部链接,移动端,上海,37,9,4,78.6,0.49
2025-09-11,工程招标,直接访问,PC,广东,26,7,6,21.1,0.49
2025-09-11,评标专家,付费推广,PC,北京,35,9,5,60.6,0.62
2025-09-11,信用查询,付费推广,PC,上海,41,12,10,49.4,0.66
2025-09-11,招标文件,外部链接,移动端,浙江,14,1,0,79.1,0.66
2025-09-11,工程招标,直接访问,PC,四川,12,1,0,68.7,0.23
2025-09-11,供应商查询,直接访问,PC,江苏,25,3,2,171.4,0.57
2025-09-11,工程招标,站内,PC,北京,18,2,0,24.5,0.69
2025-09-11,中标结果,外部链接,PC,广东,48,11,8,59.0,0.16
2025-09-11,信用查询,直接访问,PC,山东,12,4,3,163.2,0.35
2025-09-11,投诉处理,付费推广,PC,山东,12,6,5,45.7,0.59
2025-09-11,框架协议,直接访问,PC,浙江,29,4,2,19.4,0.57
2025-09-11,中标公示,直接访问,PC,江苏,29,8,7,114.5,0.15
2025-09-11,中标结果,直接访问,PC,上海,8,4,3,48.6,0.57
2025-09-11,工程招标,外部链接,移动端,上海,17,2,1,110.8,0.44
2025-09-11,招投标公告,直接访问,PC,北京,19,2,1,78.2,0.48
2025-09-11,招投标公告,外部链接,PC,山东,42,12,10,129.9,0.38
2025-09-11,政策解读,站内,移动端,四川,6,4,2,106.7,0.38
2025-09-11,招标代理,外部链接,移动端,上海,39,9,4,26.7,0.21
2025-09-11,政策解读,直接访问,移动端,上海,19,1,0,65.7,0.23
2025-09-11,招标代理,付费推广,PC,上海,8,1,0,96.9,0.32
2025-09-11,采购信息,直接访问,移动端,北京,21,2,1,115.6,0.27
2025-09-11,招投标公告,直接访问,移动端,广东,3,3,1,62.9,0.58
2025-09-11,工程招标,站内,PC,山东,30,8,4,159.9,0.3
2025-09-11,竞争性谈判,直接访问,移动端,上海,37,9,3,25.6,0.3
2025-09-11,工程招标,外部链接,移动端,四川,47,12,9,152.2,0.42
2025-09-11,供应商查询,付费推广,PC,浙江,22,3,2,44.2,0.51
2025-09-11,中标结果,站内,移动端,北京,31,8,4,171.1,0.5
2025-09-11,评标专家,直接访问,移动端,广东,8,5,2,118.5,0.39
2025-09-11,工程招标,直接访问,移动端,北京,15,7,4,83.7,0.68
2025-09-11,投诉处理,直接访问,移动端,湖北,19,8,7,55.9,0.39
2025-09-11,工程招标,外部链接,移动端,四川,30,6,2,141.6,0.3
2025-09-11,合同公示,直接访问,PC,浙江,32,11,5,54.4,0.4
2025-09-11,招投标公告,外部链接,PC,山东,14,4,1,39.8,0.68
2025-09-12,招投标公告,付费推广,PC,湖北,42,11,4,124.0,0.57
2025-09-12,采购信息,直接访问,移动端,广东,29,9,6,118.9,0.39
2025-09-12,合同公示,站内,移动端,北京,36,11,7,53.7,0.49
2025-09-12,投标保证金,站内,移动端,江苏,42,8,7,77.2,0.18
2025-09-12,政策解读,直接访问,PC,浙江,2,1,0,30.7,0.65
2025-09-12,更正公告,外部链接,PC,四川,48,12,6,135.9,0.7
2025-09-12,行业动态,直接访问,PC,山东,35,7,4,143.1,0.69
2025-09-12,评标结果,付费推广,PC,浙江,39,7,3,61.9,0.38
2025-09-12,竞争性谈判,站内,PC,北京,13,7,3,30.8,0.36
2025-09-12,供应商查询,外部链接,移动端,四川,40,10,8,32.2,0.36
2025-09-12,框架协议,外部链接,PC,四川,42,10,5,90.4,0.22
2025-09-12,企业资质,直接访问,移动端,江苏,9,3,1,47.4,0.22
2025-09-12,开标记录,直接访问,移动端,江苏,21,11,7,146.4,0.24
2025-09-12,中标结果,直接访问,移动端,江苏,17,4,3,109.8,0.28
2025-09-12,框架协议,直接访问,移动端,广东,15,1,0,170.3,0.64
2025-09-12,企业资质,直接访问,PC,四川,36,12,7,169.1,0.32
2025-09-12,工程招标,直接访问,移动端,江苏,68,12,10,164.7,0.63
2025-09-12,采购信息,站内,移动端,山东,20,1,0,174.3,0.67
2025-09-12,招标代理,外部链接,移动端,湖北,17,6,5,164.6,0.43
2025-09-12,工程招标,直接访问,移动端,湖北,4,4,1,63.1,0.19
2025-09-12,开标记录,付费推广,移动端,四川,2,3,2,168.3,0.37
2025-09-12,合同公示,外部链接,PC,广东,25,3,1,38.7,0.34
2025-09-12,招标文件,外部链接,移动端,北京,13,7,2,174.8,0.57
2025-09-12,工程招标,付费推广,移动端,北京,13,8,7,37.7,0.38
2025-09-12,招标文件,站内,PC,湖北,21,3,2,122.5,0.5
2025-09-12,评标结果,外部链接,PC,上海,44,12,6,162.7,0.55
2025-09-12,采购信息,直接访问,PC,山东,32,4,2,102.6,0.51
2025-09-12,招投标公告,直接访问,PC,浙江,17,6,2,87.1,0.45
2025-09-12,投诉处理,外部链接,PC,广东,24,9,8,48.4,0.51
2025-09-12,电子招投标,直接访问,PC,上海,2,4,2,97.6,0.24
2025-09-12,招投标公告,外部链接,移动端,浙江,34,9,6,32.5,0.67
2025-09-12,项目立项,站内,PC,江苏,43,9,7,50.4,0.42
2025-09-12,采购信息,直接访问,移动端,浙江,50,12,10,44.1,0.58
2025-09-12,招投标公告,直接访问,移动端,江苏,24,3,1,150.1,0.74
2025-09-12,评标结果,直接访问,移动端,四川,30,7,2,161.9,0.75
2025-09-12,招标文件,直接访问,PC,湖北,39,4,3,147.4,0.19
2025-09-12,合同公示,外部链接,PC,山东,4,5,2,96.7,0.34
2025-09-12,更正公告,付费推广,移动端,四川,8,3,1,143.5,0.25
2025-09-13,政策解读,直接访问,PC,山东,16,11,6,136.3,0.62
2025-09-13,招投标公告,直接访问,移动端,上海,23,11,7,87.4,0.58
2025-09-13,招投标公告,外部链接,移动端,四川,21,6,3,169.2,0.2
2025-09-13,竞争性谈判,外部链接,PC,四川,40,8,5,47.9,0.44
2025-09-13,招投标公告,直接访问,PC,湖北,21,3,2,158.4,0.45
2025-09-13,工程招标,外部链接,PC,北京,36,4,2,171.4,0.39
2025-09-13,政策解读,外部链接,PC,山东,19,4,1,162.7,0.29
2025-09-13,投标保证金,付费推广,PC,山东,20,11,6,173.4,0.57
2025-09-13,投诉处理,外部链接,PC,湖北,34,6,2,120.2,0.49
2025-09-13,企业资质,外部链接,PC,北京,33,11,8,48.5,0.72
2025-09-13,项目立项,站内,移动端,上海,6,4,1,37.6,0.19
2025-09-13,废标公告,站内,PC,湖北,41,5,4,167.3,0.44
2025-09-13,询价公告,直接访问,PC,山东,27,7,3,82.9,0.49
2025-09-13,行业报告,付费推广,移动端,北京,48,7,5,74.3,0.56
2025-09-13,招投标公告,站内,PC,湖北,19,4,2,50.3,0.5
2025-09-13,供应商查询,直接访问,PC,上海,32,8,4,120.9,0.54
2025-09-13,工程招标,外部链接,PC,浙江,23,1,0,19.3,0.37
2025-09-13,招投标公告,外部链接,PC,浙江,30,7,3,68.9,0.32
2025-09-13,政策解读,站内,移动端,四川,28,10,5,124.5,0.3
2025-09-13,投诉处理,站内,移动端,江苏,40,12,5,29.8,0.69
2025-09-13,资格预审,直接访问,移动端,浙江,20,10,4,111.7,0.32
2025-09-13,行业报告,直接访问,PC,广东,18,9,7,54.4,0.51
2025-09-13,中标公示,直接访问,移动端,浙江,24,10,7,58.4,0.21
2025-09-13,招投标公告,站内,移动端,上海,27,1,0,95.6,0.18
2025-09-13,招标文件,站内,PC,浙江,23,5,3,72.5,0.63
2025-09-13,工程招标,站内,PC,广东,27,1,0,67.3,0.71
2025-09-13,工程招标,外部链接,移动端,广东,9,3,2,40.1,0.22
2025-09-13,单一来源,外部链接,移动端,四川,30,9,6,71.6,0.35
2025-09-13,政府采购,外部链接,PC,湖北,32,2,1,29.1,0.57
2025-09-13,行业动态,直接访问,移动端,湖北,10,7,3,169.4,0.48
2025-09-13,招投标公告,直接访问,移动端,浙江,7,7,3,157.0,0.27
2025-09-13,中标公示,直接访问,PC,北京,22,1,0,111.9,0.45
2025-09-13,政府采购,站内,PC,广东,22,1,0,132.7,0.23
2025-09-13,更正公告,直接访问,移动端,广东,22,3,2,125.4,0.44
2025-09-13,信用查询,直接访问,PC,广东,7,5,2,43.1,0.47
2025-09-13,投标保证金,直接访问,PC,上海,31,9,6,81.3,0.26
2025-09-14,竞争性谈判,站内,移动端,浙江,21,4,1,146.5,0.16
2025-09-14,招投标公告,直接访问,移动端,北京,8,4,1,21.6,0.27
2025-09-14,供应商查询,直接访问,移动端,北京,47,11,9,169.1,0.16
2025-09-14,更正公告,直接访问,PC,四川,7,6,2,63.0,0.37
2025-09-14,招投标公告,付费推广,PC,浙江,50,12,8,97.0,0.29
2025-09-14,采购信息,站内,移动端,上海,14,1,0,29.0,0.73
2025-09-14,行业报告,站内,移动端,广东,32,2,1,44.5,0.63
2025-09-14,招标文件,站内,PC,湖北,35,5,3,143.7,0.21
2025-09-14,企业资质,外部链接,移动端,四川,33,5,2,60.7,0.38
2025-09-14,合同公示,直接访问,移动端,山东,28,3,2,42.0,0.45
2025-09-14,招标代理,直接访问,PC,广东,33,10,7,81.9,0.47
2025-09-14,询价公告,付费推广,移动端,上海,18,4,2,110.9,0.71
2025-09-14,投标保证金,直接访问,PC,广东,8,2,1,130.9,0.74
2025-09-14,行业动态,站内,移动端,广东,23,11,9,156.5,0.67
2025-09-14,中标公示,外部链接,移动端,浙江,22,10,4,175.4,0.52
2025-09-14,政府采购,直接访问,PC,北京,10,8,3,164.7,0.72
2025-09-14,单一来源,直接访问,移动端,上海,7,3,1,41.4,0.38
2025-09-14,供应商查询,直接访问,移动端,湖北,25,4,3,105.4,0.27
2025-09-14,投诉处理,直接访问,PC,广东,28,5,3,115.1,0.7
2025-09-14,招投标公告,外部链接,移动端,广东,40,6,4,100.2,0.36
2025-09-14,资格预审,站内,PC,山东,18,8,3,87.2,0.54
2025-09-14,工程招标,站内,移动端,湖北,37,4,2,98.7,0.34
2025-09-14,工程招标,付费推广,移动端,广东,19,7,2,105.9,0.24
2025-09-14,资格预审,直接访问,PC,上海,4,3,2,70.3,0.67
2025-09-14,招标代理,直接访问,PC,四川,23,6,4,88.6,0.43
2025-09-14,竞争性谈判,直接访问,PC,江苏,17,11,8,87.9,0.2
2025-09-14,项目立项,外部链接,PC,四川,7,2,0,124.1,0.61
2025-09-14,招投标公告,直接访问,PC,浙江,36,12,10,122.1,0.26
2025-09-14,工程招标,付费推广,PC,北京,26,6,4,78.3,0.24
2025-09-14,中标结果,直接访问,PC,湖北,28,5,4,112.4,0.47
2025-09-14,采购信息,外部链接,PC,江苏,3,3,2,146.7,0.26
2025-09-14,招标代理,付费推广,PC,山东,33,4,3,137.4,0.38
2025-09-14,供应商查询,付费推广,PC,江苏,43,12,5,38.9,0.33
2025-09-14,工程招标,外部链接,移动端,湖北,7,3,1,20.8,0.56
2025-09-14,招投标公告,直接访问,PC,浙江,34,2,1,100.8,0.68
2025-09-14,电子招投标,站内,PC,山东,42,10,6,116.7,0.74
2025-09-14,采购信息,外部链接,PC,上海,29,9,6,107.0,0.18
2025-09-14,履约信息,直接访问,PC,上海,15,12,4,169.7,0.6
2025-09-14,政策解读,直接访问,PC,北京,10,1,0,149.2,0.31
2025-09-14,信用查询,站内,PC,广东,35,6,3,85.7,0.64
2025-09-14,工程招标,站内,移动端,广东,5,1,0,151.3,0.6
2025-09-14,招标代理,站内,PC,浙江,45,9,6,145.9,0.73
2025-09-14,采购信息,外部链接,移动端,北京,32,9,4,120.2,0.48
2025-09-14,开标记录,站内,PC,湖北,29,8,3,67.4,0.62
2025-09-14,招投标公告,直接访问,PC,上海,9,4,3,127.0,0.66
2025-09-15,招标文件,直接访问,移动端,北京,17,9,5,172.3,0.44
2025-09-15,供应商查询,外部链接,PC,四川,31,10,4,124.0,0.31
2025-09-15,框架协议,外部链接,PC,山东,13,7,2,175.1,0.4
2025-09-15,更正公告,外部链接,PC,江苏,31,6,4,127.4,0.74
2025-09-15,开标记录,直接访问,PC,四川,57,12,10,80.3,0.25
2025-09-15,履约信息,外部链接,PC,四川,16,8,3,70.8,0.51
2025-09-15,项目立项,外部链接,PC,山东,30,12,6,157.6,0.16
2025-09-15,采购信息,外部链接,移动端,湖北,14,7,4,141.8,0.49
2025-09-15,供应商查询,直接访问,PC,山东,20,5,3,108.6,0.56
2025-09-15,更正公告,直接访问,PC,浙江,27,10,8,84.6,0.3
2025-09-15,废标公告,外部链接,移动端,浙江,17,7,5,65.5,0.5
2025-09-15,招投标公告,直接访问,PC,上海,56,11,7,19.6,0.73
2025-09-15,工程招标,站内,PC,湖北,14,3,2,82.8,0.48
2025-09-15,信用查询,直接访问,PC,江苏,37,9,7,34.9,0.28
2025-09-15,行业动态,外部链接,移动端,广东,25,6,3,114.4,0.43
2025-09-15,废标公告,站内,PC,四川,12,7,6,42.2,0.73
2025-09-15,电子招投标,付费推广,PC,浙江,24,1,0,128.0,0.21
2025-09-15,信用查询,站内,PC,浙江,12,1,0,65.4,0.48
2025-09-15,框架协议,直接访问,PC,江苏,20,7,4,141.3,0.7
2025-09-15,企业资质,外部链接,PC,上海,5,7,5,36.3,0.6
2025-09-15,中标结果,站内,PC,浙江,42,5,4,175.0,0.23
2025-09-15,行业报告,直接访问,PC,四川,42,7,4,166.5,0.25
2025-09-15,招标代理,直接访问,移动端,上海,22,2,1,114.8,0.67
2025-09-15,工程招标,付费推广,移动端,上海,11,3,1,56.2,0.71
2025-09-15,合同公示,直接访问,移动端,江苏,25,8,4,105.7,0.56
2025-09-15,招标文件,外部链接,移动端,四川,19,3,1,54.5,0.15
2025-09-15,废标公告,付费推广,PC,四川,1,4,1,138.0,0.39
2025-09-15,项目立项,付费推广,移动端,北京,47,12,9,144.2,0.24
2025-09-15,投诉处理,外部链接,PC,江苏,31,9,6,74.1,0.34
2025-09-15,项目立项,外部链接,PC,江苏,10,3,2,133.5,0.34
2025-09-15,供应商查询,付费推广,PC,四川,4,10,3,72.4,0.18
2025-09-15,更正公告,直接访问,PC,北京,17,5,3,94.4,0.61
2025-09-15,合同公示,直接访问,PC,山东,21,9,6,153.0,0.66
2025-09-15,工程招标,外部链接,移动端,山东,3,4,1,72.0,0.44
2025-09-15,政策解读,直接访问,PC,浙江,24,7,2,50.6,0.65
2025-09-15,政策解读,外部链接,PC,广东,35,9,5,166.0,0.19
2025-09-15,投标保证金,外部链接,PC,广东,21,5,4,69.2,0.19
2025-09-15,工程招标,直接访问,PC,四川,38,11,5,54.7,0.64
2025-09-15,电子招投标,直接访问,PC,北京,18,6,3,65.4,0.67
2025-09-15,中标公示,站内,PC,湖北,26,3,2,169.0,0.74
2025-09-15,采购信息,站内,PC,江苏,24,7,4,175.4,0.35
2025-09-15,资格预审,外部链接,移动端,广东,15,2,0,54.9,0.16
2025-09-16,废标公告,外部链接,PC,北京,37,12,4,102.6,0.69
2025-09-16,工程招标,直接访问,PC,江苏,46,10,7,78.1,0.25
2025-09-16,企业资质,直接访问,移动端,山东,36,6,4,102.2,0.72
2025-09-16,单一来源,站内,PC,上海,27,2,1,105.3,0.55
2025-09-16,项目立项,外部链接,PC,上海,26,5,3,116.6,0.67
2025-09-16,信用查询,外部链接,移动端,江苏,29,5,4,61.1,0.71
2025-09-16,中标结果,站内,PC,湖北,29,9,3,53.3,0.17
2025-09-16,政策解读,直接访问,PC,北京,30,2,1,105.3,0.32
2025-09-16,企业资质,外部链接,移动端,广东,44,12,9,35.1,0.43
2025-09-16,招投标公告,直接访问,移动端,湖北,34,7,4,145.9,0.2
2025-09-16,废标公告,直接访问,PC,广东,31,12,7,153.5,0.34
2025-09-16,工程招标,直接访问,移动端,北京,1,2,1,58.3,0.66
2025-09-16,工程招标,外部链接,PC,上海,30,11,9,57.4,0.41
2025-09-16,行业报告,外部链接,PC,北京,15,9,6,71.1,0.68
2025-09-16,招标文件,站内,PC,北京,26,6,5,79.4,0.39
2025-09-16,企业资质,直接访问,移动端,湖北,19,10,4,147.4,0.19
2025-09-16,招投标公告,直接访问,PC,湖北,17,2,1,125.8,0.2
2025-09-16,招标文件,直接访问,PC,山东,37,10,4,160.1,0.21
2025-09-16,招标文件,直接访问,移动端,广东,23,11,4,96.8,0.42
2025-09-16,更正公告,外部链接,PC,湖北,13,7,2,46.7,0.2
2025-09-16,投标保证金,直接访问,移动端,湖北,19,2,0,179.9,0.43
2025-09-16,评标专家,外部链接,PC,江苏,16,7,5,174.1,0.17
2025-09-16,项目立项,外部链接,PC,浙江,13,1,0,51.8,0.23
2025-09-16,更正公告,站内,PC,江苏,21,11,5,140.3,0.29
2025-09-16,招标文件,直接访问,PC,湖北,47,10,8,83.1,0.57
2025-09-16,更正公告,外部链接,移动端,广东,42,10,4,117.4,0.42
2025-09-16,采购信息,直接访问,移动端,北京,32,12,5,139.3,0.42
2025-09-16,废标公告,直接访问,PC,浙江,25,1,0,107.6,0.49
2025-09-16,工程招标,直接访问,PC,江苏,15,12,9,67.4,0.27
2025-09-16,中标公示,外部链接,PC,山东,28,4,2,139.1,0.73
2025-09-16,采购信息,直接访问,PC,山东,9,8,2,55.7,0.16
2025-09-16,招投标公告,付费推广,移动端,四川,8,4,2,48.2,0.23
2025-09-16,工程招标,直接访问,PC,广东,29,5,1,158.9,0.69
2025-09-16,资格预审,站内,PC,山东,5,3,1,21.2,0.57
2025-09-16,中标公示,外部链接,移动端,北京,23,10,4,179.6,0.29
2025-09-16,行业动态,直接访问,移动端,江苏,6,2,1,139.6,0.48
2025-09-16,中标公示,外部链接,移动端,山东,33,3,2,169.2,0.39
2025-09-16,工程招标,直接访问,移动端,江苏,9,3,1,152.8,0.57
2025-09-16,项目立项,直接访问,PC,广东,16,1,0,87.9,0.56
2025-09-16,采购信息,外部链接,PC,湖北,11,8,5,169.3,0.24
2025-09-16,招投标公告,外部链接,移动端,浙江,47,7,6,40.0,0.49
2025-09-16,工程招标,付费推广,移动端,广东,9,6,3,27.7,0.45
2025-09-17,招标文件,站内,移动端,广东,14,8,3,48.7,0.62
2025-09-17,合同公示,直接访问,PC,浙江,30,9,7,100.5,0.68
2025-09-17,合同公示,外部链接,PC,广东,29,5,2,84.0,0.22
2025-09-17,中标公示,外部链接,PC,北京,32,8,6,67.6,0.39
2025-09-17,法律法规,直接访问,PC,江苏,13,5,4,76.4,0.21
2025-09-17,供应商查询,直接访问,PC,江苏,18,2,0,62.0,0.6
2025-09-17,中标结果,站内,移动端,湖北,19,10,3,121.9,0.36
2025-09-17,招投标公告,付费推广,PC,北京,41,11,6,108.3,0.73
2025-09-17,政府采购,直接访问,PC,四川,18,10,6,24.0,0.21
2025-09-17,行业报告,直接访问,移动端,北京,32,3,2,131.9,0.59
2025-09-17,投标保证金,站内,PC,湖北,18,9,6,93.1,0.75
2025-09-17,企业资质,外部链接,PC,山东,16,5,1,151.0,0.48
2025-09-17,招投标公告,外部链接,移动端,山东,8,5,3,88.8,0.18
2025-09-17,供应商查询,站内,移动端,浙江,34,7,4,50.0,0.35
2025-09-17,采购信息,外部链接,PC,江苏,23,8,7,43.6,0.28
2025-09-17,投诉处理,直接访问,PC,上海,7,3,2,28.7,0.25
2025-09-17,单一来源,外部链接,移动端,上海,0,1,0,160.3,0.61
2025-09-17,招投标公告,直接访问,PC,湖北,26,4,3,56.8,0.22
2025-09-17,招投标公告,外部链接,移动端,北京,25,2,0,18.4,0.5
2025-09-17,更正公告,直接访问,移动端,上海,10,4,1,169.3,0.6
2025-09-17,行业报告,外部链接,移动端,山东,21,12,9,19.4,0.63
2025-09-17,招标文件,外部链接,移动端,北京,27,9,5,57.7,0.18
2025-09-17,企业资质,站内,移动端,江苏,23,11,5,162.2,0.58
2025-09-17,采购信息,直接访问,移动端,北京,28,6,2,60.0,0.45
2025-09-17,框架协议,付费推广,PC,广东,4,4,2,76.8,0.34
2025-09-17,采购信息,直接访问,PC,四川,27,7,6,112.3,0.57
2025-09-17,更正公告,直接访问,PC,广东,8,2,0,160.8,0.58
2025-09-17,开标记录,站内,PC,北京,34,12,7,54.0,0.42
2025-09-17,企业资质,直接访问,PC,湖北,19,3,1,161.7,0.45
2025-09-17,政府采购,付费推广,PC,四川,45,11,9,43.9,0.71
2025-09-17,招标文件,外部链接,PC,北京,21,3,2,131.6,0.21
2025-09-17,工程招标,直接访问,PC,上海,45,11,9,20.9,0.55
2025-09-17,信用查询,直接访问,PC,山东,12,10,4,87.1,0.16
2025-09-17,招投标公告,外部链接,PC,山东,6,2,0,177.3,0.23
2025-09-17,单一来源,付费推广,PC,四川,30,2,0,104.2,0.37
2025-09-17,中标公示,直接访问,移动端,浙江,39,12,10,79.9,0.18
2025-09-17,履约信息,外部链接,移动端,山东,30,7,6,151.7,0.17
2025-09-17,评标结果,直接访问,PC,山东,48,12,9,136.6,0.45
2025-09-17,工程招标,直接访问,移动端,湖北,21,2,1,45.4,0.71
2025-09-18,单一来源,直接访问,PC,上海,20,7,4,81.5,0.4
2025-09-18,投标保证金,付费推广,移动端,湖北,8,3,2,172.9,0.52
2025-09-18,中标结果,付费推广,移动端,山东,46,9,7,119.0,0.43
2025-09-18,废标公告,外部链接,移动端,浙江,37,6,2,35.6,0.46
2025-09-18,中标公示,外部链接,PC,上海,28,3,1,51.9,0.18
2025-09-18,竞争性谈判,站内,移动端,上海,25,2,0,121.2,0.66
2025-09-18,资格预审,站内,PC,江苏,19,10,7,124.9,0.32
2025-09-18,采购信息,站内,移动端,北京,56,11,8,49.7,0.48
2025-09-18,政策解读,外部链接,PC,湖北,27,4,2,113.1,0.32
2025-09-18,履约信息,外部链接,PC,北京,37,9,5,21.8,0.39
2025-09-18,采购信息,站内,PC,北京,4,2,1,44.1,0.68
2025-09-18,招标文件,外部链接,PC,上海,25,4,3,83.0,0.34
2025-09-18,单一来源,外部链接,PC,浙江,13,8,3,178.0,0.27
2025-09-18,招投标公告,外部链接,PC,山东,9,9,7,32.5,0.32
2025-09-18,招标代理,直接访问,移动端,山东,23,2,0,34.0,0.64
2025-09-18,框架协议,外部链接,PC,北京,40,11,8,178.0,0.36
2025-09-18,竞争性谈判,付费推广,移动端,江苏,30,2,1,176.5,0.43
2025-09-18,政策解读,站内,移动端,北京,10,2,0,54.2,0.47
2025-09-18,询价公告,直接访问,移动端,山东,28,9,6,144.3,0.51
2025-09-18,招投标公告,直接访问,PC,湖北,25,2,1,117.7,0.74
2025-09-18,工程招标,站内,移动端,湖北,20,5,3,50.1,0.35
2025-09-18,采购信息,直接访问,PC,北京,17,1,0,20.4,0.58
2025-09-18,行业动态,站内,PC,广东,21,1,0,158.6,0.27
2025-09-18,框架协议,直接访问,PC,上海,14,3,2,112.8,0.62
2025-09-18,供应商查询,外部链接,PC,四川,12,8,3,81.0,0.42
2025-09-18,政府采购,直接访问,移动端,北京,28,4,2,139.3,0.68
2025-09-18,工程招标,直接访问,移动端,湖北,18,5,4,18.7,0.71
2025-09-18,采购信息,直接访问,移动端,江苏,24,3,1,139.2,0.22
2025-09-18,政策解读,直接访问,PC,江苏,3,9,3,66.8,0.21
2025-09-18,中标结果,站内,PC,广东,9,6,5,34.4,0.7
2025-09-18,供应商查询,站内,移动端,湖北,19,12,6,126.2,0.71
2025-09-18,更正公告,直接访问,PC,北京,28,1,0,141.3,0.7
2025-09-18,中标结果,站内,PC,湖北,19,2,1,72.6,0.6
2025-09-18,企业资质,直接访问,PC,北京,43,8,6,34.0,0.29
2025-09-18,供应商查询,外部链接,PC,四川,35,6,2,170.1,0.18
2025-09-18,项目立项,外部链接,PC,湖北,13,1,0,140.9,0.66
2025-09-18,供应商查询,直接访问,移动端,山东,15,3,1,34.5,0.43
2025-09-18,招投标公告,外部链接,PC,湖北,29,5,3,179.2,0.6
2025-09-19,项目立项,直接访问,PC,四川,28,5,4,48.1,0.42
2025-09-19,开标记录,站内,PC,四川,26,12,7,26.1,0.49
2025-09-19,招标文件,站内,PC,湖北,21,3,2,101.6,0.33
2025-09-19,招投标公告,直接访问,PC,广东,41,8,5,51.5,0.44
2025-09-19,招投标公告,站内,PC,四川,27,4,3,85.6,0.23
2025-09-19,资格预审,直接访问,PC,山东,28,10,3,60.6,0.7
2025-09-19,政策解读,直接访问,移动端,上海,24,1,0,56.1,0.15
2025-09-19,电子招投标,外部链接,移动端,上海,35,8,3,31.6,0.69
2025-09-19,行业报告,直接访问,移动端,广东,19,6,2,90.9,0.59
2025-09-19,中标公示,站内,PC,四川,35,6,2,30.5,0.57
2025-09-19,招投标公告,站内,PC,上海,27,3,1,153.6,0.42
2025-09-19,工程招标,直接访问,PC,上海,29,8,3,93.3,0.37
2025-09-19,信用查询,直接访问,PC,山东,25,2,1,65.7,0.52
2025-09-19,行业动态,直接访问,PC,湖北,17,10,6,46.5,0.21
2025-09-19,中标结果,外部链接,PC,上海,25,3,1,84.9,0.73
2025-09-19,行业动态,外部链接,PC,江苏,21,3,2,152.3,0.19
2025-09-19,行业动态,站内,PC,广东,15,4,3,167.7,0.42
2025-09-19,电子招投标,站内,移动端,广东,11,5,3,84.9,0.43
2025-09-19,采购信息,直接访问,移动端,北京,34,8,3,89.9,0.74
2025-09-19,企业资质,直接访问,PC,广东,26,12,6,27.9,0.68
2025-09-19,资格预审,外部链接,移动端,四川,25,2,1,116.0,0.23
2025-09-19,询价公告,付费推广,PC,北京,28,3,2,80.8,0.36
2025-09-19,招投标公告,付费推广,移动端,湖北,22,1,0,86.0,0.39
2025-09-19,招标文件,直接访问,移动端,江苏,28,6,5,119.0,0.53
2025-09-19,供应商查询,外部链接,PC,湖北,39,5,4,98.2,0.37
2025-09-19,中标结果,站内,PC,广东,26,11,8,173.5,0.66
2025-09-19,行业报告,直接访问,移动端,四川,27,5,4,23.3,0.31
2025-09-19,行业报告,直接访问,PC,上海,16,6,5,46.1,0.72
2025-09-19,采购信息,直接访问,PC,四川,51,11,8,175.7,0.22
2025-09-19,履约信息,直接访问,PC,四川,15,12,8,156.6,0.5
2025-09-19,开标记录,站内,PC,浙江,14,10,4,159.8,0.33
2025-09-19,采购信息,付费推广,移动端,上海,11,1,0,109.4,0.59
2025-09-19,法律法规,直接访问,PC,江苏,16,5,2,144.4,0.6
2025-09-19,供应商查询,付费推广,移动端,上海,30,1,0,98.4,0.27
2025-09-19,中标公示,直接访问,PC,上海,9,2,1,114.4,0.67
2025-09-19,合同公示,外部链接,移动端,四川,27,10,9,39.5,0.39
2025-09-19,招投标公告,直接访问,PC,浙江,51,12,6,172.0,0.43
2025-09-19,工程招标,站内,移动端,湖北,26,5,2,22.1,0.52
2025-09-19,工程招标,站内,PC,广东,28,10,6,159.7,0.31
2025-09-19,工程招标,站内,PC,浙江,12,6,3,61.9,0.58
2025-09-19,工程招标,外部链接,PC,浙江,51,11,9,166.6,0.43
2025-09-19,工程招标,外部链接,移动端,四川,22,12,9,175.3,0.45
2025-09-19,采购信息,站内,移动端,四川,28,12,10,47.2,0.71
2025-09-19,招投标公告,站内,PC,广东,42,7,4,111.1,0.73
2025-09-19,履约信息,站内,移动端,湖北,7,6,2,73.1,0.58
2025-09-19,项目立项,付费推广,PC,四川,44,11,7,103.4,0.27
2025-09-19,单一来源,直接访问,移动端,湖北,30,12,9,145.7,0.16
2025-09-19,政策解读,直接访问,PC,上海,33,6,3,144.4,0.67
2025-09-19,单一来源,直接访问,移动端,上海,33,9,3,74.8,0.6
2025-09-19,政策解读,直接访问,移动端,湖北,20,3,2,45.9,0.4
2025-09-20,框架协议,站内,移动端,北京,33,3,2,62.3,0.32
2025-09-20,行业报告,外部链接,移动端,湖北,13,7,3,39.8,0.39
2025-09-20,采购信息,站内,PC,广东,15,10,5,28.8,0.65
2025-09-20,合同公示,直接访问,PC,北京,18,1,0,53.6,0.37
2025-09-20,工程招标,外部链接,PC,江苏,18,8,3,156.1,0.57
2025-09-20,中标结果,直接访问,PC,山东,27,8,5,63.5,0.22
2025-09-20,政府采购,直接访问,移动端,山东,29,7,5,53.4,0.47
2025-09-20,招标代理,直接访问,移动端,浙江,22,8,3,32.6,0.65
2025-09-20,项目立项,站内,移动端,浙江,3,4,3,122.2,0.63
2025-09-20,采购信息,站内,移动端,江苏,14,3,2,74.5,0.69
2025-09-20,招标文件,付费推广,PC,上海,32,8,4,76.6,0.72
2025-09-20,信用查询,站内,PC,浙江,25,5,3,175.9,0.64
2025-09-20,履约信息,站内,PC,四川,4,2,1,179.7,0.65
2025-09-20,中标公示,外部链接,PC,江苏,19,12,5,108.8,0.42
2025-09-20,采购信息,直接访问,移动端,上海,32,4,2,72.3,0.27
2025-09-20,开标记录,外部链接,PC,广东,27,3,1,104.8,0.6
2025-09-20,供应商查询,站内,PC,广东,12,5,3,101.5,0.59
2025-09-20,采购信息,外部链接,移动端,广东,35,10,5,161.5,0.44
2025-09-20,评标专家,直接访问,PC,江苏,28,4,2,147.3,0.5
2025-09-20,采购信息,外部链接,PC,湖北,23,1,0,33.2,0.28
2025-09-20,政策解读,付费推广,PC,浙江,14,8,3,105.8,0.42
2025-09-20,合同公示,站内,移动端,江苏,31,7,5,160.0,0.6
2025-09-20,供应商查询,付费推广,移动端,北京,20,6,4,78.4,0.46
2025-09-20,资格预审,直接访问,PC,山东,32,8,7,154.6,0.16
2025-09-20,政策解读,直接访问,移动端,湖北,11,1,0,84.7,0.68
2025-09-20,招投标公告,站内,PC,浙江,34,8,4,100.5,0.28
2025-09-20,供应商查询,外部链接,移动端,广东,21,7,4,169.1,0.26
2025-09-20,工程招标,直接访问,移动端,江苏,20,2,1,122.8,0.41
2025-09-20,采购信息,站内,移动端,广东,26,7,4,85.2,0.33
2025-09-20,开标记录,外部链接,移动端,山东,31,7,2,179.1,0.34
2025-09-20,招投标公告,外部链接,PC,上海,9,3,2,60.5,0.66
2025-09-20,中标结果,站内,PC,湖北,21,11,8,81.3,0.26
2025-09-20,招投标公告,直接访问,移动端,广东,30,8,3,153.6,0.65
2025-09-20,招投标公告,付费推广,移动端,上海,19,8,3,131.8,0.73
2025-09-20,框架协议,站内,PC,北京,23,8,6,86.5,0.65
2025-09-20,资格预审,直接访问,移动端,上海,28,1,0,32.1,0.61
2025-09-20,评标专家,直接访问,移动端,广东,18,2,1,22.3,0.38
2025-09-20,工程招标,外部链接,移动端,山东,22,4,1,103.9,0.73
2025-09-20,采购信息,外部链接,PC,江苏,30,11,8,41.8,0.67
2025-09-20,政府采购,站内,PC,北京,16,7,4,120.7,0.72
2025-09-20,采购信息,直接访问,PC,广东,31,2,1,143.1,0.7
2025-09-20,项目立项,付费推广,移动端,北京,32,6,2,25.5,0.44
2025-09-20,招标代理,付费推广,PC,江苏,6,1,0,23.0,0.53
2025-09-20,招投标公告,外部链接,移动端,北京,22,8,3,44.8,0.72
2025-09-20,行业动态,外部链接,移动端,江苏,25,9,4,155.8,0.42
2025-09-20,政策解读,外部链接,移动端,上海,23,11,7,30.2,0.47
2025-09-20,中标结果,外部链接,PC,湖北,12,2,0,81.5,0.16
2025-09-20,招投标公告,直接访问,PC,北京,35,8,3,86.2,0.55
2025-09-20,履约信息,直接访问,PC,湖北,31,11,7,179.7,0.56
2025-09-20,履约信息,站内,PC,广东,27,12,9,44.3,0.68
2025-09-20,采购信息,外部链接,移动端,上海,4,4,2,47.6,0.7
2025-09-20,行业动态,直接访问,移动端,广东,8,4,2,39.4,0.6
2025-09-20,采购信息,直接访问,移动端,江苏,22,1,0,141.8,0.3
2025-09-21,询价公告,站内,移动端,江苏,33,11,3,82.8,0.57
2025-09-21,废标公告,站内,PC,北京,35,6,5,58.3,0.37
2025-09-21,招标代理,直接访问,PC,浙江,13,3,1,83.3,0.43
2025-09-21,电子招投标,付费推广,PC,北京,21,3,1,150.3,0.73
2025-09-21,更正公告,外部链接,PC,广东,13,5,2,44.9,0.4
2025-09-21,评标结果,直接访问,PC,北京,33,8,7,48.6,0.36
2025-09-21,资格预审,外部链接,移动端,上海,22,10,8,69.9,0.48
2025-09-21,中标公示,付费推广,移动端,山东,25,12,7,166.5,0.41
2025-09-21,招标文件,直接访问,PC,广东,52,9,8,116.5,0.3
2025-09-21,招标文件,外部链接,移动端,北京,8,3,2,22.8,0.69
2025-09-21,招标文件,直接访问,移动端,山东,33,7,3,146.4,0.59
2025-09-21,项目立项,站内,移动端,北京,8,4,2,101.7,0.49
2025-09-21,招标文件,付费推广,移动端,山东,24,3,1,71.0,0.55
2025-09-21,招标文件,站内,移动端,上海,31,5,4,175.1,0.54
2025-09-21,招投标公告,直接访问,PC,浙江,13,1,0,87.4,0.72
2025-09-21,招投标公告,付费推广,移动端,湖北,22,3,2,178.0,0.37
2025-09-21,政策解读,站内,PC,四川,16,4,2,117.7,0.4
2025-09-21,招标代理,直接访问,PC,山东,33,3,2,155.2,0.34
2025-09-21,投标保证金,直接访问,PC,上海,23,6,2,49.5,0.55
2025-09-21,招标文件,直接访问,PC,山东,12,8,5,98.4,0.73
2025-09-21,招投标公告,直接访问,移动端,上海,26,1,0,118.8,0.65
2025-09-21,行业报告,直接访问,PC,山东,7,4,1,66.3,0.26
2025-09-21,招标文件,付费推广,PC,山东,27,5,3,61.9,0.41
2025-09-21,中标结果,付费推广,PC,上海,31,4,2,174.9,0.15
2025-09-21,废标公告,直接访问,PC,北京,17,8,5,96.3,0.29
2025-09-21,项目立项,站内,移动端,北京,12,5,2,24.0,0.64
2025-09-21,行业动态,直接访问,PC,四川,16,9,6,163.0,0.42
2025-09-21,采购信息,站内,PC,四川,31,4,2,82.5,0.54
2025-09-21,开标记录,直接访问,PC,浙江,28,1,0,68.5,0.47
2025-09-21,法律法规,付费推广,PC,上海,22,3,1,51.9,0.38
2025-09-21,框架协议,站内,移动端,广东,29,4,2,171.7,0.53
2025-09-21,政府采购,直接访问,PC,广东,21,3,1,131.0,0.2
2025-09-21,信用查询,直接访问,PC,浙江,32,4,3,85.6,0.27
2025-09-21,招标代理,外部链接,PC,江苏,24,1,0,142.5,0.41
2025-09-21,招投标公告,站内,移动端,山东,21,1,0,133.9,0.51
2025-09-21,资格预审,外部链接,移动端,江苏,23,4,1,156.7,0.24
2025-09-21,供应商查询,直接访问,PC,江苏,14,9,4,44.4,0.39
2025-09-22,项目立项,直接访问,移动端,广东,12,5,4,20.9,0.29
2025-09-22,企业资质,外部链接,PC,江苏,27,6,4,135.7,0.73
2025-09-22,招投标公告,外部链接,移动端,上海,23,11,9,139.6,0.32
2025-09-22,单一来源,站内,移动端,浙江,45,10,5,80.8,0.39
2025-09-22,履约信息,直接访问,PC,湖北,4,1,0,139.3,0.19
2025-09-22,政策解读,直接访问,PC,山东,16,1,0,83.0,0.35
2025-09-22,开标记录,直接访问,PC,湖北,13,4,2,25.1,0.59
2025-09-22,信用查询,直接访问,移动端,江苏,0,1,0,157.3,0.5
2025-09-22,行业报告,付费推广,PC,浙江,16,11,4,21.8,0.31
2025-09-22,工程招标,直接访问,移动端,四川,25,10,6,156.9,0.49
2025-09-22,开标记录,付费推广,PC,湖北,11,1,0,166.6,0.72
2025-09-22,招标代理,外部链接,PC,江苏,15,11,7,69.7,0.6
2025-09-22,投诉处理,直接访问,PC,四川,19,4,2,20.6,0.49
2025-09-22,竞争性谈判,外部链接,PC,四川,36,9,4,71.5,0.74
2025-09-22,工程招标,直接访问,移动端,四川,5,3,1,69.0,0.39
2025-09-22,招投标公告,付费推广,PC,湖北,4,3,1,90.5,0.33
2025-09-22,更正公告,直接访问,PC,湖北,25,1,0,179.1,0.37
2025-09-22,供应商查询,直接访问,移动端,广东,14,2,1,98.5,0.21
2025-09-22,中标结果,直接访问,PC,广东,15,6,2,30.2,0.3
2025-09-22,招标文件,直接访问,PC,湖北,15,5,3,33.7,0.64
2025-09-22,政府采购,付费推广,PC,广东,22,6,4,169.2,0.2
2025-09-22,合同公示,外部链接,移动端,湖北,45,7,6,134.4,0.5
2025-09-22,中标结果,直接访问,PC,浙江,20,4,3,119.6,0.49
2025-09-22,供应商查询,付费推广,PC,山东,23,1,0,130.4,0.66
2025-09-22,投标保证金,直接访问,PC,广东,13,11,4,22.1,0.37
2025-09-22,中标公示,直接访问,移动端,上海,42,12,9,145.4,0.23
2025-09-22,行业动态,站内,PC,广东,14,3,2,56.9,0.25
2025-09-22,供应商查询,站内,移动端,湖北,24,10,8,44.8,0.43
2025-09-22,采购信息,付费推广,PC,四川,15,11,4,129.1,0.16
2025-09-22,招投标公告,外部链接,PC,湖北,24,10,4,63.2,0.23
2025-09-22,评标专家,外部链接,PC,上海,22,10,3,150.8,0.67
2025-09-22,招标文件,直接访问,PC,湖北,10,1,0,88.7,0.56
2025-09-22,评标结果,直接访问,移动端,北京,25,1,0,64.1,0.3
2025-09-22,项目立项,直接访问,移动端,上海,18,3,1,53.4,0.71
2025-09-22,中标结果,站内,移动端,广东,35,7,4,95.5,0.71
2025-09-22,中标结果,直接访问,PC,浙江,34,7,5,68.7,0.52
2025-09-22,投标保证金,直接访问,PC,广东,41,11,6,26.7,0.69
2025-09-22,采购信息,外部链接,移动端,山东,26,6,3,86.1,0.37
2025-09-22,招标代理,站内,PC,上海,22,1,0,83.6,0.63
2025-09-22,项目立项,直接访问,移动端,湖北,13,5,4,110.9,0.31
2025-09-23,中标公示,外部链接,PC,浙江,51,10,7,111.0,0.48
2025-09-23,采购信息,付费推广,移动端,江苏,33,10,8,113.5,0.52
2025-09-23,招标文件,直接访问,移动端,浙江,17,3,2,53.1,0.23
2025-09-23,采购信息,外部链接,移动端,北京,22,3,1,158.5,0.21
2025-09-23,资格预审,外部链接,PC,江苏,5,1,0,129.0,0.41
2025-09-23,询价公告,付费推广,PC,浙江,57,10,9,98.6,0.25
2025-09-23,信用查询,外部链接,PC,山东,30,12,7,155.3,0.61
2025-09-23,政策解读,付费推广,PC,山东,25,9,6,71.4,0.48
2025-09-23,更正公告,直接访问,PC,湖北,30,12,4,135.2,0.5
2025-09-23,供应商查询,直接访问,移动端,江苏,22,7,2,87.4,0.42
2025-09-23,采购信息,站内,PC,浙江,4,1,0,50.6,0.63
2025-09-23,招投标公告,外部链接,移动端,上海,12,7,2,19.2,0.4
2025-09-23,供应商查询,直接访问,PC,湖北,18,5,2,71.1,0.61
2025-09-23,信用查询,直接访问,移动端,上海,9,5,3,19.1,0.38
2025-09-23,中标结果,外部链接,移动端,上海,11,5,3,85.2,0.36
2025-09-23,招标文件,直接访问,移动端,江苏,33,5,1,66.0,0.24
2025-09-23,更正公告,直接访问,PC,湖北,26,1,0,69.6,0.43
2025-09-23,招投标公告,直接访问,PC,浙江,34,7,3,169.7,0.24
2025-09-23,采购信息,外部链接,PC,广东,23,12,6,117.1,0.47
2025-09-23,招投标公告,外部链接,移动端,北京,20,4,2,142.8,0.53
2025-09-23,开标记录,外部链接,PC,山东,10,3,2,107.9,0.22
2025-09-23,供应商查询,外部链接,PC,江苏,26,6,5,75.3,0.61
2025-09-23,单一来源,外部链接,移动端,广东,28,10,5,58.7,0.16
2025-09-23,招标文件,站内,移动端,广东,8,3,2,45.3,0.52
2025-09-23,采购信息,外部链接,移动端,广东,38,4,3,103.9,0.73
2025-09-23,工程招标,外部链接,移动端,广东,13,8,3,24.6,0.21
2025-09-23,单一来源,外部链接,PC,湖北,42,8,4,171.7,0.54
2025-09-23,招投标公告,站内,移动端,上海,28,4,1,116.2,0.62
2025-09-23,政策解读,直接访问,PC,江苏,9,2,1,122.8,0.28
2025-09-23,投诉处理,直接访问,移动端,四川,26,12,7,92.4,0.65
2025-09-23,招标文件,外部链接,PC,山东,20,4,2,47.5,0.5
2025-09-23,项目立项,外部链接,移动端,四川,15,2,1,105.6,0.24
2025-09-23,电子招投标,站内,移动端,四川,34,10,5,86.1,0.24
2025-09-23,工程招标,站内,PC,山东,5,2,1,161.2,0.29
2025-09-23,政府采购,外部链接,PC,湖北,17,6,4,126.7,0.48
2025-09-23,开标记录,付费推广,移动端,江苏,17,2,1,98.4,0.34
2025-09-23,行业报告,直接访问,移动端,广东,40,8,6,28.7,0.5
2025-09-23,招标文件,外部链接,移动端,江苏,17,6,3,83.6,0.48
2025-09-23,政策解读,外部链接,PC,浙江,36,9,3,20.7,0.44
2025-09-23,招投标公告,直接访问,PC,北京,21,3,1,155.7,0.59
2025-09-23,行业动态,站内,PC,湖北,24,11,8,142.3,0.64
2025-09-23,招投标公告,站内,PC,湖北,32,7,5,37.2,0.42
2025-09-23,工程招标,外部链接,PC,上海,15,7,4,62.5,0.57
2025-09-23,项目立项,站内,移动端,山东,1,1,0,86.2,0.35
2025-09-23,政策解读,直接访问,PC,浙江,8,4,2,147.7,0.42
2025-09-23,单一来源,站内,移动端,浙江,23,2,1,24.9,0.66
2025-09-23,招标文件,外部链接,PC,上海,35,11,4,115.8,0.68
2025-09-23,采购信息,直接访问,移动端,江苏,3,1,0,175.4,0.34
2025-09-23,招标文件,外部链接,PC,北京,33,3,2,26.0,0.39
2025-09-23,法律法规,直接访问,移动端,湖北,24,9,6,121.5,0.68
2025-09-23,中标结果,直接访问,PC,上海,31,4,2,144.0,0.31
2025-09-23,中标结果,直接访问,PC,山东,37,10,8,141.3,0.29
2025-09-23,电子招投标,站内,PC,江苏,30,1,0,39.8,0.34
2025-09-23,采购信息,外部链接,移动端,北京,27,6,4,91.4,0.7
2025-09-24,企业资质,外部链接,移动端,浙江,24,2,1,24.1,0.49
2025-09-24,招投标公告,外部链接,移动端,江苏,15,11,4,46.4,0.2
2025-09-24,更正公告,站内,PC,四川,34,11,8,88.1,0.38
2025-09-24,评标专家,付费推广,PC,湖北,29,8,6,135.8,0.36
2025-09-24,评标结果,直接访问,PC,北京,19,11,6,28.3,0.15
2025-09-24,招投标公告,直接访问,PC,北京,24,7,4,153.1,0.32
2025-09-24,法律法规,直接访问,移动端,江苏,28,11,6,113.7,0.64
2025-09-24,工程招标,外部链接,PC,广东,39,12,11,83.6,0.55
2025-09-24,法律法规,付费推广,移动端,广东,32,3,1,139.4,0.5
2025-09-24,合同公示,直接访问,移动端,北京,40,9,7,91.3,0.22
2025-09-24,单一来源,付费推广,PC,北京,23,1,0,81.9,0.29
2025-09-24,工程招标,付费推广,PC,上海,12,3,2,117.4,0.48
2025-09-24,招投标公告,付费推广,移动端,湖北,31,9,4,76.0,0.59
2025-09-24,招投标公告,站内,移动端,四川,32,3,2,83.4,0.31
2025-09-24,招投标公告,直接访问,PC,四川,33,2,1,76.4,0.68
2025-09-24,工程招标,站内,移动端,北京,44,9,5,38.8,0.28
2025-09-24,行业动态,站内,PC,湖北,39,10,7,140.8,0.53
2025-09-24,中标公示,直接访问,移动端,江苏,1,2,1,53.0,0.66
2025-09-24,投标保证金,站内,PC,上海,29,12,9,136.0,0.74
2025-09-24,废标公告,站内,PC,江苏,35,11,5,40.8,0.47
2025-09-24,政策解读,外部链接,PC,浙江,11,4,1,79.2,0.59
2025-09-24,招投标公告,外部链接,PC,浙江,9,3,1,130.9,0.5
2025-09-24,政策解读,外部链接,移动端,浙江,9,2,0,20.3,0.34
2025-09-24,采购信息,外部链接,PC,北京,28,9,4,26.4,0.21
2025-09-24,询价公告,外部链接,PC,江苏,8,4,2,170.0,0.3
2025-09-24,中标结果,外部链接,PC,北京,17,1,0,91.9,0.18
2025-09-24,项目立项,外部链接,PC,江苏,30,3,1,26.6,0.54
2025-09-24,合同公示,直接访问,移动端,浙江,14,4,3,170.6,0.26
2025-09-24,单一来源,直接访问,PC,上海,31,4,1,72.3,0.54
2025-09-24,招标代理,付费推广,PC,四川,4,3,1,64.9,0.24
2025-09-24,供应商查询,外部链接,PC,北京,4,5,2,33.5,0.67
2025-09-24,中标结果,直接访问,移动端,上海,10,3,1,24.1,0.74
2025-09-24,采购信息,付费推广,PC,上海,20,1,0,22.5,0.73
2025-09-24,单一来源,站内,移动端,北京,9,4,1,54.2,0.21
2025-09-24,采购信息,直接访问,PC,湖北,9,2,1,136.7,0.3
2025-09-24,废标公告,直接访问,PC,上海,17,4,2,143.1,0.33
2025-09-24,中标结果,站内,PC,湖北,29,7,3,26.8,0.64
2025-09-24,评标专家,直接访问,移动端,山东,26,11,9,125.2,0.48
2025-09-24,评标结果,直接访问,PC,浙江,13,6,3,129.5,0.75
2025-09-24,法律法规,直接访问,移动端,北京,42,5,3,43.5,0.62
2025-09-24,履约信息,外部链接,移动端,湖北,24,7,3,144.8,0.37
2025-09-24,采购信息,站内,移动端,上海,41,5,4,141.9,0.41
2025-09-24,招标文件,直接访问,PC,湖北,29,3,2,58.5,0.32
2025-09-24,履约信息,站内,移动端,山东,14,10,4,94.9,0.24
2025-09-24,中标公示,外部链接,移动端,浙江,26,12,8,62.0,0.71
2025-09-24,招标文件,外部链接,PC,湖北,15,4,2,145.1,0.39
2025-09-24,政策解读,直接访问,PC,浙江,19,10,6,33.6,0.67
2025-09-24,项目立项,外部链接,PC,浙江,14,12,7,21.7,0.63
2025-09-24,中标公示,直接访问,PC,上海,17,1,0,117.4,0.64
2025-09-24,评标专家,付费推广,PC,上海,13,7,5,39.4,0.22
2025-09-24,采购信息,站内,移动端,江苏,32,8,4,63.0,0.24
2025-09-24,行业报告,站内,PC,江苏,37,6,4,150.2,0.51
2025-09-24,中标公示,站内,移动端,江苏,16,1,0,155.1,0.2
2025-09-24,项目立项,直接访问,PC,湖北,26,12,6,118.5,0.42
2025-09-25,中标结果,站内,PC,四川,5,4,2,172.9,0.21
2025-09-25,招标文件,站内,PC,湖北,38,12,5,112.8,0.61
2025-09-25,招投标公告,直接访问,PC,江苏,34,4,2,96.1,0.63
2025-09-25,评标专家,直接访问,移动端,江苏,2,1,0,136.0,0.72
2025-09-25,更正公告,外部链接,PC,北京,7,5,4,82.9,0.74
2025-09-25,行业报告,站内,移动端,北京,20,1,0,163.6,0.25
2025-09-25,企业资质,直接访问,移动端,湖北,53,7,6,106.2,0.17
2025-09-25,投诉处理,站内,移动端,浙江,12,5,2,99.3,0.6
2025-09-25,招标文件,外部链接,移动端,广东,15,4,2,27.9,0.44
2025-09-25,法律法规,直接访问,移动端,北京,13,4,3,30.9,0.62
2025-09-25,招投标公告,站内,PC,山东,25,2,0,132.3,0.5
2025-09-25,招标文件,站内,PC,上海,9,5,4,175.2,0.46
2025-09-25,投标保证金,直接访问,PC,上海,25,9,5,40.1,0.44
2025-09-25,询价公告,站内,移动端,湖北,33,8,6,79.7,0.67
2025-09-25,工程招标,直接访问,移动端,北京,9,1,0,117.6,0.22
2025-09-25,法律法规,直接访问,移动端,江苏,5,3,1,74.4,0.68
2025-09-25,招投标公告,直接访问,移动端,浙江,38,6,2,125.2,0.38
2025-09-25,供应商查询,直接访问,PC,上海,31,6,2,68.5,0.2
2025-09-25,工程招标,直接访问,PC,北京,37,12,7,103.2,0.7
2025-09-25,中标结果,外部链接,PC,浙江,18,1,0,178.4,0.57
2025-09-25,招标文件,外部链接,移动端,湖北,34,4,2,41.6,0.74
2025-09-25,中标结果,站内,PC,湖北,18,7,2,77.4,0.31
2025-09-25,履约信息,外部链接,移动端,北京,15,5,4,153.9,0.15
2025-09-25,开标记录,外部链接,移动端,湖北,28,3,1,148.9,0.68
2025-09-25,招投标公告,外部链接,移动端,湖北,43,9,6,141.1,0.44
2025-09-25,政策解读,直接访问,PC,浙江,17,9,6,159.0,0.55
2025-09-25,工程招标,直接访问,PC,上海,20,9,3,63.0,0.35
2025-09-25,工程招标,直接访问,移动端,江苏,1,1,0,135.7,0.48
2025-09-25,中标结果,站内,PC,北京,19,12,4,126.1,0.65
2025-09-25,评标专家,直接访问,PC,山东,31,3,1,151.8,0.62
2025-09-25,中标结果,直接访问,移动端,四川,24,8,5,141.0,0.46
2025-09-25,招投标公告,付费推广,PC,北京,19,1,0,64.6,0.67
2025-09-25,评标专家,直接访问,PC,四川,31,3,2,124.2,0.32
2025-09-25,行业动态,站内,PC,上海,23,9,3,100.6,0.48
2025-09-25,资格预审,直接访问,PC,四川,28,8,7,179.3,0.43
2025-09-26,电子招投标,外部链接,PC,山东,34,5,4,134.7,0.51
2025-09-26,招投标公告,站内,移动端,四川,40,8,6,142.4,0.48
2025-09-26,采购信息,外部链接,移动端,湖北,30,10,8,66.3,0.69
2025-09-26,政策解读,站内,PC,湖北,14,2,1,86.1,0.29
2025-09-26,中标结果,直接访问,PC,广东,16,2,1,85.1,0.71
2025-09-26,中标结果,外部链接,PC,广东,17,3,1,63.4,0.44
2025-09-26,供应商查询,外部链接,移动端,湖北,32,5,2,153.7,0.67
2025-09-26,工程招标,站内,移动端,江苏,38,11,5,58.6,0.28
2025-09-26,政策解读,站内,PC,山东,28,12,5,71.6,0.3
2025-09-26,履约信息,外部链接,PC,四川,15,6,3,46.2,0.45
2025-09-26,投标保证金,直接访问,PC,四川,13,8,3,124.5,0.52
2025-09-26,招标文件,外部链接,PC,浙江,18,2,1,80.7,0.18
2025-09-26,招投标公告,站内,移动端,湖北,16,3,2,43.6,0.44
2025-09-26,评标专家,外部链接,移动端,广东,21,5,1,168.3,0.26
2025-09-26,工程招标,外部链接,移动端,湖北,43,7,4,178.5,0.15
2025-09-26,采购信息,直接访问,PC,广东,20,4,1,43.4,0.18
2025-09-26,政策解读,付费推广,PC,上海,22,3,1,112.8,0.21
2025-09-26,采购信息,直接访问,PC,浙江,24,8,5,28.0,0.18
2025-09-26,招投标公告,站内,移动端,湖北,28,2,1,73.2,0.58
2025-09-26,政府采购,站内,PC,四川,15,6,5,135.8,0.5
2025-09-26,评标结果,站内,PC,江苏,12,6,4,138.3,0.2
2025-09-26,供应商查询,外部链接,PC,北京,20,5,2,136.9,0.65
2025-09-26,中标结果,站内,PC,江苏,31,6,2,31.0,0.42
2025-09-26,中标公示,付费推广,移动端,四川,20,1,0,163.2,0.4
2025-09-26,工程招标,站内,PC,北京,49,12,8,26.9,0.55
2025-09-26,投标保证金,外部链接,PC,浙江,19,2,1,119.4,0.56
2025-09-26,中标结果,直接访问,移动端,湖北,8,4,2,50.1,0.44
2025-09-26,政策解读,外部链接,PC,上海,35,7,5,101.0,0.4
2025-09-26,企业资质,直接访问,PC,上海,6,10,5,22.7,0.6
2025-09-26,中标结果,直接访问,移动端,上海,9,4,3,41.2,0.41
2025-09-26,行业报告,外部链接,移动端,湖北,40,10,4,174.2,0.58
2025-09-26,招投标公告,外部链接,PC,山东,31,7,3,177.6,0.69
2025-09-26,企业资质,直接访问,PC,江苏,61,11,9,75.2,0.57
2025-09-26,供应商查询,直接访问,PC,浙江,19,6,2,47.7,0.32
2025-09-26,评标专家,直接访问,移动端,浙江,42,8,7,81.5,0.71
2025-09-26,供应商查询,外部链接,PC,山东,21,9,4,44.7,0.64
2025-09-26,行业报告,站内,移动端,广东,14,5,2,18.9,0.4
2025-09-26,工程招标,外部链接,PC,四川,27,2,0,86.3,0.23
2025-09-26,中标结果,直接访问,PC,浙江,25,12,6,89.4,0.62
2025-09-26,采购信息,站内,移动端,北京,19,3,2,158.7,0.54
2025-09-26,信用查询,直接访问,移动端,江苏,13,8,4,165.5,0.73
2025-09-26,竞争性谈判,外部链接,移动端,四川,25,2,1,124.2,0.43
2025-09-26,工程招标,外部链接,PC,北京,30,5,3,57.4,0.42
2025-09-26,竞争性谈判,直接访问,PC,江苏,23,6,2,82.8,0.59
2025-09-26,招投标公告,直接访问,移动端,上海,8,9,5,28.9,0.23
2025-09-26,投标保证金,直接访问,移动端,广东,40,12,8,166.7,0.23
2025-09-26,开标记录,站内,移动端,浙江,19,4,3,155.6,0.56
2025-09-26,供应商查询,付费推广,PC,湖北,28,8,6,51.5,0.16
2025-09-26,招标文件,外部链接,移动端,江苏,10,7,5,109.1,0.37
2025-09-26,中标结果,外部链接,移动端,北京,27,4,1,158.5,0.69
2025-09-26,招标代理,直接访问,移动端,广东,9,2,0,81.4,0.44
2025-09-26,电子招投标,外部链接,移动端,广东,44,9,7,102.9,0.46
2025-09-26,合同公示,站内,PC,江苏,13,11,4,62.1,0.19
2025-09-27,供应商查询,外部链接,PC,浙江,10,6,2,101.4,0.28
2025-09-27,招标文件,直接访问,PC,浙江,3,1,0,167.4,0.46
2025-09-27,招标文件,直接访问,PC,山东,34,9,4,168.2,0.17
2025-09-27,信用查询,站内,移动端,湖北,27,10,6,131.7,0.41
2025-09-27,招投标公告,外部链接,PC,湖北,26,2,0,152.7,0.41
2025-09-27,行业报告,站内,PC,浙江,31,3,1,24.8,0.34
2025-09-27,招投标公告,付费推广,PC,四川,19,4,1,74.3,0.35
2025-09-27,询价公告,外部链接,PC,浙江,13,4,2,43.8,0.39
2025-09-27,工程招标,外部链接,移动端,山东,25,6,4,71.5,0.64
2025-09-27,招标代理,直接访问,PC,浙江,0,1,0,42.6,0.46
2025-09-27,工程招标,付费推广,PC,山东,16,7,4,69.3,0.53
2025-09-27,开标记录,站内,PC,上海,28,9,5,35.3,0.29
2025-09-27,投标保证金,外部链接,PC,广东,32,9,7,161.5,0.66
2025-09-27,合同公示,站内,PC,上海,38,8,6,167.0,0.72
2025-09-27,工程招标,站内,PC,上海,28,6,2,99.6,0.38
2025-09-27,招投标公告,外部链接,PC,北京,24,3,1,156.9,0.23
2025-09-27,招标文件,直接访问,PC,广东,43,6,4,151.1,0.55
2025-09-27,法律法规,直接访问,移动端,湖北,7,2,1,78.9,0.58
2025-09-27,中标结果,站内,PC,山东,28,7,3,156.5,0.27
2025-09-27,电子招投标,直接访问,移动端,四川,33,3,1,40.4,0.55
2025-09-27,政府采购,直接访问,移动端,浙江,23,12,5,30.3,0.31
2025-09-27,法律法规,站内,PC,四川,25,12,6,26.1,0.22
2025-09-27,中标公示,外部链接,PC,四川,1,1,0,29.2,0.58
2025-09-27,企业资质,直接访问,PC,广东,23,3,1,60.4,0.43
2025-09-27,招标文件,外部链接,移动端,浙江,15,4,2,97.7,0.2
2025-09-27,工程招标,直接访问,PC,北京,28,5,2,80.7,0.32
2025-09-27,废标公告,站内,PC,浙江,26,2,1,40.5,0.54
2025-09-27,中标结果,直接访问,PC,江苏,39,7,4,162.0,0.69
2025-09-27,法律法规,外部链接,PC,广东,0,1,0,106.5,0.55
2025-09-27,招投标公告,外部链接,PC,广东,19,6,2,142.0,0.32
2025-09-27,开标记录,外部链接,PC,浙江,15,12,4,69.9,0.4
2025-09-27,合同公示,直接访问,移动端,浙江,1,1,0,135.0,0.5
2025-09-27,政策解读,外部链接,PC,山东,28,9,3,170.4,0.66
2025-09-27,政策解读,直接访问,PC,浙江,14,6,4,72.3,0.68
2025-09-27,资格预审,直接访问,移动端,浙江,20,1,0,89.8,0.4
2025-09-27,采购信息,直接访问,PC,广东,11,9,7,177.6,0.55
2025-09-27,中标结果,直接访问,移动端,江苏,42,8,6,92.2,0.15
2025-09-27,招标文件,站内,PC,北京,21,1,0,144.3,0.3
2025-09-27,更正公告,直接访问,移动端,山东,15,10,6,108.3,0.74
2025-09-27,单一来源,直接访问,PC,浙江,41,8,7,22.7,0.59
2025-09-27,供应商查询,外部链接,PC,北京,47,9,5,163.5,0.54
2025-09-27,政策解读,付费推广,PC,浙江,12,7,4,32.2,0.54
2025-09-27,履约信息,站内,PC,湖北,17,3,2,88.0,0.42
2025-09-27,废标公告,外部链接,移动端,浙江,35,8,5,82.0,0.64
2025-09-27,工程招标,外部链接,移动端,广东,33,8,4,69.5,0.47
2025-09-27,工程招标,直接访问,PC,山东,16,3,1,66.0,0.48
2025-09-27,工程招标,外部链接,移动端,广东,31,6,2,133.1,0.71
2025-09-28,电子招投标,直接访问,移动端,湖北,24,6,3,29.3,0.64
2025-09-28,行业报告,付费推广,PC,湖北,18,6,4,123.0,0.65
2025-09-28,招标文件,直接访问,PC,四川,8,1,0,61.7,0.57
2025-09-28,工程招标,付费推广,移动端,山东,24,6,4,55.7,0.16
2025-09-28,工程招标,直接访问,PC,上海,24,6,4,100.2,0.65
2025-09-28,招投标公告,直接访问,移动端,广东,19,7,5,179.3,0.25
2025-09-28,更正公告,直接访问,PC,北京,33,11,7,161.6,0.16
2025-09-28,评标专家,外部链接,PC,上海,32,5,3,133.1,0.23
2025-09-28,询价公告,外部链接,PC,山东,30,12,8,149.1,0.45
2025-09-28,电子招投标,直接访问,移动端,江苏,34,5,2,84.1,0.62
2025-09-28,中标公示,直接访问,PC,山东,14,4,2,170.2,0.28
2025-09-28,招标文件,直接访问,PC,湖北,43,9,8,168.3,0.46
2025-09-28,项目立项,站内,PC,江苏,33,9,6,170.2,0.36
2025-09-28,行业动态,直接访问,PC,湖北,38,8,3,66.6,0.34
2025-09-28,工程招标,站内,移动端,山东,32,6,3,100.3,0.52
2025-09-28,采购信息,站内,移动端,浙江,36,11,9,57.5,0.74
2025-09-28,中标结果,外部链接,PC,广东,16,6,2,147.6,0.37
2025-09-28,竞争性谈判,外部链接,PC,湖北,4,8,3,92.2,0.32
2025-09-28,企业资质,站内,移动端,广东,43,12,7,137.6,0.69
2025-09-28,废标公告,外部链接,PC,四川,14,11,7,109.1,0.17
2025-09-28,中标结果,直接访问,移动端,北京,26,6,2,130.9,0.15
2025-09-28,法律法规,直接访问,PC,北京,32,5,2,28.5,0.7
2025-09-28,行业报告,站内,移动端,浙江,15,4,3,30.7,0.58
2025-09-28,企业资质,直接访问,PC,四川,18,10,3,76.0,0.68
2025-09-28,开标记录,直接访问,PC,湖北,9,3,2,130.1,0.46
2025-09-28,中标公示,外部链接,移动端,四川,11,6,3,120.4,0.41
2025-09-28,招投标公告,外部链接,移动端,北京,6,10,4,95.2,0.69
2025-09-28,招标文件,站内,PC,浙江,36,12,7,141.9,0.23
2025-09-28,工程招标,站内,PC,浙江,11,4,2,179.6,0.23
2025-09-28,招投标公告,直接访问,PC,湖北,42,12,9,86.9,0.68
2025-09-28,工程招标,直接访问,PC,北京,44,9,8,43.9,0.5
2025-09-28,招标代理,直接访问,PC,湖北,31,4,1,118.2,0.35
2025-09-28,招投标公告,站内,移动端,江苏,29,6,2,117.7,0.5
2025-09-28,工程招标,站内,移动端,湖北,33,8,3,46.1,0.61
2025-09-28,采购信息,直接访问,移动端,广东,24,5,3,65.3,0.24
2025-09-28,工程招标,外部链接,PC,江苏,21,6,2,46.5,0.58
2025-09-28,招投标公告,直接访问,PC,四川,27,8,4,116.8,0.22
2025-09-28,招标文件,外部链接,移动端,江苏,26,4,3,66.5,0.41
2025-09-29,供应商查询,付费推广,PC,广东,35,11,7,177.0,0.44
2025-09-29,工程招标,外部链接,PC,湖北,32,3,2,127.0,0.43
2025-09-29,工程招标,付费推广,移动端,北京,22,8,3,36.1,0.41
2025-09-29,政府采购,直接访问,PC,山东,11,4,3,33.9,0.48
2025-09-29,供应商查询,站内,移动端,山东,32,4,2,96.4,0.61
2025-09-29,供应商查询,外部链接,移动端,山东,11,1,0,155.8,0.59
2025-09-29,废标公告,直接访问,移动端,广东,2,5,2,149.0,0.26
2025-09-29,工程招标,外部链接,移动端,浙江,33,9,5,52.5,0.71
2025-09-29,评标结果,站内,PC,四川,21,9,5,56.5,0.62
2025-09-29,采购信息,外部链接,移动端,浙江,29,5,2,74.4,0.53
2025-09-29,政策解读,站内,PC,湖北,7,9,5,162.0,0.65
2025-09-29,项目立项,直接访问,PC,四川,12,2,0,27.7,0.48
2025-09-29,工程招标,直接访问,PC,上海,9,6,4,142.9,0.59
2025-09-29,政府采购,直接访问,移动端,湖北,19,9,3,85.3,0.16
2025-09-29,政策解读,外部链接,移动端,山东,17,4,3,139.4,0.51
2025-09-29,招标文件,外部链接,PC,广东,2,1,0,59.6,0.58
2025-09-29,电子招投标,付费推广,移动端,山东,20,2,1,77.2,0.63
2025-09-29,投标保证金,外部链接,移动端,四川,0,2,0,103.7,0.2
2025-09-29,招投标公告,站内,移动端,江苏,44,11,5,76.9,0.51
2025-09-29,工程招标,直接访问,PC,北京,31,10,4,30.7,0.41
2025-09-29,单一来源,站内,移动端,湖北,22,3,2,75.4,0.21
2025-09-29,单一来源,站内,PC,山东,15,9,4,76.9,0.27
2025-09-29,招投标公告,外部链接,移动端,山东,11,12,6,136.2,0.28
2025-09-29,合同公示,站内,移动端,湖北,32,2,1,79.8,0.45
2025-09-29,工程招标,直接访问,PC,北京,28,2,1,33.7,0.33
2025-09-29,评标结果,直接访问,PC,浙江,10,2,1,161.7,0.4
2025-09-29,中标公示,站内,PC,湖北,50,9,8,100.7,0.44
2025-09-29,招投标公告,直接访问,移动端,浙江,15,1,0,128.6,0.7
2025-09-29,采购信息,站内,移动端,北京,31,6,4,172.2,0.62
2025-09-29,询价公告,付费推广,PC,上海,38,8,7,114.9,0.32
2025-09-29,招投标公告,直接访问,PC,上海,21,10,4,38.8,0.24
2025-09-29,中标公示,外部链接,PC,北京,40,8,5,26.7,0.65
2025-09-29,招标文件,直接访问,移动端,江苏,36,10,6,117.5,0.52
2025-09-29,招投标公告,直接访问,移动端,北京,26,8,3,156.3,0.62
2025-09-29,法律法规,直接访问,移动端,北京,6,1,0,120.4,0.56
2025-09-29,评标专家,站内,PC,浙江,28,2,1,33.2,0.51
2025-09-29,法律法规,直接访问,PC,上海,43,12,10,85.8,0.33
2025-09-29,中标结果,外部链接,移动端,北京,18,2,1,156.2,0.58
2025-09-29,合同公示,站内,PC,上海,28,12,4,151.4,0.45
2025-09-29,中标结果,外部链接,PC,上海,15,2,1,167.2,0.63
2025-09-29,采购信息,外部链接,移动端,四川,12,5,3,129.7,0.65
2025-09-29,采购信息,外部链接,移动端,江苏,25,6,3,54.4,0.57
2025-09-29,信用查询,站内,PC,北京,26,3,1,53.3,0.53
2025-09-29,工程招标,直接访问,移动端,四川,5,2,1,153.0,0.57
2025-09-29,工程招标,外部链接,移动端,江苏,40,8,6,169.5,0.64
2025-09-29,法律法规,站内,PC,广东,11,2,1,110.6,0.31
2025-09-29,采购信息,站内,移动端,江苏,18,6,2,53.3,0.18
2025-09-29,采购信息,站内,移动端,湖北,42,9,6,173.2,0.18
2025-09-29,行业报告,外部链接,PC,山东,19,3,2,177.6,0.52
2025-09-29,更正公告,站内,PC,浙江,17,6,4,82.9,0.19
2025-09-29,履约信息,直接访问,移动端,浙江,38,7,4,40.0,0.44
2025-09-29,采购信息,直接访问,PC,上海,24,5,2,45.7,0.66
2025-09-29,采购信息,外部链接,PC,浙江,5,1,0,136.8,0.41
2025-09-29,招标文件,直接访问,移动端,北京,32,11,8,45.2,0.61
2025-09-30,履约信息,直接访问,移动端,广东,29,3,2,153.6,0.37
2025-09-30,询价公告,直接访问,PC,北京,25,2,1,28.6,0.35
2025-09-30,法律法规,直接访问,移动端,江苏,9,2,1,118.6,0.52
2025-09-30,招投标公告,直接访问,PC,江苏,14,11,4,128.9,0.52
2025-09-30,政策解读,站内,PC,北京,9,11,9,122.2,0.34
2025-09-30,招标文件,直接访问,移动端,上海,7,1,0,95.8,0.58
2025-09-30,中标结果,外部链接,移动端,上海,11,3,2,105.0,0.21
2025-09-30,采购信息,站内,移动端,浙江,39,10,7,146.6,0.23
2025-09-30,合同公示,站内,PC,湖北,18,7,5,84.4,0.27
2025-09-30,招标文件,外部链接,移动端,浙江,9,5,2,170.1,0.59
2025-09-30,供应商查询,付费推广,PC,广东,40,9,5,64.7,0.32
2025-09-30,竞争性谈判,直接访问,移动端,上海,18,9,4,61.6,0.35
2025-09-30,废标公告,外部链接,PC,四川,46,10,5,120.3,0.15
2025-09-30,行业动态,站内,移动端,湖北,25,5,2,33.6,0.67
2025-09-30,供应商查询,直接访问,PC,浙江,8,1,0,40.1,0.46
2025-09-30,中标结果,付费推广,移动端,湖北,37,11,6,90.9,0.47
2025-09-30,行业报告,外部链接,PC,北京,32,8,5,157.9,0.66
2025-09-30,行业报告,直接访问,PC,山东,25,2,0,102.8,0.63
2025-09-30,评标专家,付费推广,PC,四川,25,7,4,88.0,0.35
2025-09-30,合同公示,直接访问,移动端,湖北,15,1,0,125.3,0.31
2025-09-30,信用查询,外部链接,PC,浙江,34,6,4,101.8,0.16
2025-09-30,投诉处理,付费推广,PC,广东,33,11,5,156.8,0.5
2025-09-30,评标专家,外部链接,PC,上海,55,12,9,46.8,0.49
2025-09-30,招投标公告,站内,PC,上海,13,6,4,173.4,0.66
2025-09-30,招标文件,付费推广,移动端,浙江,29,9,4,138.6,0.6
2025-09-30,履约信息,直接访问,移动端,北京,28,11,6,122.8,0.49
2025-09-30,框架协议,直接访问,移动端,广东,34,11,6,74.8,0.16
2025-09-30,废标公告,直接访问,PC,上海,39,8,5,72.0,0.73
2025-09-30,资格预审,直接访问,移动端,四川,22,3,2,74.7,0.38
2025-09-30,中标公示,站内,PC,湖北,25,3,1,86.4,0.3
2025-09-30,政府采购,直接访问,移动端,湖北,51,9,7,137.7,0.3
2025-09-30,招投标公告,直接访问,移动端,浙江,10,4,2,95.2,0.66
2025-09-30,信用查询,直接访问,PC,北京,26,8,4,92.8,0.41
2025-09-30,项目立项,站内,PC,湖北,21,8,5,117.5,0.7
2025-09-30,企业资质,外部链接,移动端,江苏,40,8,7,62.2,0.32
2025-09-30,采购信息,直接访问,PC,四川,18,3,2,139.5,0.62
2025-09-30,履约信息,站内,移动端,浙江,33,8,4,95.0,0.17
2025-09-30,履约信息,直接访问,移动端,湖北,31,8,4,90.1,0.27
2025-09-30,招投标公告,直接访问,PC,浙江,27,11,8,113.3,0.62
2025-09-30,合同公示,直接访问,移动端,广东,32,7,3,100.0,0.3
2025-09-30,招标文件,直接访问,PC,四川,28,11,7,73.4,0.26
2025-09-30,工程招标,外部链接,移动端,湖北,27,1,0,173.2,0.31
2025-09-30,招投标公告,付费推广,移动端,北京,18,1,0,178.3,0.55
2025-09-30,开标记录,直接访问,移动端,湖北,22,6,5,34.5,0.68
2025-09-30,中标公示,站内,PC,江苏,35,7,4,67.6,0.42
2025-09-30,企业资质,外部链接,移动端,湖北,13,9,5,134.7,0.59
2025-09-30,中标结果,外部链接,移动端,湖北,30,9,7,78.4,0.23
2025-09-30,供应商查询,付费推广,移动端,广东,14,9,6,134.4,0.57
2025-09-30,政府采购,直接访问,PC,上海,39,8,4,20.8,0.32
2025-09-30,中标公示,直接访问,PC,上海,12,3,1,28.9,0.68
2025-09-30,政策解读,直接访问,PC,江苏,29,8,6,113.7,0.2
2025-09-30,中标结果,站内,PC,江苏,38,8,4,38.8,0.26
2025-10-01,采购信息,直接访问,移动端,上海,40,12,5,54.6,0.36
2025-10-01,招投标公告,付费推广,移动端,湖北,27,7,3,67.0,0.27
2025-10-01,投诉处理,付费推广,PC,浙江,6,1,0,61.3,0.72
2025-10-01,中标结果,直接访问,移动端,四川,29,4,3,45.2,0.22
2025-10-01,行业动态,直接访问,移动端,广东,35,10,6,45.7,0.75
2025-10-01,投诉处理,直接访问,移动端,北京,14,7,4,105.2,0.72
2025-10-01,招投标公告,直接访问,PC,北京,30,9,7,27.0,0.27
2025-10-01,政策解读,站内,移动端,浙江,13,5,2,166.2,0.21
2025-10-01,资格预审,直接访问,PC,浙江,5,1,0,28.3,0.34
2025-10-01,中标公示,直接访问,PC,北京,9,5,3,58.4,0.35
2025-10-01,合同公示,直接访问,移动端,北京,5,6,2,149.0,0.33
2025-10-01,中标结果,外部链接,移动端,北京,11,1,0,117.5,0.33
2025-10-01,框架协议,直接访问,PC,湖北,19,4,3,178.0,0.33
2025-10-01,电子招投标,站内,PC,北京,13,3,1,42.7,0.4
2025-10-01,政府采购,付费推广,移动端,北京,29,1,0,130.6,0.38
2025-10-01,合同公示,外部链接,PC,广东,23,12,9,125.6,0.23
2025-10-01,单一来源,直接访问,PC,上海,19,3,2,168.3,0.39
2025-10-01,合同公示,直接访问,移动端,湖北,22,3,1,61.9,0.49
2025-10-01,招标代理,直接访问,PC,四川,27,10,4,39.0,0.23
2025-10-01,评标结果,直接访问,PC,上海,29,1,0,154.9,0.49
2025-10-01,资格预审,站内,PC,浙江,9,9,5,116.8,0.2
2025-10-01,招标文件,付费推广,移动端,四川,32,11,10,168.6,0.7
2025-10-01,评标专家,直接访问,移动端,广东,31,5,3,169.5,0.26
2025-10-01,招投标公告,站内,移动端,山东,34,5,3,176.7,0.73
2025-10-01,招投标公告,外部链接,PC,北京,34,11,7,81.5,0.56
2025-10-01,工程招标,直接访问,PC,四川,26,7,5,108.5,0.47
2025-10-01,招标代理,直接访问,移动端,四川,12,7,5,51.4,0.55
2025-10-01,招投标公告,外部链接,移动端,上海,6,10,3,147.5,0.67
2025-10-01,行业动态,直接访问,PC,江苏,32,11,8,111.5,0.16
2025-10-01,政策解读,直接访问,PC,江苏,41,9,6,57.8,0.25
2025-10-01,竞争性谈判,直接访问,PC,北京,33,5,3,76.6,0.33
2025-10-01,工程招标,直接访问,PC,北京,32,12,6,27.1,0.49
2025-10-01,竞争性谈判,直接访问,移动端,山东,27,1,0,100.7,0.46
2025-10-01,开标记录,外部链接,移动端,四川,28,7,5,162.3,0.37
2025-10-01,项目立项,外部链接,移动端,上海,31,9,7,141.8,0.47
2025-10-01,工程招标,直接访问,PC,四川,33,7,4,170.6,0.4
2025-10-01,企业资质,外部链接,PC,湖北,19,5,2,175.7,0.59
2025-10-01,行业报告,站内,PC,上海,2,2,0,169.9,0.34
2025-10-01,招标文件,站内,PC,上海,32,9,6,105.1,0.42
2025-10-01,采购信息,付费推广,PC,江苏,23,9,5,89.9,0.61
2025-10-01,废标公告,外部链接,移动端,山东,14,7,3,117.3,0.36
2025-10-01,招标文件,站内,移动端,湖北,30,5,4,103.8,0.41
2025-10-01,招标代理,直接访问,移动端,浙江,9,6,4,153.3,0.39
2025-10-01,工程招标,直接访问,移动端,四川,17,10,6,167.4,0.24
2025-10-01,政策解读,站内,移动端,浙江,21,5,3,79.8,0.48
2025-10-01,行业动态,外部链接,PC,广东,9,2,1,19.3,0.27
2025-10-01,企业资质,外部链接,PC,四川,15,4,2,146.7,0.47
2025-10-01,供应商查询,站内,PC,四川,36,6,2,20.6,0.3
2025-10-01,工程招标,直接访问,移动端,湖北,44,8,6,131.5,0.45
2025-10-01,招投标公告,直接访问,PC,江苏,25,10,6,129.9,0.58
2025-10-01,开标记录,直接访问,PC,上海,10,9,5,176.9,0.68
2025-10-01,评标专家,付费推广,移动端,浙江,25,9,4,98.5,0.35
2025-10-01,招标文件,直接访问,移动端,湖北,32,3,1,116.4,0.39
2025-10-01,合同公示,直接访问,移动端,广东,31,8,5,95.8,0.36
2025-10-02,询价公告,付费推广,移动端,北京,17,8,5,42.8,0.56
2025-10-02,采购信息,直接访问,PC,上海,15,6,2,166.7,0.52
2025-10-02,工程招标,站内,移动端,四川,35,11,7,90.1,0.36
2025-10-02,电子招投标,外部链接,PC,广东,29,6,3,146.6,0.28
2025-10-02,废标公告,直接访问,移动端,山东,45,11,6,84.5,0.49
2025-10-02,评标专家,站内,移动端,江苏,23,10,8,83.6,0.72
2025-10-02,采购信息,站内,PC,四川,7,10,6,125.6,0.22
2025-10-02,评标专家,外部链接,PC,浙江,16,5,3,125.4,0.64
2025-10-02,项目立项,外部链接,PC,上海,50,6,5,99.1,0.39
2025-10-02,招投标公告,直接访问,移动端,山东,34,5,2,123.1,0.43
2025-10-02,评标结果,直接访问,PC,上海,26,9,5,107.5,0.65
2025-10-02,项目立项,外部链接,移动端,四川,44,8,6,97.0,0.71
2025-10-02,招投标公告,直接访问,PC,江苏,27,11,7,45.2,0.28
2025-10-02,单一来源,站内,移动端,山东,3,1,0,58.8,0.63
2025-10-02,法律法规,直接访问,移动端,江苏,63,12,10,149.1,0.64
2025-10-02,采购信息,直接访问,移动端,四川,21,10,5,133.5,0.45
2025-10-02,采购信息,站内,PC,北京,11,8,2,21.1,0.43
2025-10-02,资格预审,直接访问,移动端,北京,38,8,6,110.8,0.54
2025-10-02,行业报告,外部链接,PC,上海,16,9,4,164.4,0.24
2025-10-02,单一来源,直接访问,移动端,浙江,42,11,7,83.1,0.3
2025-10-02,法律法规,站内,PC,浙江,37,6,5,103.4,0.39
2025-10-02,中标公示,外部链接,PC,浙江,13,5,3,147.7,0.64
2025-10-02,框架协议,外部链接,PC,浙江,5,1,0,97.8,0.34
2025-10-02,资格预审,直接访问,移动端,浙江,26,6,3,142.5,0.68
2025-10-02,评标专家,直接访问,移动端,浙江,30,12,9,26.4,0.42
2025-10-02,竞争性谈判,站内,移动端,湖北,20,6,4,151.5,0.46
2025-10-02,投诉处理,直接访问,移动端,湖北,37,4,3,113.8,0.31
2025-10-02,电子招投标,直接访问,移动端,湖北,8,7,6,149.3,0.55
2025-10-02,评标专家,站内,PC,江苏,48,11,7,43.8,0.38
2025-10-02,企业资质,外部链接,移动端,上海,24,6,4,176.2,0.61
2025-10-02,中标结果,直接访问,移动端,湖北,19,6,4,129.2,0.34
2025-10-02,招标文件,直接访问,PC,四川,6,2,0,100.8,0.16
2025-10-02,招标文件,直接访问,移动端,北京,58,12,8,172.1,0.41
2025-10-02,招标文件,直接访问,移动端,江苏,33,8,7,126.7,0.25
2025-10-02,评标专家,直接访问,PC,浙江,30,4,2,33.8,0.26
2025-10-02,工程招标,直接访问,PC,浙江,29,1,0,65.2,0.69
2025-10-02,招投标公告,外部链接,移动端,山东,28,7,2,93.3,0.24
2025-10-02,资格预审,直接访问,PC,山东,41,12,9,173.3,0.45
2025-10-02,招投标公告,外部链接,移动端,湖北,12,9,3,99.2,0.64
2025-10-02,采购信息,直接访问,移动端,上海,40,7,5,82.9,0.52
2025-10-02,中标公示,直接访问,移动端,湖北,19,1,0,128.4,0.38
2025-10-02,企业资质,站内,移动端,山东,13,11,3,72.5,0.55
2025-10-02,工程招标,付费推广,PC,广东,20,2,1,111.0,0.26
2025-10-02,法律法规,直接访问,PC,广东,34,8,4,71.8,0.3
2025-10-02,行业报告,外部链接,PC,上海,45,6,5,18.6,0.25
2025-10-02,中标结果,站内,移动端,山东,8,6,4,158.1,0.71
2025-10-02,采购信息,站内,PC,浙江,35,9,7,153.9,0.53
2025-10-02,招投标公告,直接访问,PC,四川,32,2,1,59.1,0.49
2025-10-02,电子招投标,站内,PC,上海,33,12,4,148.9,0.2
2025-10-02,企业资质,直接访问,PC,四川,30,6,3,111.7,0.71
2025-10-02,招标文件,站内,移动端,北京,34,8,7,96.7,0.17
2025-10-02,招投标公告,直接访问,PC,广东,18,10,5,165.4,0.57
2025-10-02,招投标公告,直接访问,PC,浙江,27,11,7,56.7,0.38
2025-10-03,工程招标,外部链接,移动端,湖北,43,8,4,27.8,0.38
2025-10-03,采购信息,直接访问,移动端,山东,40,11,7,31.0,0.61
2025-10-03,框架协议,直接访问,PC,江苏,42,10,8,165.8,0.74
2025-10-03,信用查询,直接访问,移动端,北京,28,1,0,104.4,0.18
2025-10-03,招标文件,站内,PC,浙江,15,2,1,21.2,0.35
2025-10-03,招标文件,外部链接,PC,四川,46,10,7,95.3,0.65
2025-10-03,招投标公告,直接访问,移动端,山东,23,7,3,65.0,0.6
2025-10-03,中标结果,外部链接,PC,山东,11,3,1,100.1,0.31
2025-10-03,法律法规,直接访问,PC,广东,40,10,6,157.0,0.59
2025-10-03,招投标公告,直接访问,移动端,上海,34,11,8,53.4,0.23
2025-10-03,中标结果,外部链接,PC,山东,43,8,6,78.7,0.17
2025-10-03,合同公示,外部链接,移动端,湖北,18,3,1,113.5,0.68
2025-10-03,投标保证金,付费推广,PC,北京,11,1,0,38.0,0.48
2025-10-03,中标结果,直接访问,移动端,湖北,25,9,8,50.7,0.29
2025-10-03,政府采购,站内,PC,上海,12,4,2,63.3,0.16
2025-10-03,供应商查询,站内,PC,湖北,49,10,9,54.7,0.7
2025-10-03,供应商查询,直接访问,PC,四川,30,8,5,144.1,0.51
2025-10-03,招投标公告,外部链接,PC,广东,8,1,0,104.0,0.65
2025-10-03,招标文件,外部链接,移动端,四川,9,4,1,45.0,0.36
2025-10-03,招标文件,直接访问,移动端,四川,36,4,3,178.9,0.73
2025-10-03,供应商查询,站内,PC,湖北,37,9,5,82.3,0.56
2025-10-03,招投标公告,站内,移动端,上海,29,2,0,95.8,0.69
2025-10-03,招投标公告,付费推广,移动端,湖北,29,7,6,149.4,0.49
2025-10-03,电子招投标,直接访问,移动端,山东,11,4,3,147.8,0.63
2025-10-03,行业动态,站内,PC,北京,33,8,6,66.7,0.41
2025-10-03,采购信息,站内,PC,广东,8,8,2,131.7,0.26
2025-10-03,中标公示,直接访问,PC,广东,4,3,2,135.2,0.44
2025-10-03,招标文件,付费推广,PC,江苏,31,9,5,158.1,0.19
2025-10-03,履约信息,直接访问,PC,山东,28,6,4,33.8,0.25
2025-10-03,政府采购,外部链接,PC,上海,1,1,0,96.0,0.7
2025-10-03,招标文件,站内,移动端,浙江,19,4,1,172.3,0.24
2025-10-03,采购信息,外部链接,PC,广东,29,7,2,60.1,0.42
2025-10-03,行业报告,直接访问,PC,北京,25,5,3,132.0,0.52
2025-10-03,中标公示,直接访问,PC,北京,41,10,5,39.4,0.52
2025-10-03,招标文件,外部链接,PC,上海,22,9,6,56.6,0.57
2025-10-03,投诉处理,直接访问,PC,江苏,38,10,7,95.2,0.35
2025-10-03,工程招标,付费推广,PC,四川,17,6,4,154.5,0.63
2025-10-03,合同公示,直接访问,移动端,广东,25,8,4,130.8,0.22
2025-10-03,投标保证金,直接访问,PC,山东,16,4,2,39.1,0.51
2025-10-03,政策解读,外部链接,移动端,上海,35,5,3,90.8,0.61
2025-10-03,合同公示,站内,PC,上海,12,5,2,120.0,0.36
2025-10-03,招标文件,站内,PC,上海,47,10,9,95.2,0.35
2025-10-03,供应商查询,站内,PC,广东,26,3,2,148.6,0.31
2025-10-04,合同公示,外部链接,PC,山东,28,10,8,23.0,0.18
2025-10-04,招标文件,外部链接,PC,四川,16,8,3,64.7,0.25
2025-10-04,供应商查询,站内,移动端,上海,31,3,1,23.4,0.4
2025-10-04,行业报告,直接访问,移动端,江苏,30,11,9,71.8,0.43
2025-10-04,招投标公告,站内,移动端,上海,9,3,1,97.6,0.67
2025-10-04,中标结果,付费推广,PC,广东,16,11,4,166.8,0.63
2025-10-04,采购信息,直接访问,PC,江苏,17,8,6,111.2,0.53
2025-10-04,废标公告,付费推广,移动端,四川,49,10,5,130.4,0.62
2025-10-04,投标保证金,直接访问,PC,广东,25,3,1,66.8,0.59
2025-10-04,采购信息,直接访问,PC,浙江,20,3,2,24.1,0.73
2025-10-04,招投标公告,直接访问,PC,北京,24,11,5,99.5,0.3
2025-10-04,单一来源,直接访问,PC,广东,40,12,10,58.3,0.39
2025-10-04,中标公示,直接访问,移动端,广东,46,12,7,157.8,0.72
2025-10-04,采购信息,直接访问,移动端,湖北,36,10,3,52.3,0.62
2025-10-04,行业报告,直接访问,移动端,四川,12,3,1,92.0,0.3
2025-10-04,投标保证金,外部链接,移动端,浙江,8,1,0,73.1,0.53
2025-10-04,废标公告,直接访问,PC,浙江,10,7,3,65.5,0.44
2025-10-04,采购信息,外部链接,PC,浙江,19,12,9,57.2,0.36
2025-10-04,招标文件,直接访问,PC,浙江,16,3,1,132.8,0.37
2025-10-04,供应商查询,外部链接,PC,江苏,18,11,10,42.6,0.69
2025-10-04,开标记录,外部链接,移动端,湖北,13,5,1,149.7,0.66
2025-10-04,工程招标,直接访问,移动端,广东,24,8,6,32.8,0.3
2025-10-04,投诉处理,付费推广,PC,广东,31,6,4,129.6,0.52
2025-10-04,采购信息,站内,PC,山东,31,2,1,140.5,0.36
2025-10-04,评标专家,站内,PC,浙江,12,3,2,84.4,0.16
2025-10-04,电子招投标,直接访问,PC,北京,52,11,8,171.7,0.41
2025-10-04,招标文件,直接访问,移动端,山东,19,7,6,64.8,0.18
2025-10-04,资格预审,外部链接,PC,四川,42,11,7,160.1,0.33
2025-10-04,政府采购,外部链接,PC,广东,12,12,9,25.1,0.7
2025-10-04,框架协议,直接访问,PC,广东,25,12,5,152.6,0.46
2025-10-04,行业动态,外部链接,PC,江苏,50,7,5,57.4,0.46
2025-10-04,供应商查询,外部链接,移动端,四川,32,2,1,86.1,0.51
2025-10-04,法律法规,外部链接,移动端,湖北,22,6,5,95.5,0.46
2025-10-04,招投标公告,付费推广,移动端,上海,21,1,0,126.3,0.67
2025-10-04,中标结果,外部链接,PC,四川,28,7,3,54.2,0.58
2025-10-04,电子招投标,付费推广,PC,湖北,21,10,6,121.9,0.36
2025-10-04,采购信息,外部链接,PC,北京,24,5,2,23.7,0.41
2025-10-04,政策解读,站内,PC,北京,44,9,4,34.4,0.4
2025-10-04,供应商查询,直接访问,移动端,四川,16,7,3,168.0,0.2
2025-10-04,招投标公告,外部链接,PC,上海,11,1,0,103.7,0.73
2025-10-04,中标结果,站内,PC,山东,14,12,7,127.7,0.21
2025-10-04,中标公示,外部链接,PC,上海,23,7,2,95.8,0.24
2025-10-04,更正公告,直接访问,移动端,上海,25,6,5,70.0,0.54
2025-10-04,法律法规,直接访问,移动端,广东,32,11,7,155.2,0.39
2025-10-04,中标公示,外部链接,PC,江苏,4,7,2,50.8,0.63
2025-10-04,采购信息,外部链接,移动端,广东,9,1,0,54.2,0.24
2025-10-04,招标文件,付费推广,移动端,山东,33,12,10,88.9,0.49
2025-10-04,评标专家,直接访问,移动端,湖北,34,7,3,49.5,0.21
2025-10-04,资格预审,直接访问,PC,上海,25,8,6,18.7,0.23
2025-10-04,招投标公告,直接访问,移动端,广东,26,6,3,156.2,0.74
2025-10-04,招投标公告,直接访问,移动端,广东,28,5,2,157.7,0.68
2025-10-04,招投标公告,直接访问,PC,广东,34,12,7,47.1,0.5
2025-10-05,政策解读,直接访问,PC,广东,25,10,6,31.4,0.23
2025-10-05,供应商查询,直接访问,移动端,江苏,6,5,2,43.9,0.74
2025-10-05,政府采购,直接访问,PC,湖北,33,4,3,92.8,0.43
2025-10-05,招标文件,直接访问,移动端,北京,18,9,3,128.0,0.53
2025-10-05,开标记录,付费推广,移动端,浙江,19,11,7,31.8,0.31
2025-10-05,招标代理,站内,移动端,北京,25,2,1,69.1,0.72
2025-10-05,评标专家,外部链接,PC,江苏,23,12,7,28.3,0.18
2025-10-05,采购信息,直接访问,PC,北京,12,9,3,19.6,0.74
2025-10-05,企业资质,外部链接,PC,四川,13,11,4,68.5,0.17
2025-10-05,供应商查询,直接访问,移动端,广东,33,7,4,150.4,0.43
2025-10-05,采购信息,直接访问,PC,四川,16,7,3,171.3,0.24
2025-10-05,招标文件,付费推广,移动端,广东,13,8,6,52.8,0.75
2025-10-05,中标结果,直接访问,移动端,山东,7,1,0,116.6,0.57
2025-10-05,供应商查询,付费推广,移动端,北京,38,3,2,66.7,0.15
2025-10-05,供应商查询,直接访问,PC,山东,24,6,2,122.6,0.18
2025-10-05,中标公示,付费推广,PC,广东,20,2,0,71.8,0.39
2025-10-05,招投标公告,直接访问,PC,湖北,17,5,1,65.1,0.46
2025-10-05,中标公示,直接访问,移动端,江苏,18,9,4,20.0,0.54
2025-10-05,供应商查询,直接访问,移动端,山东,16,8,2,96.8,0.72
2025-10-05,更正公告,外部链接,PC,江苏,34,10,4,178.4,0.17
2025-10-05,政策解读,直接访问,移动端,山东,30,2,1,26.4,0.17
2025-10-05,资格预审,直接访问,PC,江苏,13,5,1,155.6,0.4
2025-10-05,采购信息,直接访问,移动端,江苏,50,11,7,168.0,0.37
2025-10-05,工程招标,外部链接,PC,广东,16,4,3,164.9,0.68
2025-10-05,框架协议,直接访问,移动端,上海,18,7,4,134.5,0.58
2025-10-05,评标专家,外部链接,移动端,山东,10,4,1,173.8,0.67
2025-10-05,框架协议,外部链接,PC,山东,43,12,9,138.9,0.49
2025-10-05,招标文件,外部链接,移动端,浙江,37,10,4,149.6,0.48
2025-10-05,项目立项,直接访问,PC,浙江,31,5,3,141.9,0.7
2025-10-05,供应商查询,付费推广,PC,四川,19,6,4,159.4,0.64
2025-10-05,中标公示,直接访问,移动端,北京,14,7,2,131.0,0.5
2025-10-05,资格预审,付费推广,PC,江苏,32,7,3,114.0,0.57
2025-10-05,中标结果,直接访问,PC,四川,25,6,3,134.2,0.3
2025-10-05,工程招标,外部链接,移动端,湖北,23,7,6,70.2,0.51
2025-10-05,更正公告,直接访问,PC,上海,7,7,6,126.0,0.62
2025-10-05,投标保证金,直接访问,移动端,广东,6,2,1,85.3,0.66
2025-10-05,中标公示,外部链接,移动端,北京,4,3,2,25.6,0.59
2025-10-05,政策解读,外部链接,PC,江苏,33,11,9,128.2,0.72
2025-10-05,企业资质,站内,移动端,山东,4,3,1,27.9,0.55
2025-10-05,政策解读,外部链接,移动端,山东,47,11,5,164.0,0.37
2025-10-05,招标文件,直接访问,移动端,上海,30,2,1,40.6,0.4
2025-10-05,单一来源,外部链接,移动端,江苏,21,2,1,120.0,0.73
2025-10-05,采购信息,直接访问,PC,江苏,23,2,1,56.7,0.45
2025-10-05,招标文件,外部链接,移动端,湖北,30,8,4,57.5,0.29
2025-10-05,行业报告,直接访问,移动端,浙江,16,11,4,145.7,0.47
2025-10-05,履约信息,外部链接,PC,山东,14,2,0,112.5,0.51
2025-10-05,评标结果,直接访问,移动端,上海,32,6,2,59.7,0.33
2025-10-05,政策解读,站内,PC,湖北,52,12,9,36.3,0.73
2025-10-05,工程招标,直接访问,移动端,浙江,19,1,0,132.6,0.16
2025-10-05,行业动态,外部链接,移动端,四川,30,12,6,121.7,0.38
2025-10-06,电子招投标,外部链接,移动端,广东,24,3,2,42.6,0.58
2025-10-06,采购信息,直接访问,PC,上海,16,2,1,135.4,0.28
2025-10-06,工程招标,外部链接,PC,广东,27,3,2,118.3,0.49
2025-10-06,中标公示,站内,移动端,浙江,59,10,8,111.8,0.61
2025-10-06,招投标公告,付费推广,移动端,江苏,9,12,7,28.4,0.56
2025-10-06,法律法规,付费推广,PC,浙江,44,12,7,75.5,0.72
2025-10-06,中标公示,直接访问,PC,四川,14,9,4,51.7,0.63
2025-10-06,行业动态,直接访问,移动端,广东,38,12,10,174.2,0.53
2025-10-06,法律法规,外部链接,PC,浙江,30,3,2,94.4,0.58
2025-10-06,政策解读,直接访问,移动端,浙江,45,12,7,167.0,0.48
2025-10-06,工程招标,直接访问,PC,北京,23,10,6,65.8,0.48
2025-10-06,采购信息,外部链接,PC,上海,44,8,5,161.9,0.53
2025-10-06,招标文件,直接访问,移动端,四川,3,6,3,173.0,0.68
2025-10-06,招投标公告,直接访问,PC,江苏,48,12,5,46.0,0.56
2025-10-06,招投标公告,直接访问,移动端,上海,5,3,1,138.8,0.47
2025-10-06,招投标公告,付费推广,移动端,上海,30,11,5,148.7,0.49
2025-10-06,投诉处理,站内,PC,广东,38,10,4,82.2,0.22
2025-10-06,废标公告,站内,移动端,山东,15,12,8,51.4,0.15
2025-10-06,供应商查询,付费推广,PC,广东,16,7,2,112.0,0.15
2025-10-06,政府采购,直接访问,移动端,四川,32,9,3,124.3,0.44
2025-10-06,招标文件,外部链接,PC,上海,15,9,3,33.5,0.37
2025-10-06,招标文件,直接访问,移动端,湖北,27,10,6,136.4,0.61
2025-10-06,工程招标,站内,移动端,四川,8,3,2,125.0,0.74
2025-10-06,招标代理,直接访问,移动端,浙江,22,8,5,74.7,0.31
2025-10-06,招投标公告,外部链接,移动端,山东,32,7,3,159.0,0.27
2025-10-06,供应商查询,站内,PC,四川,22,3,2,129.1,0.65
2025-10-06,中标公示,站内,移动端,上海,16,7,2,62.8,0.5
2025-10-06,投诉处理,直接访问,移动端,四川,29,9,7,141.0,0.43
2025-10-06,废标公告,直接访问,移动端,江苏,13,3,1,173.1,0.35
2025-10-06,政府采购,直接访问,移动端,上海,18,1,0,83.9,0.34
2025-10-06,中标公示,外部链接,移动端,北京,38,11,5,147.2,0.28
2025-10-06,询价公告,站内,PC,上海,42,8,6,158.6,0.21
2025-10-06,法律法规,直接访问,移动端,四川,31,9,6,140.6,0.68
2025-10-06,项目立项,付费推广,PC,浙江,9,4,2,19.3,0.46
2025-10-06,采购信息,直接访问,移动端,上海,14,11,7,129.3,0.7
2025-10-06,采购信息,付费推广,移动端,浙江,54,12,9,161.2,0.66
2025-10-06,工程招标,直接访问,移动端,四川,35,12,6,144.9,0.66
2025-10-06,采购信息,外部链接,移动端,四川,20,3,1,123.6,0.48
2025-10-06,框架协议,站内,移动端,山东,27,7,5,165.3,0.49
2025-10-06,合同公示,外部链接,PC,江苏,43,10,6,62.8,0.43
2025-10-07,项目立项,站内,PC,北京,23,1,0,87.0,0.38
2025-10-07,框架协议,直接访问,移动端,江苏,28,8,6,81.3,0.71
2025-10-07,单一来源,直接访问,移动端,浙江,20,10,6,149.6,0.57
2025-10-07,行业报告,直接访问,PC,四川,39,8,5,126.9,0.35
2025-10-07,项目立项,站内,PC,山东,17,9,4,127.7,0.44
2025-10-07,评标专家,直接访问,移动端,北京,66,11,9,80.8,0.68
2025-10-07,政府采购,站内,PC,广东,44,11,7,104.6,0.38
2025-10-07,工程招标,直接访问,移动端,四川,15,5,1,112.2,0.51
2025-10-07,工程招标,外部链接,移动端,广东,29,12,5,179.9,0.23
2025-10-07,开标记录,站内,PC,上海,34,8,3,37.3,0.52
2025-10-07,工程招标,外部链接,PC,上海,19,3,1,30.1,0.4
2025-10-07,资格预审,站内,移动端,四川,13,6,3,165.9,0.24
2025-10-07,招投标公告,直接访问,PC,浙江,47,7,6,169.2,0.37
2025-10-07,采购信息,外部链接,PC,上海,31,2,1,125.4,0.21
2025-10-07,评标结果,外部链接,移动端,广东,35,7,3,83.6,0.69
2025-10-07,工程招标,直接访问,移动端,浙江,19,11,8,80.6,0.32
2025-10-07,行业动态,直接访问,移动端,江苏,27,6,3,71.9,0.23
2025-10-07,供应商查询,站内,PC,山东,44,8,5,146.6,0.29
2025-10-07,工程招标,直接访问,移动端,广东,13,5,3,22.7,0.26
2025-10-07,单一来源,直接访问,移动端,上海,11,7,6,171.4,0.26
2025-10-07,招投标公告,直接访问,移动端,广东,15,7,2,122.2,0.7
2025-10-07,招投标公告,站内,移动端,北京,20,3,1,155.4,0.3
2025-10-07,资格预审,外部链接,移动端,上海,18,2,1,123.1,0.56
2025-10-07,框架协议,站内,移动端,北京,57,12,8,123.1,0.24
2025-10-07,招投标公告,直接访问,PC,北京,5,3,1,158.3,0.69
2025-10-07,工程招标,直接访问,PC,山东,26,8,6,144.3,0.34
2025-10-07,评标结果,直接访问,移动端,山东,5,3,2,82.8,0.24
2025-10-07,政府采购,外部链接,移动端,广东,15,2,1,176.1,0.48
2025-10-07,信用查询,直接访问,移动端,四川,35,9,6,160.7,0.44
2025-10-07,招投标公告,外部链接,移动端,广东,32,11,6,43.2,0.53
2025-10-07,企业资质,付费推广,PC,山东,30,4,2,58.6,0.45
2025-10-07,企业资质,直接访问,PC,江苏,26,7,3,143.6,0.18
2025-10-07,中标结果,直接访问,移动端,山东,14,3,1,102.6,0.63
2025-10-07,工程招标,站内,PC,湖北,40,11,8,37.4,0.17
2025-10-07,招标文件,站内,PC,湖北,17,1,0,101.5,0.63
2025-10-07,招投标公告,站内,移动端,湖北,32,5,4,28.4,0.43
2025-10-07,政策解读,站内,移动端,江苏,13,3,2,177.2,0.55
2025-10-07,采购信息,站内,移动端,北京,35,10,6,21.2,0.41
2025-10-07,招标代理,直接访问,PC,湖北,17,8,6,45.6,0.44
2025-10-07,合同公示,站内,PC,江苏,13,1,0,176.0,0.5
2025-10-07,竞争性谈判,外部链接,PC,上海,38,11,9,126.5,0.35
2025-10-07,招投标公告,直接访问,移动端,广东,26,1,0,35.2,0.48
2025-10-07,供应商查询,站内,PC,广东,21,3,1,94.7,0.56
2025-10-07,招标代理,直接访问,移动端,上海,19,1,0,164.0,0.43
2025-10-07,信用查询,站内,PC,山东,44,11,8,55.3,0.51
2025-10-07,招标文件,站内,移动端,江苏,19,5,4,42.5,0.55
2025-10-07,政府采购,站内,PC,上海,9,1,0,36.3,0.62
2025-10-07,采购信息,直接访问,移动端,四川,9,2,1,92.3,0.62
2025-10-07,资格预审,直接访问,PC,湖北,32,7,5,104.4,0.6
2025-10-07,信用查询,站内,PC,四川,28,6,3,146.9,0.33
2025-10-07,项目立项,站内,PC,湖北,23,9,5,113.3,0.17
2025-10-07,招投标公告,付费推广,移动端,湖北,22,3,1,75.6,0.3
2025-10-07,招标文件,外部链接,移动端,湖北,27,4,1,57.4,0.24
2025-10-07,中标结果,外部链接,PC,北京,30,2,1,131.6,0.37
2025-10-07,政府采购,直接访问,PC,湖北,37,11,6,54.0,0.25
2025-10-08,供应商查询,外部链接,PC,浙江,23,1,0,130.5,0.54
2025-10-08,政府采购,站内,PC,广东,12,3,1,43.1,0.52
2025-10-08,评标专家,外部链接,PC,四川,32,6,3,111.1,0.67
2025-10-08,招标代理,付费推广,PC,北京,35,12,8,140.9,0.32
2025-10-08,投诉处理,直接访问,移动端,江苏,13,8,4,46.3,0.3
2025-10-08,中标结果,直接访问,移动端,江苏,14,11,6,60.5,0.2
2025-10-08,工程招标,直接访问,PC,江苏,21,6,4,90.3,0.72
2025-10-08,中标结果,付费推广,PC,山东,66,10,9,94.2,0.33
2025-10-08,招标文件,直接访问,PC,江苏,3,2,0,166.7,0.71
2025-10-08,工程招标,付费推广,移动端,浙江,28,7,6,71.2,0.51
2025-10-08,工程招标,外部链接,移动端,北京,36,12,8,163.1,0.46
2025-10-08,招投标公告,直接访问,PC,江苏,19,5,3,134.4,0.55
2025-10-08,供应商查询,付费推广,PC,四川,20,7,4,132.3,0.57
2025-10-08,采购信息,站内,移动端,山东,19,1,0,58.9,0.17
2025-10-08,招标文件,直接访问,PC,上海,22,12,5,58.2,0.28
2025-10-08,中标结果,外部链接,移动端,山东,11,2,1,66.3,0.67
2025-10-08,招标文件,直接访问,PC,北京,21,3,2,131.2,0.44
2025-10-08,废标公告,外部链接,PC,广东,34,7,4,160.9,0.36
2025-10-08,更正公告,直接访问,PC,浙江,11,6,3,102.7,0.17
2025-10-08,评标结果,外部链接,PC,四川,31,3,1,125.4,0.57
2025-10-08,供应商查询,外部链接,移动端,四川,20,10,5,105.0,0.68
2025-10-08,法律法规,站内,移动端,山东,7,1,0,30.8,0.28
2025-10-08,项目立项,站内,PC,山东,8,2,1,138.8,0.7
2025-10-08,工程招标,直接访问,PC,湖北,37,5,2,159.4,0.44
2025-10-08,供应商查询,直接访问,PC,四川,27,3,1,79.4,0.17
2025-10-08,采购信息,直接访问,移动端,山东,29,8,5,175.1,0.72
2025-10-08,招投标公告,直接访问,PC,浙江,35,5,3,159.0,0.6
2025-10-08,评标专家,站内,PC,四川,33,7,3,148.3,0.65
2025-10-08,中标公示,站内,PC,江苏,28,6,2,112.6,0.28
2025-10-08,招标代理,站内,PC,上海,33,3,1,165.7,0.34
2025-10-08,工程招标,直接访问,移动端,上海,38,6,3,84.5,0.51
2025-10-08,电子招投标,外部链接,移动端,山东,18,8,5,34.8,0.44
2025-10-08,行业动态,站内,PC,湖北,36,11,8,158.9,0.43
2025-10-08,政策解读,站内,移动端,四川,42,7,4,174.4,0.46
2025-10-08,招标代理,直接访问,移动端,山东,32,12,5,46.9,0.66
2025-10-08,投诉处理,直接访问,PC,四川,12,6,3,19.7,0.66
2025-10-08,信用查询,直接访问,移动端,四川,54,10,8,43.9,0.31
2025-10-08,中标公示,直接访问,移动端,四川,32,4,1,134.4,0.29
2025-10-08,评标专家,外部链接,PC,北京,14,4,3,158.5,0.38
2025-10-08,行业动态,直接访问,PC,广东,6,6,5,105.6,0.16
2025-10-08,工程招标,站内,PC,江苏,8,4,2,38.9,0.54
2025-10-08,中标公示,外部链接,PC,四川,33,7,3,118.6,0.43
2025-10-09,项目立项,直接访问,移动端,四川,26,10,5,22.1,0.36
2025-10-09,信用查询,直接访问,移动端,上海,21,10,7,36.6,0.46
2025-10-09,履约信息,付费推广,PC,北京,42,9,4,44.0,0.34
2025-10-09,单一来源,外部链接,PC,广东,36,8,6,141.0,0.39
2025-10-09,招标文件,站内,移动端,上海,18,2,1,65.9,0.33
2025-10-09,工程招标,站内,PC,上海,29,8,5,50.8,0.46
2025-10-09,电子招投标,直接访问,移动端,浙江,17,12,6,135.2,0.2
2025-10-09,工程招标,付费推广,移动端,江苏,18,1,0,50.4,0.61
2025-10-09,采购信息,外部链接,移动端,广东,33,10,4,134.1,0.64
2025-10-09,信用查询,直接访问,移动端,上海,27,6,3,110.0,0.57
2025-10-09,采购信息,站内,移动端,江苏,28,2,0,42.9,0.33
2025-10-09,招投标公告,外部链接,移动端,北京,14,4,3,147.8,0.58
2025-10-09,中标公示,直接访问,移动端,湖北,33,12,5,106.6,0.2
2025-10-09,中标公示,直接访问,PC,北京,21,3,1,32.0,0.57
2025-10-09,工程招标,直接访问,PC,北京,26,5,3,23.6,0.52
2025-10-09,评标专家,直接访问,PC,北京,29,10,5,149.2,0.24
2025-10-09,工程招标,外部链接,移动端,广东,12,9,3,70.0,0.73
2025-10-09,竞争性谈判,外部链接,PC,上海,27,4,3,26.7,0.33
2025-10-09,招标代理,站内,移动端,山东,22,2,0,106.8,0.49
2025-10-09,资格预审,站内,移动端,山东,4,5,1,56.7,0.27
2025-10-09,工程招标,站内,移动端,江苏,12,5,3,173.2,0.2
2025-10-09,信用查询,外部链接,PC,广东,45,12,7,131.9,0.36
2025-10-09,更正公告,外部链接,PC,湖北,20,12,5,153.3,0.55
2025-10-09,评标专家,外部链接,PC,广东,43,6,4,175.3,0.72
2025-10-09,框架协议,外部链接,PC,浙江,0,1,0,20.2,0.51
2025-10-09,采购信息,付费推广,移动端,湖北,37,7,5,133.9,0.74
2025-10-09,采购信息,外部链接,PC,山东,19,2,1,150.6,0.62
2025-10-09,行业报告,站内,PC,广东,15,9,5,53.0,0.28
2025-10-09,招投标公告,站内,PC,山东,23,5,2,159.8,0.25
2025-10-09,中标公示,外部链接,PC,山东,32,3,1,105.8,0.57
2025-10-09,政府采购,外部链接,PC,江苏,9,6,3,118.5,0.22
2025-10-09,行业报告,直接访问,PC,浙江,30,5,3,139.7,0.41
2025-10-09,政策解读,付费推广,PC,山东,8,4,2,172.4,0.47
2025-10-09,招投标公告,外部链接,PC,山东,25,6,3,163.6,0.31
2025-10-09,中标结果,外部链接,移动端,北京,7,7,3,24.3,0.29
2025-10-09,中标公示,直接访问,PC,山东,12,8,4,76.1,0.33
2025-10-09,政策解读,直接访问,移动端,江苏,19,2,1,36.3,0.34
2025-10-09,采购信息,直接访问,PC,湖北,14,9,5,80.6,0.17
2025-10-09,工程招标,直接访问,PC,上海,30,7,5,71.9,0.35
2025-10-09,评标结果,直接访问,PC,江苏,16,3,2,100.1,0.3
2025-10-09,更正公告,站内,移动端,浙江,37,8,4,22.4,0.32
2025-10-09,投标保证金,直接访问,移动端,江苏,33,6,4,84.5,0.4
2025-10-09,招投标公告,付费推广,移动端,北京,20,10,8,98.4,0.24
2025-10-09,采购信息,外部链接,移动端,山东,23,5,3,156.9,0.73
2025-10-09,中标结果,站内,PC,浙江,35,9,5,112.1,0.65
2025-10-09,评标结果,直接访问,移动端,浙江,14,5,1,128.6,0.69
2025-10-09,招投标公告,直接访问,PC,江苏,17,1,0,62.1,0.67
2025-10-09,评标专家,站内,PC,湖北,28,3,2,125.0,0.35
2025-10-09,询价公告,直接访问,PC,四川,21,5,2,111.3,0.33
2025-10-09,废标公告,付费推广,移动端,山东,51,12,8,88.5,0.43
2025-10-09,工程招标,直接访问,PC,湖北,30,12,10,178.8,0.27
2025-10-09,招标文件,外部链接,移动端,四川,33,10,4,37.0,0.4
2025-10-09,采购信息,直接访问,PC,江苏,50,12,7,32.8,0.72
2025-10-10,招投标公告,直接访问,PC,北京,26,3,2,124.3,0.42
2025-10-10,评标专家,站内,PC,江苏,17,10,5,131.2,0.66
2025-10-10,工程招标,站内,移动端,浙江,33,6,4,179.4,0.64
2025-10-10,政策解读,外部链接,PC,山东,45,12,6,97.7,0.75
2025-10-10,工程招标,直接访问,移动端,湖北,42,6,3,133.2,0.21
2025-10-10,招投标公告,外部链接,PC,北京,58,9,7,24.1,0.68
2025-10-10,电子招投标,直接访问,移动端,广东,9,8,6,178.2,0.22
2025-10-10,招标文件,直接访问,PC,北京,3,2,1,140.8,0.42
2025-10-10,投标保证金,直接访问,移动端,山东,31,4,3,47.9,0.45
2025-10-10,竞争性谈判,外部链接,PC,山东,25,8,2,108.8,0.22
2025-10-10,工程招标,直接访问,PC,北京,18,3,1,175.0,0.6
2025-10-10,供应商查询,外部链接,移动端,湖北,10,11,6,105.7,0.37
2025-10-10,竞争性谈判,直接访问,移动端,四川,21,8,3,140.8,0.55
2025-10-10,工程招标,直接访问,移动端,广东,8,4,2,152.8,0.6
2025-10-10,废标公告,直接访问,PC,浙江,21,8,5,120.3,0.6
2025-10-10,中标结果,站内,移动端,浙江,19,3,1,174.2,0.68
2025-10-10,采购信息,外部链接,移动端,湖北,51,8,6,84.3,0.56
2025-10-10,资格预审,直接访问,移动端,江苏,39,11,9,69.3,0.23
2025-10-10,中标公示,直接访问,PC,上海,24,9,3,95.2,0.36
2025-10-10,更正公告,站内,PC,四川,7,3,2,88.9,0.26
2025-10-10,资格预审,付费推广,PC,上海,29,12,6,45.8,0.71
2025-10-10,评标专家,直接访问,PC,广东,42,8,6,141.2,0.59
2025-10-10,采购信息,直接访问,PC,上海,28,11,4,138.6,0.37
2025-10-10,工程招标,站内,PC,广东,26,1,0,153.8,0.28
2025-10-10,竞争性谈判,站内,移动端,浙江,11,4,1,53.2,0.3
2025-10-10,工程招标,付费推广,移动端,上海,36,9,4,145.4,0.66
2025-10-10,采购信息,外部链接,PC,浙江,22,2,0,94.4,0.61
2025-10-10,询价公告,站内,PC,江苏,35,3,2,163.2,0.27
2025-10-10,中标结果,直接访问,PC,浙江,25,11,4,63.5,0.39
2025-10-10,框架协议,直接访问,PC,山东,14,9,6,93.3,0.41
2025-10-10,行业报告,站内,移动端,四川,62,11,8,86.2,0.55
2025-10-10,政策解读,站内,移动端,湖北,15,5,2,67.0,0.65
2025-10-10,工程招标,直接访问,移动端,浙江,23,8,5,64.9,0.34
2025-10-10,询价公告,外部链接,PC,湖北,18,9,5,135.6,0.23
2025-10-10,法律法规,直接访问,移动端,广东,37,4,2,166.4,0.55
2025-10-10,更正公告,外部链接,PC,四川,19,1,0,100.6,0.6
2025-10-11,投诉处理,站内,移动端,广东,17,3,1,88.4,0.7
2025-10-11,合同公示,直接访问,移动端,广东,19,7,5,98.1,0.43
2025-10-11,履约信息,站内,移动端,湖北,26,4,1,117.7,0.68
2025-10-11,招投标公告,外部链接,PC,上海,11,8,4,70.7,0.49
2025-10-11,供应商查询,付费推广,PC,浙江,35,10,7,114.6,0.3
2025-10-11,招标文件,外部链接,PC,四川,25,6,4,76.7,0.62
2025-10-11,合同公示,直接访问,PC,山东,25,4,1,156.1,0.16
2025-10-11,工程招标,站内,PC,浙江,31,7,5,138.4,0.25
2025-10-11,单一来源,外部链接,PC,上海,13,3,2,166.7,0.42
2025-10-11,行业动态,外部链接,PC,湖北,1,1,0,115.7,0.33
2025-10-11,政策解读,直接访问,移动端,广东,27,12,7,68.1,0.7
2025-10-11,中标结果,站内,移动端,浙江,37,11,6,76.8,0.71
2025-10-11,招投标公告,付费推广,移动端,广东,33,10,4,85.2,0.7
2025-10-11,框架协议,外部链接,PC,北京,26,1,0,58.0,0.31
2025-10-11,中标结果,外部链接,PC,山东,21,4,2,89.4,0.48
2025-10-11,招投标公告,站内,移动端,四川,22,3,1,71.7,0.41
2025-10-11,企业资质,直接访问,PC,江苏,25,12,7,103.6,0.6
2025-10-11,中标公示,付费推广,PC,江苏,24,6,2,69.7,0.28
2025-10-11,招投标公告,直接访问,PC,上海,12,4,1,81.7,0.51
2025-10-11,合同公示,直接访问,PC,浙江,27,6,2,71.5,0.75
2025-10-11,工程招标,直接访问,PC,广东,2,4,2,102.4,0.18
2025-10-11,招标文件,直接访问,移动端,湖北,24,7,2,148.0,0.28
2025-10-11,供应商查询,直接访问,PC,北京,21,11,8,31.1,0.26
2025-10-11,开标记录,直接访问,移动端,湖北,35,12,6,145.8,0.58
2025-10-11,询价公告,站内,移动端,广东,3,1,0,68.8,0.51
2025-10-11,采购信息,直接访问,移动端,湖北,36,12,9,34.3,0.28
2025-10-11,招标文件,站内,移动端,广东,14,3,2,146.0,0.16
2025-10-11,法律法规,站内,PC,江苏,35,6,5,105.8,0.7
2025-10-11,行业动态,直接访问,移动端,北京,11,10,5,166.0,0.53
2025-10-11,竞争性谈判,直接访问,PC,北京,34,10,4,168.4,0.4
2025-10-11,中标结果,外部链接,移动端,山东,21,2,1,68.4,0.72
2025-10-11,行业报告,直接访问,PC,四川,19,1,0,86.5,0.24
2025-10-11,行业报告,直接访问,PC,浙江,36,5,3,39.8,0.49
2025-10-11,招标代理,站内,PC,广东,31,4,2,168.5,0.45
2025-10-11,政策解读,直接访问,PC,山东,24,5,3,35.2,0.56
2025-10-11,信用查询,付费推广,移动端,上海,37,12,4,27.6,0.38
2025-10-11,法律法规,直接访问,PC,四川,13,8,5,37.1,0.41
2025-10-11,废标公告,直接访问,PC,北京,43,11,8,128.1,0.66
2025-10-11,招标代理,直接访问,PC,四川,50,10,8,134.7,0.23
2025-10-11,中标结果,直接访问,PC,江苏,37,11,5,124.6,0.45
2025-10-11,资格预审,站内,PC,广东,25,10,7,141.6,0.67
2025-10-11,招投标公告,直接访问,PC,上海,26,2,0,53.2,0.4
2025-10-11,政策解读,直接访问,PC,北京,18,12,10,59.3,0.63
2025-10-11,供应商查询,直接访问,PC,北京,16,12,8,24.2,0.61
2025-10-11,废标公告,直接访问,移动端,江苏,9,5,3,150.9,0.16
2025-10-11,政府采购,站内,PC,广东,28,7,5,73.2,0.41
2025-10-11,行业动态,外部链接,移动端,四川,36,10,7,40.9,0.74
2025-10-11,招投标公告,直接访问,移动端,广东,41,5,3,157.2,0.54
2025-10-12,工程招标,站内,移动端,江苏,35,8,4,31.9,0.51
2025-10-12,招标文件,直接访问,PC,江苏,15,8,3,94.0,0.33
2025-10-12,询价公告,站内,PC,广东,12,3,2,116.6,0.42
2025-10-12,供应商查询,直接访问,PC,上海,28,12,7,142.4,0.34
2025-10-12,政策解读,直接访问,移动端,湖北,17,8,5,77.9,0.24
2025-10-12,中标公示,外部链接,移动端,广东,29,3,1,169.4,0.72
2025-10-12,工程招标,站内,PC,上海,14,5,2,42.5,0.65
2025-10-12,供应商查询,直接访问,PC,江苏,19,10,5,47.1,0.37
2025-10-12,更正公告,直接访问,PC,四川,36,12,10,142.3,0.26
2025-10-12,工程招标,直接访问,移动端,广东,17,6,4,125.5,0.3
2025-10-12,工程招标,站内,PC,北京,35,3,2,59.8,0.6
2025-10-12,竞争性谈判,站内,PC,北京,32,5,4,54.0,0.57
2025-10-12,投标保证金,直接访问,移动端,山东,32,8,5,159.6,0.18
2025-10-12,工程招标,付费推广,PC,上海,23,4,1,170.3,0.67
2025-10-12,信用查询,外部链接,PC,广东,4,1,0,157.6,0.25
2025-10-12,供应商查询,付费推广,PC,湖北,22,4,2,94.7,0.73
2025-10-12,电子招投标,站内,移动端,湖北,25,4,3,102.7,0.47
2025-10-12,工程招标,站内,PC,上海,10,6,3,121.6,0.27
2025-10-12,工程招标,站内,移动端,上海,10,9,3,58.8,0.37
2025-10-12,行业动态,外部链接,PC,山东,17,3,1,82.3,0.41
2025-10-12,企业资质,站内,PC,山东,10,5,2,135.1,0.23
2025-10-12,评标结果,直接访问,PC,浙江,49,12,10,48.7,0.37
2025-10-12,单一来源,直接访问,PC,广东,14,8,6,146.0,0.31
2025-10-12,招投标公告,站内,PC,湖北,14,2,1,41.1,0.62
2025-10-12,行业报告,付费推广,PC,山东,10,5,2,29.2,0.63
2025-10-12,更正公告,直接访问,PC,四川,30,4,1,62.8,0.5
2025-10-12,中标结果,外部链接,移动端,山东,23,1,0,51.4,0.53
2025-10-12,采购信息,直接访问,移动端,四川,53,12,9,107.4,0.4
2025-10-12,招投标公告,外部链接,PC,山东,13,9,5,77.3,0.5
2025-10-12,中标公示,直接访问,PC,浙江,27,9,3,158.5,0.72
2025-10-12,采购信息,直接访问,PC,浙江,34,10,5,160.5,0.16
2025-10-12,中标结果,外部链接,移动端,浙江,26,7,4,94.4,0.67
2025-10-12,采购信息,外部链接,PC,湖北,27,7,5,20.0,0.55
2025-10-12,中标结果,付费推广,PC,上海,27,2,1,129.4,0.47
2025-10-12,工程招标,站内,PC,湖北,33,9,3,89.3,0.41
2025-10-12,询价公告,直接访问,PC,广东,29,5,3,113.0,0.65
2025-10-12,行业动态,外部链接,PC,湖北,21,7,5,161.8,0.48
2025-10-12,法律法规,直接访问,PC,江苏,27,4,3,160.3,0.49
2025-10-12,招投标公告,外部链接,PC,湖北,11,6,2,37.2,0.67
2025-10-12,单一来源,外部链接,移动端,山东,33,12,4,79.0,0.53
2025-10-12,政策解读,直接访问,PC,四川,38,10,5,177.5,0.48
2025-10-12,评标结果,直接访问,移动端,上海,22,2,1,140.3,0.7
2025-10-12,工程招标,站内,PC,湖北,23,6,4,82.8,0.41
2025-10-12,中标公示,外部链接,移动端,四川,36,9,5,143.6,0.2
2025-10-12,采购信息,外部链接,移动端,浙江,14,9,3,88.0,0.44
2025-10-12,工程招标,直接访问,移动端,山东,3,7,2,33.2,0.2
2025-10-12,资格预审,直接访问,PC,广东,17,5,2,175.4,0.45
2025-10-12,工程招标,直接访问,移动端,广东,3,2,0,147.6,0.38
2025-10-13,开标记录,站内,PC,北京,27,6,5,103.9,0.7
2025-10-13,供应商查询,外部链接,移动端,山东,25,11,5,176.4,0.5
2025-10-13,供应商查询,直接访问,PC,浙江,16,8,3,127.3,0.18
2025-10-13,政策解读,直接访问,移动端,上海,19,5,4,125.7,0.6
2025-10-13,供应商查询,付费推广,PC,浙江,22,3,2,19.2,0.22
2025-10-13,招标文件,外部链接,PC,山东,35,11,6,153.5,0.4
2025-10-13,开标记录,外部链接,PC,湖北,44,9,5,28.2,0.71
2025-10-13,政策解读,外部链接,PC,四川,47,9,5,152.5,0.7
2025-10-13,行业报告,站内,移动端,浙江,13,7,3,45.3,0.27
2025-10-13,中标公示,站内,移动端,四川,38,10,5,72.2,0.42
2025-10-13,单一来源,直接访问,PC,江苏,29,8,6,154.4,0.64
2025-10-13,采购信息,站内,移动端,四川,16,11,4,21.8,0.37
2025-10-13,中标结果,直接访问,移动端,江苏,46,11,9,160.3,0.54
2025-10-13,采购信息,站内,PC,四川,27,5,3,174.8,0.46
2025-10-13,供应商查询,外部链接,PC,四川,31,7,4,116.4,0.3
2025-10-13,资格预审,直接访问,移动端,广东,25,12,10,53.9,0.28
2025-10-13,投诉处理,站内,PC,广东,25,12,10,149.3,0.57
2025-10-13,废标公告,直接访问,PC,上海,33,7,3,104.3,0.53
2025-10-13,中标结果,直接访问,PC,湖北,24,8,4,130.0,0.75
2025-10-13,评标专家,直接访问,PC,广东,30,4,1,96.7,0.64
2025-10-13,行业动态,外部链接,PC,上海,26,1,0,150.1,0.18
2025-10-13,招投标公告,直接访问,PC,广东,27,8,6,159.6,0.35
2025-10-13,供应商查询,付费推广,PC,山东,26,8,5,102.0,0.75
2025-10-13,更正公告,直接访问,PC,江苏,39,4,3,124.2,0.31
2025-10-13,评标专家,外部链接,PC,四川,21,1,0,140.7,0.53
2025-10-13,工程招标,直接访问,移动端,广东,34,12,6,88.1,0.43
2025-10-13,中标公示,外部链接,移动端,北京,32,3,2,134.4,0.7
2025-10-13,更正公告,外部链接,PC,山东,39,8,3,126.9,0.57
2025-10-13,投诉处理,付费推广,PC,湖北,44,9,5,130.3,0.62
2025-10-13,招投标公告,外部链接,移动端,湖北,32,11,6,87.2,0.17
2025-10-13,招投标公告,外部链接,PC,江苏,31,8,5,175.0,0.63
2025-10-13,采购信息,外部链接,移动端,山东,27,4,2,64.1,0.56
2025-10-13,履约信息,站内,移动端,山东,7,3,1,37.1,0.42
2025-10-13,履约信息,外部链接,移动端,湖北,15,5,2,97.8,0.46
2025-10-13,单一来源,外部链接,PC,江苏,35,5,4,113.2,0.16
2025-10-13,法律法规,付费推广,PC,四川,10,7,2,86.6,0.52
2025-10-13,招投标公告,站内,PC,广东,20,3,2,49.7,0.16
2025-10-13,资格预审,站内,移动端,四川,10,7,3,22.8,0.51
2025-10-13,行业报告,站内,PC,广东,33,3,2,44.5,0.22
2025-10-13,更正公告,外部链接,PC,北京,24,9,8,21.6,0.23
2025-10-13,招投标公告,付费推广,PC,广东,45,12,10,165.2,0.33
2025-10-13,履约信息,站内,PC,浙江,9,1,0,104.0,0.58
2025-10-13,采购信息,外部链接,PC,山东,30,10,6,149.4,0.71
2025-10-14,采购信息,站内,移动端,四川,13,4,2,157.0,0.47
2025-10-14,中标公示,站内,PC,上海,30,7,6,75.5,0.72
2025-10-14,中标公示,直接访问,PC,山东,16,11,6,164.7,0.51
2025-10-14,采购信息,付费推广,PC,湖北,54,12,9,67.1,0.6
2025-10-14,中标结果,直接访问,移动端,广东,45,12,9,137.8,0.68
2025-10-14,废标公告,站内,PC,上海,42,11,5,65.1,0.29
2025-10-14,招标文件,直接访问,移动端,四川,19,6,4,157.5,0.45
2025-10-14,招投标公告,直接访问,移动端,上海,40,11,4,71.4,0.42
2025-10-14,废标公告,外部链接,移动端,江苏,19,6,4,64.0,0.57
2025-10-14,工程招标,外部链接,PC,江苏,31,12,8,114.6,0.52
2025-10-14,招投标公告,直接访问,PC,四川,29,6,4,152.8,0.49
2025-10-14,单一来源,外部链接,PC,北京,29,7,4,109.3,0.62
2025-10-14,项目立项,外部链接,PC,四川,33,10,4,45.3,0.42
2025-10-14,中标结果,外部链接,移动端,湖北,33,5,2,143.7,0.24
2025-10-14,工程招标,外部链接,PC,北京,26,5,4,119.7,0.32
2025-10-14,中标公示,付费推广,移动端,广东,19,6,3,108.0,0.62
2025-10-14,供应商查询,外部链接,PC,四川,18,7,5,178.7,0.72
2025-10-14,项目立项,直接访问,移动端,山东,53,12,10,100.5,0.49
2025-10-14,电子招投标,直接访问,PC,北京,9,1,0,50.5,0.43
2025-10-14,供应商查询,直接访问,PC,四川,22,3,1,55.5,0.38
2025-10-14,供应商查询,直接访问,移动端,浙江,5,2,1,102.8,0.72
2025-10-14,履约信息,付费推广,PC,广东,25,2,0,141.5,0.27
2025-10-14,招投标公告,直接访问,移动端,上海,1,1,0,23.3,0.57
2025-10-14,政府采购,站内,移动端,湖北,7,4,2,165.4,0.55
2025-10-14,信用查询,外部链接,移动端,上海,27,11,10,104.2,0.28
2025-10-14,招标文件,付费推广,PC,北京,32,7,5,58.3,0.68
2025-10-14,履约信息,站内,移动端,浙江,8,5,3,65.6,0.6
2025-10-14,供应商查询,直接访问,PC,湖北,10,5,2,93.0,0.49
2025-10-14,框架协议,站内,移动端,湖北,25,7,3,33.1,0.57
2025-10-14,中标公示,站内,PC,上海,29,5,2,32.3,0.71
2025-10-14,采购信息,站内,PC,四川,13,4,1,148.9,0.39
2025-10-14,合同公示,直接访问,PC,上海,33,11,6,108.0,0.49
2025-10-14,供应商查询,站内,移动端,湖北,35,7,5,163.4,0.55
2025-10-14,政策解读,站内,移动端,上海,12,4,2,80.2,0.44
2025-10-14,工程招标,直接访问,PC,浙江,19,8,6,177.0,0.56
2025-10-14,招投标公告,外部链接,PC,江苏,45,12,10,99.2,0.18
2025-10-14,采购信息,直接访问,移动端,四川,52,11,8,150.8,0.7
2025-10-14,投诉处理,站内,PC,湖北,34,9,6,75.1,0.19
2025-10-14,单一来源,付费推广,移动端,山东,48,11,6,115.5,0.28
2025-10-15,企业资质,直接访问,PC,湖北,11,2,0,49.2,0.3
2025-10-15,采购信息,直接访问,PC,北京,36,11,7,91.9,0.21
2025-10-15,供应商查询,直接访问,PC,北京,48,10,9,170.9,0.16
2025-10-15,招标文件,直接访问,PC,浙江,16,6,5,106.0,0.53
2025-10-15,法律法规,付费推广,移动端,山东,13,7,4,156.4,0.55
2025-10-15,政府采购,直接访问,PC,浙江,14,4,2,24.6,0.74
2025-10-15,投标保证金,外部链接,PC,山东,4,1,0,115.7,0.47
2025-10-15,招标文件,付费推广,移动端,江苏,43,10,8,118.1,0.16
2025-10-15,废标公告,外部链接,移动端,四川,37,10,7,36.3,0.32
2025-10-15,招标文件,付费推广,移动端,广东,24,5,4,96.4,0.59
2025-10-15,单一来源,直接访问,PC,湖北,28,2,0,162.1,0.23
2025-10-15,供应商查询,外部链接,PC,浙江,19,8,3,174.6,0.24
2025-10-15,采购信息,直接访问,PC,江苏,19,4,3,86.8,0.36
2025-10-15,更正公告,直接访问,PC,北京,34,7,6,21.6,0.61
2025-10-15,采购信息,直接访问,PC,湖北,28,8,7,57.2,0.53
2025-10-15,中标公示,直接访问,PC,四川,28,2,0,139.2,0.66
2025-10-15,政府采购,直接访问,PC,湖北,42,10,3,30.3,0.19
2025-10-15,工程招标,外部链接,PC,湖北,37,8,6,47.2,0.29
2025-10-15,投标保证金,直接访问,移动端,浙江,8,1,0,103.8,0.59
2025-10-15,询价公告,付费推广,移动端,湖北,31,6,3,89.7,0.33
2025-10-15,工程招标,直接访问,PC,广东,25,3,1,60.9,0.6
2025-10-15,电子招投标,外部链接,移动端,北京,12,10,3,29.1,0.61
2025-10-15,企业资质,直接访问,PC,广东,10,6,2,64.1,0.61
2025-10-15,竞争性谈判,直接访问,PC,浙江,22,1,0,67.0,0.43
2025-10-15,履约信息,直接访问,移动端,江苏,10,2,1,91.0,0.42
2025-10-15,合同公示,直接访问,移动端,广东,9,12,6,150.7,0.35
2025-10-15,询价公告,外部链接,移动端,浙江,14,4,3,90.8,0.65
2025-10-15,政策解读,直接访问,PC,湖北,17,10,6,115.9,0.45
2025-10-15,单一来源,付费推广,移动端,浙江,1,1,0,129.1,0.58
2025-10-15,信用查询,外部链接,移动端,浙江,18,4,3,113.4,0.75
2025-10-15,供应商查询,外部链接,PC,江苏,35,12,6,132.1,0.63
2025-10-15,招标文件,付费推广,PC,上海,41,12,6,154.2,0.43
2025-10-15,项目立项,站内,移动端,四川,5,1,0,158.8,0.43
2025-10-15,履约信息,直接访问,PC,上海,19,8,3,22.2,0.23
2025-10-15,招标代理,外部链接,PC,北京,24,2,1,37.0,0.74
2025-10-15,信用查询,站内,PC,广东,48,10,7,110.6,0.64
2025-10-15,招投标公告,外部链接,PC,浙江,25,3,1,45.2,0.16
2025-10-15,招标代理,站内,移动端,山东,49,8,6,26.1,0.32
2025-10-15,行业报告,直接访问,PC,上海,13,2,0,122.9,0.61
2025-10-15,行业报告,直接访问,PC,山东,39,8,3,114.3,0.38
2025-10-15,投标保证金,外部链接,移动端,上海,7,3,1,77.7,0.29
2025-10-15,招标代理,站内,移动端,山东,17,5,3,25.3,0.45
2025-10-15,招投标公告,外部链接,PC,湖北,35,11,6,37.5,0.23
2025-10-15,招投标公告,站内,PC,山东,17,5,3,157.9,0.52
2025-10-15,评标结果,外部链接,PC,江苏,18,4,2,115.9,0.5
2025-10-15,单一来源,直接访问,PC,广东,23,2,1,79.6,0.3
2025-10-15,合同公示,直接访问,PC,山东,34,2,1,112.8,0.26
2025-10-15,供应商查询,外部链接,PC,北京,29,4,3,53.1,0.34
2025-10-16,政策解读,外部链接,移动端,山东,32,6,2,71.7,0.4
2025-10-16,工程招标,直接访问,移动端,山东,6,5,3,48.2,0.24
2025-10-16,行业报告,外部链接,PC,四川,27,2,1,38.7,0.5
2025-10-16,招投标公告,外部链接,PC,四川,21,1,0,134.8,0.66
2025-10-16,供应商查询,站内,移动端,四川,43,6,5,96.2,0.66
2025-10-16,招投标公告,直接访问,PC,上海,35,11,5,69.7,0.36
2025-10-16,中标公示,外部链接,PC,四川,36,8,4,174.9,0.24
2025-10-16,资格预审,外部链接,移动端,浙江,26,7,4,122.3,0.75
2025-10-16,工程招标,外部链接,PC,北京,16,7,4,148.7,0.47
2025-10-16,招标文件,直接访问,移动端,浙江,29,10,7,147.9,0.19
2025-10-16,竞争性谈判,直接访问,PC,山东,43,12,8,49.3,0.32
2025-10-16,行业报告,直接访问,移动端,北京,47,9,7,162.8,0.52
2025-10-16,招投标公告,付费推广,移动端,浙江,15,6,3,103.6,0.63
2025-10-16,信用查询,直接访问,PC,山东,14,1,0,77.8,0.18
2025-10-16,招投标公告,付费推广,PC,上海,38,7,3,70.4,0.4
2025-10-16,工程招标,付费推广,移动端,浙江,35,6,4,132.9,0.25
2025-10-16,项目立项,外部链接,PC,北京,16,8,3,62.7,0.38
2025-10-16,招投标公告,付费推广,移动端,四川,26,5,3,125.2,0.4
2025-10-16,投标保证金,直接访问,移动端,北京,3,1,0,81.4,0.35
2025-10-16,招投标公告,外部链接,移动端,上海,9,1,0,120.6,0.44
2025-10-16,供应商查询,直接访问,PC,四川,19,7,3,136.6,0.69
2025-10-16,采购信息,直接访问,移动端,湖北,7,7,3,101.9,0.74
2025-10-16,行业报告,付费推广,PC,湖北,44,12,9,36.9,0.54
2025-10-16,招投标公告,直接访问,PC,上海,14,10,3,137.5,0.33
2025-10-16,工程招标,直接访问,移动端,北京,29,11,8,110.4,0.7
2025-10-16,采购信息,直接访问,PC,广东,22,2,0,131.9,0.69
2025-10-16,行业报告,外部链接,PC,上海,31,7,3,37.6,0.25
2025-10-16,询价公告,直接访问,PC,广东,25,3,1,67.8,0.52
2025-10-16,中标公示,付费推广,PC,四川,27,10,5,105.9,0.43
2025-10-16,招标代理,外部链接,PC,湖北,48,8,6,116.3,0.21
2025-10-16,中标结果,付费推广,移动端,北京,27,6,2,36.4,0.54
2025-10-16,信用查询,直接访问,PC,四川,15,3,1,152.3,0.47
2025-10-16,工程招标,付费推广,PC,江苏,24,12,10,160.8,0.68
2025-10-16,企业资质,直接访问,移动端,山东,2,2,1,179.2,0.34
2025-10-16,招标代理,付费推广,移动端,上海,33,4,2,24.4,0.42
2025-10-16,供应商查询,直接访问,PC,浙江,60,11,10,132.4,0.69
2025-10-16,询价公告,付费推广,PC,山东,7,8,6,90.7,0.35
2025-10-16,投标保证金,站内,PC,浙江,33,4,2,29.8,0.56
2025-10-16,开标记录,站内,移动端,山东,29,3,1,175.9,0.36
2025-10-16,工程招标,直接访问,移动端,湖北,36,12,9,46.8,0.75
2025-10-16,中标结果,站内,移动端,浙江,19,10,6,108.0,0.21
2025-10-16,行业动态,站内,PC,浙江,34,7,5,153.1,0.48
2025-10-16,中标结果,直接访问,移动端,广东,15,5,2,164.4,0.42
2025-10-16,合同公示,直接访问,移动端,四川,27,10,4,87.1,0.5
2025-10-16,工程招标,直接访问,PC,浙江,14,5,3,19.1,0.43
2025-10-16,更正公告,外部链接,PC,四川,18,1,0,63.8,0.5
2025-10-16,资格预审,付费推广,PC,四川,38,8,4,173.2,0.23
2025-10-17,采购信息,付费推广,移动端,四川,20,2,1,63.3,0.37
2025-10-17,单一来源,直接访问,PC,四川,26,6,2,23.6,0.35
2025-10-17,招投标公告,直接访问,移动端,浙江,37,11,8,139.1,0.7
2025-10-17,招投标公告,外部链接,PC,四川,11,2,1,83.1,0.36
2025-10-17,资格预审,付费推广,PC,广东,17,5,1,161.0,0.69
2025-10-17,工程招标,直接访问,PC,山东,55,9,7,173.6,0.17
2025-10-17,询价公告,站内,移动端,上海,6,4,2,101.6,0.41
2025-10-17,信用查询,站内,移动端,浙江,36,6,5,89.8,0.56
2025-10-17,单一来源,站内,移动端,北京,27,2,1,69.4,0.5
2025-10-17,采购信息,站内,移动端,浙江,7,2,0,178.5,0.21
2025-10-17,招投标公告,外部链接,PC,浙江,25,1,0,175.3,0.68
2025-10-17,项目立项,直接访问,PC,北京,36,9,7,85.6,0.48
2025-10-17,供应商查询,直接访问,PC,广东,11,3,1,30.3,0.3
2025-10-17,行业动态,直接访问,PC,江苏,25,7,2,90.2,0.63
2025-10-17,工程招标,站内,PC,山东,30,1,0,21.3,0.26
2025-10-17,招标文件,外部链接,PC,浙江,3,5,2,84.6,0.19
2025-10-17,招投标公告,直接访问,移动端,广东,3,2,0,50.3,0.29
2025-10-17,供应商查询,付费推广,PC,江苏,28,3,1,176.1,0.24
2025-10-17,政府采购,外部链接,移动端,四川,24,7,5,124.4,0.44
2025-10-17,投标保证金,直接访问,PC,山东,43,12,7,86.6,0.59
2025-10-17,企业资质,站内,PC,山东,35,8,5,52.5,0.47
2025-10-17,政策解读,外部链接,移动端,上海,7,1,0,24.3,0.37
2025-10-17,行业报告,直接访问,移动端,湖北,27,9,7,137.3,0.42
2025-10-17,竞争性谈判,直接访问,PC,广东,52,8,7,68.5,0.56
2025-10-17,采购信息,外部链接,PC,山东,35,6,3,110.1,0.61
2025-10-17,政策解读,直接访问,移动端,上海,26,1,0,67.5,0.26
2025-10-17,采购信息,直接访问,PC,四川,11,5,1,101.7,0.66
2025-10-17,信用查询,直接访问,移动端,山东,18,11,4,92.3,0.54
2025-10-17,工程招标,外部链接,PC,四川,33,12,6,69.8,0.32
2025-10-17,框架协议,直接访问,移动端,湖北,28,8,4,134.0,0.59
2025-10-17,投诉处理,站内,移动端,广东,29,12,4,125.9,0.71
2025-10-17,招投标公告,站内,PC,北京,15,2,1,35.1,0.42
2025-10-17,项目立项,外部链接,PC,江苏,31,2,1,130.4,0.34
2025-10-17,中标结果,外部链接,PC,江苏,12,5,2,142.7,0.33
2025-10-17,评标专家,外部链接,移动端,湖北,6,8,3,99.3,0.43
2025-10-17,招投标公告,直接访问,PC,广东,25,12,6,145.3,0.17
2025-10-17,采购信息,直接访问,PC,湖北,45,9,6,162.5,0.51
2025-10-18,框架协议,外部链接,PC,浙江,46,9,8,119.1,0.68
2025-10-18,中标公示,外部链接,PC,湖北,16,10,4,63.8,0.47
2025-10-18,招投标公告,付费推广,PC,北京,22,9,5,40.0,0.2
2025-10-18,采购信息,直接访问,PC,四川,6,2,1,93.1,0.51
2025-10-18,信用查询,外部链接,PC,江苏,20,4,3,50.0,0.66
2025-10-18,供应商查询,直接访问,移动端,江苏,6,1,0,79.6,0.34
2025-10-18,履约信息,外部链接,PC,北京,5,6,2,113.9,0.7
2025-10-18,招投标公告,直接访问,PC,山东,20,2,0,112.5,0.18
2025-10-18,招投标公告,站内,PC,江苏,33,5,2,168.2,0.54
2025-10-18,评标专家,站内,PC,浙江,18,9,4,143.5,0.22
2025-10-18,废标公告,直接访问,移动端,江苏,37,5,3,131.7,0.47
2025-10-18,更正公告,直接访问,PC,四川,48,9,8,38.6,0.53
2025-10-18,供应商查询,外部链接,PC,江苏,4,1,0,49.6,0.48
2025-10-18,行业报告,站内,PC,浙江,52,11,8,122.5,0.45
2025-10-18,招投标公告,直接访问,移动端,四川,18,1,0,129.2,0.69
2025-10-18,开标记录,站内,PC,江苏,25,3,1,131.6,0.45
2025-10-18,中标公示,直接访问,移动端,湖北,9,5,4,67.6,0.32
2025-10-18,招投标公告,直接访问,PC,上海,16,7,3,173.6,0.55
2025-10-18,供应商查询,直接访问,PC,山东,40,10,4,123.6,0.32
2025-10-18,投标保证金,直接访问,PC,北京,0,1,0,93.8,0.67
2025-10-18,采购信息,付费推广,移动端,湖北,1,1,0,110.9,0.74
2025-10-18,更正公告,站内,PC,江苏,16,8,2,172.3,0.37
2025-10-18,招标代理,站内,移动端,江苏,28,4,1,27.2,0.23
2025-10-18,招投标公告,站内,移动端,江苏,36,4,2,61.3,0.24
2025-10-18,行业动态,直接访问,移动端,浙江,26,7,2,165.5,0.49
2025-10-18,竞争性谈判,直接访问,移动端,四川,55,12,8,100.1,0.22
2025-10-18,中标结果,直接访问,PC,江苏,30,11,8,136.2,0.47
2025-10-18,工程招标,直接访问,移动端,广东,14,3,1,157.7,0.7
2025-10-18,中标公示,直接访问,PC,江苏,13,12,4,63.1,0.7
2025-10-18,招标文件,直接访问,PC,湖北,32,4,2,20.6,0.15
2025-10-18,工程招标,站内,PC,上海,21,1,0,121.1,0.5
2025-10-18,工程招标,付费推广,PC,上海,39,8,6,96.0,0.31
2025-10-18,工程招标,直接访问,移动端,浙江,18,4,3,136.5,0.23
2025-10-18,中标结果,付费推广,移动端,上海,6,2,1,24.7,0.23
2025-10-18,招投标公告,直接访问,PC,江苏,39,4,3,179.5,0.46
2025-10-18,评标专家,外部链接,移动端,四川,14,4,3,164.2,0.44
2025-10-19,投诉处理,直接访问,PC,浙江,2,2,1,125.8,0.49
2025-10-19,供应商查询,外部链接,PC,浙江,11,8,4,177.1,0.52
2025-10-19,法律法规,站内,PC,北京,19,12,6,162.8,0.61
2025-10-19,政府采购,外部链接,移动端,四川,23,10,7,42.2,0.48
2025-10-19,招投标公告,外部链接,PC,上海,2,1,0,159.2,0.72
2025-10-19,工程招标,外部链接,移动端,江苏,24,6,2,85.0,0.17
2025-10-19,采购信息,直接访问,PC,山东,20,6,2,145.9,0.17
2025-10-19,工程招标,直接访问,移动端,广东,45,7,5,28.9,0.35
2025-10-19,工程招标,站内,PC,浙江,15,1,0,123.2,0.46
2025-10-19,电子招投标,直接访问,移动端,四川,9,1,0,72.3,0.33
2025-10-19,废标公告,直接访问,移动端,湖北,20,7,4,90.1,0.45
2025-10-19,评标专家,直接访问,移动端,江苏,40,12,5,174.8,0.29
2025-10-19,行业动态,站内,PC,广东,56,11,9,83.0,0.21
2025-10-19,履约信息,直接访问,PC,江苏,27,10,8,87.0,0.68
2025-10-19,评标专家,站内,PC,江苏,18,1,0,100.7,0.65
2025-10-19,招标代理,站内,移动端,四川,34,8,4,139.7,0.18
2025-10-19,合同公示,付费推广,PC,上海,19,7,3,90.5,0.29
2025-10-19,行业报告,外部链接,移动端,浙江,34,8,4,43.9,0.49
2025-10-19,履约信息,直接访问,移动端,四川,45,11,8,162.8,0.74
2025-10-19,法律法规,直接访问,PC,山东,20,1,0,113.4,0.38
2025-10-19,招投标公告,外部链接,PC,湖北,44,10,4,131.0,0.5
2025-10-19,框架协议,站内,移动端,浙江,33,11,9,172.4,0.73
2025-10-19,电子招投标,直接访问,PC,山东,31,3,2,58.4,0.17
2025-10-19,电子招投标,外部链接,PC,四川,12,10,4,132.3,0.26
2025-10-19,电子招投标,直接访问,PC,广东,23,6,5,123.8,0.18
2025-10-19,评标专家,直接访问,移动端,江苏,28,2,1,121.2,0.35
2025-10-19,工程招标,外部链接,PC,江苏,59,10,8,134.7,0.41
2025-10-19,投诉处理,站内,移动端,湖北,30,1,0,79.1,0.65
2025-10-19,电子招投标,直接访问,PC,广东,26,5,3,158.6,0.44
2025-10-19,招标文件,付费推广,PC,山东,11,2,1,99.6,0.57
2025-10-19,中标结果,站内,移动端,山东,47,12,7,19.0,0.35
2025-10-19,投诉处理,站内,PC,北京,21,9,3,28.9,0.25
2025-10-19,政策解读,站内,移动端,江苏,9,2,1,85.8,0.58
2025-10-19,政府采购,直接访问,移动端,上海,9,4,3,68.9,0.62
2025-10-19,招投标公告,外部链接,PC,上海,46,11,8,62.2,0.46
2025-10-19,企业资质,直接访问,PC,山东,6,2,1,136.9,0.43
2025-10-19,询价公告,直接访问,PC,湖北,30,9,6,31.7,0.21
2025-10-19,政府采购,站内,PC,湖北,48,8,6,150.0,0.71
2025-10-20,竞争性谈判,直接访问,移动端,山东,10,7,2,19.4,0.55
2025-10-20,招标代理,站内,PC,湖北,35,5,2,48.0,0.44
2025-10-20,招投标公告,外部链接,PC,山东,16,9,3,93.8,0.33
2025-10-20,采购信息,直接访问,PC,四川,27,12,4,152.0,0.43
2025-10-20,政府采购,外部链接,PC,江苏,4,1,0,67.5,0.67
2025-10-20,中标结果,外部链接,PC,北京,6,5,2,106.1,0.26
2025-10-20,行业动态,站内,PC,广东,25,2,0,158.8,0.31
2025-10-20,招投标公告,直接访问,PC,四川,20,6,3,39.6,0.32
2025-10-20,工程招标,直接访问,PC,江苏,37,4,2,59.0,0.42
2025-10-20,评标专家,直接访问,PC,山东,36,10,8,99.3,0.58
2025-10-20,招投标公告,直接访问,PC,湖北,52,7,6,58.1,0.74
2025-10-20,投标保证金,外部链接,移动端,四川,61,12,10,58.6,0.43
2025-10-20,政策解读,直接访问,移动端,湖北,24,1,0,151.2,0.59
2025-10-20,工程招标,站内,移动端,江苏,30,11,6,49.7,0.63
2025-10-20,政府采购,外部链接,PC,四川,10,2,1,88.3,0.49
2025-10-20,废标公告,站内,PC,广东,34,3,2,30.5,0.61
2025-10-20,政府采购,付费推广,PC,上海,5,1,0,34.3,0.23
2025-10-20,电子招投标,站内,移动端,广东,38,11,5,147.0,0.25
2025-10-20,招标文件,付费推广,PC,上海,14,3,1,86.9,0.28
2025-10-20,投标保证金,外部链接,移动端,四川,6,1,0,136.6,0.38
2025-10-20,招标文件,外部链接,PC,江苏,10,1,0,68.8,0.66
2025-10-20,框架协议,站内,PC,江苏,19,3,1,66.2,0.6
2025-10-20,招标文件,外部链接,PC,浙江,36,12,10,26.8,0.5
2025-10-20,招标代理,外部链接,移动端,广东,10,3,1,168.3,0.27
2025-10-20,招投标公告,外部链接,PC,北京,35,11,7,71.2,0.56
2025-10-20,招标代理,直接访问,移动端,山东,41,11,7,75.4,0.3
2025-10-20,供应商查询,直接访问,PC,山东,23,4,2,168.1,0.32
2025-10-20,招标代理,直接访问,PC,湖北,20,2,1,53.2,0.61
2025-10-20,单一来源,直接访问,PC,山东,38,12,4,29.2,0.19
2025-10-20,合同公示,直接访问,PC,浙江,18,11,5,43.5,0.52
2025-10-20,单一来源,付费推广,移动端,四川,37,9,4,90.3,0.26
2025-10-20,询价公告,站内,PC,上海,15,10,8,90.9,0.22
2025-10-20,资格预审,直接访问,PC,浙江,31,10,7,92.8,0.7
2025-10-20,评标专家,站内,PC,北京,17,7,6,23.4,0.71
2025-10-20,供应商查询,外部链接,移动端,北京,26,1,0,58.7,0.39
2025-10-20,履约信息,直接访问,PC,浙江,26,3,2,33.1,0.24
2025-10-20,政府采购,付费推广,移动端,广东,39,8,5,162.0,0.41
2025-10-20,竞争性谈判,直接访问,PC,广东,57,11,7,106.3,0.55
2025-10-20,招投标公告,外部链接,PC,四川,19,4,1,25.0,0.19
2025-10-20,中标结果,外部链接,PC,湖北,64,11,9,71.6,0.39
2025-10-20,行业动态,直接访问,PC,江苏,19,8,5,62.4,0.4
2025-10-20,采购信息,直接访问,PC,湖北,43,6,4,157.9,0.32
2025-10-20,开标记录,直接访问,PC,湖北,19,12,5,68.6,0.27
2025-10-20,投诉处理,站内,移动端,四川,16,2,1,110.2,0.38
2025-10-20,询价公告,外部链接,移动端,湖北,5,6,4,145.3,0.53
2025-10-20,框架协议,付费推广,移动端,山东,30,12,6,154.6,0.59
2025-10-20,政策解读,外部链接,PC,上海,14,3,2,33.0,0.31
2025-10-20,供应商查询,付费推广,移动端,浙江,25,8,5,82.2,0.18
2025-10-20,招投标公告,直接访问,PC,浙江,1,1,0,106.3,0.28
2025-10-20,中标公示,直接访问,移动端,北京,11,1,0,121.4,0.24
2025-10-21,资格预审,直接访问,移动端,广东,21,2,1,81.8,0.23
2025-10-21,采购信息,外部链接,PC,四川,25,4,2,169.3,0.55
2025-10-21,合同公示,站内,PC,广东,16,1,0,43.2,0.33
2025-10-21,中标结果,直接访问,移动端,浙江,27,7,6,174.8,0.53
2025-10-21,采购信息,直接访问,PC,四川,22,12,4,111.8,0.35
2025-10-21,评标结果,直接访问,PC,上海,12,7,3,148.8,0.62
2025-10-21,招标文件,站内,PC,浙江,65,11,9,105.5,0.58
2025-10-21,询价公告,外部链接,PC,江苏,14,8,3,121.4,0.68
2025-10-21,投诉处理,直接访问,PC,四川,22,2,1,136.1,0.38
2025-10-21,行业动态,付费推广,移动端,湖北,28,3,1,137.7,0.46
2025-10-21,政策解读,外部链接,移动端,上海,40,5,4,21.1,0.3
2025-10-21,招标代理,站内,移动端,四川,23,2,1,132.6,0.4
2025-10-21,招投标公告,外部链接,PC,浙江,25,12,8,58.1,0.17
2025-10-21,供应商查询,站内,PC,湖北,26,10,3,152.9,0.7
2025-10-21,中标公示,外部链接,移动端,浙江,11,11,9,143.7,0.68
2025-10-21,工程招标,站内,PC,浙江,8,2,1,23.0,0.53
2025-10-21,采购信息,直接访问,PC,北京,24,4,1,141.1,0.28
2025-10-21,招投标公告,站内,移动端,上海,5,2,0,57.6,0.48
2025-10-21,企业资质,外部链接,PC,北京,30,3,2,155.4,0.3
2025-10-21,项目立项,外部链接,移动端,湖北,7,10,7,131.3,0.56
2025-10-21,合同公示,外部链接,移动端,北京,38,8,4,173.4,0.28
2025-10-21,框架协议,付费推广,移动端,浙江,19,5,4,78.4,0.19
2025-10-21,采购信息,外部链接,PC,北京,29,2,1,133.9,0.48
2025-10-21,招投标公告,外部链接,PC,上海,1,1,0,119.0,0.54
2025-10-21,竞争性谈判,外部链接,移动端,浙江,8,5,3,153.7,0.25
2025-10-21,供应商查询,外部链接,PC,浙江,18,3,1,55.8,0.56
2025-10-21,框架协议,直接访问,PC,上海,30,6,2,44.6,0.28
2025-10-21,招投标公告,外部链接,PC,江苏,7,3,1,162.3,0.45
2025-10-21,招投标公告,站内,PC,山东,41,9,3,93.9,0.65
2025-10-21,政策解读,站内,移动端,广东,9,3,1,100.2,0.67
2025-10-21,框架协议,直接访问,PC,广东,5,3,1,96.3,0.63
2025-10-21,招标代理,直接访问,移动端,江苏,8,11,3,116.6,0.32
2025-10-21,招投标公告,外部链接,PC,四川,22,6,2,69.8,0.48
2025-10-21,中标结果,外部链接,PC,山东,35,9,4,97.7,0.59
2025-10-21,行业动态,站内,移动端,山东,35,7,3,24.5,0.71
2025-10-21,采购信息,直接访问,移动端,北京,29,8,6,91.6,0.51
2025-10-21,中标结果,付费推广,PC,上海,10,10,3,19.8,0.21
2025-10-21,单一来源,直接访问,PC,广东,41,7,6,23.0,0.68
2025-10-21,行业报告,直接访问,PC,广东,24,7,3,94.0,0.58
2025-10-21,采购信息,付费推广,移动端,北京,20,8,3,105.6,0.71
2025-10-21,更正公告,外部链接,移动端,湖北,7,4,2,162.9,0.62
2025-10-22,废标公告,直接访问,移动端,广东,33,5,3,57.9,0.74
2025-10-22,政策解读,外部链接,移动端,北京,34,5,4,83.9,0.63
2025-10-22,供应商查询,直接访问,移动端,四川,27,3,1,22.7,0.44
2025-10-22,行业动态,站内,PC,江苏,35,6,2,171.5,0.61
2025-10-22,招投标公告,站内,移动端,广东,39,5,3,55.3,0.42
2025-10-22,履约信息,直接访问,移动端,四川,22,4,3,166.6,0.53
2025-10-22,合同公示,直接访问,PC,山东,13,4,2,176.5,0.72
2025-10-22,评标结果,站内,PC,四川,12,12,7,131.4,0.3
2025-10-22,信用查询,外部链接,移动端,湖北,42,11,6,80.2,0.47
2025-10-22,采购信息,外部链接,PC,浙江,41,6,4,127.7,0.23
2025-10-22,采购信息,直接访问,移动端,湖北,37,11,6,175.3,0.43
2025-10-22,招标文件,付费推广,PC,浙江,36,5,4,43.6,0.66
2025-10-22,中标结果,直接访问,PC,广东,2,2,0,78.7,0.56
2025-10-22,采购信息,外部链接,PC,湖北,13,4,2,161.7,0.27
2025-10-22,中标公示,直接访问,PC,四川,21,12,5,61.9,0.32
2025-10-22,工程招标,直接访问,PC,江苏,30,10,5,121.9,0.25
2025-10-22,开标记录,外部链接,PC,江苏,18,3,2,56.5,0.22
2025-10-22,供应商查询,直接访问,PC,湖北,34,5,3,58.8,0.38
2025-10-22,工程招标,外部链接,PC,山东,12,3,1,52.7,0.69
2025-10-22,资格预审,站内,PC,北京,3,6,2,93.3,0.64
2025-10-22,采购信息,付费推广,移动端,浙江,35,5,3,129.4,0.29
2025-10-22,招标文件,外部链接,移动端,上海,6,5,2,22.2,0.45
2025-10-22,工程招标,直接访问,PC,浙江,58,12,7,45.2,0.27
2025-10-22,招投标公告,站内,PC,江苏,37,11,6,137.3,0.5
2025-10-22,招投标公告,直接访问,移动端,湖北,28,4,3,34.6,0.64
2025-10-22,投标保证金,站内,PC,山东,20,10,8,72.8,0.4
2025-10-22,更正公告,直接访问,PC,广东,10,2,0,18.4,0.59
2025-10-22,工程招标,直接访问,PC,江苏,5,1,0,108.4,0.64
2025-10-22,政策解读,站内,移动端,浙江,9,11,4,107.8,0.68
2025-10-22,采购信息,站内,PC,上海,27,6,2,82.0,0.38
2025-10-22,资格预审,外部链接,移动端,江苏,21,3,1,28.9,0.2
2025-10-22,废标公告,直接访问,PC,山东,13,4,3,132.3,0.47
2025-10-22,中标结果,站内,PC,四川,26,3,1,115.0,0.67
2025-10-22,采购信息,付费推广,移动端,湖北,34,4,3,141.9,0.45
2025-10-22,行业报告,直接访问,PC,山东,24,10,6,89.9,0.16
2025-10-22,招标文件,外部链接,PC,浙江,15,10,5,18.7,0.32
2025-10-22,废标公告,外部链接,移动端,四川,26,7,5,75.6,0.48
2025-10-22,中标结果,外部链接,PC,广东,24,10,5,127.6,0.69
2025-10-22,供应商查询,付费推广,PC,北京,17,3,1,65.1,0.38
2025-10-22,项目立项,直接访问,移动端,江苏,29,2,1,62.9,0.5
2025-10-22,招投标公告,直接访问,移动端,浙江,16,6,3,43.5,0.32
2025-10-22,采购信息,站内,移动端,四川,29,1,0,128.5,0.37
2025-10-22,电子招投标,外部链接,PC,江苏,44,9,7,167.1,0.24
2025-10-23,工程招标,付费推广,移动端,江苏,6,7,4,124.9,0.63
2025-10-23,电子招投标,站内,移动端,上海,30,10,5,160.1,0.28
2025-10-23,评标结果,外部链接,移动端,广东,23,3,1,101.8,0.31
2025-10-23,中标结果,直接访问,PC,北京,34,6,4,38.9,0.24
2025-10-23,行业动态,直接访问,移动端,浙江,29,12,7,178.9,0.56
2025-10-23,资格预审,外部链接,移动端,四川,10,3,2,68.6,0.58
2025-10-23,单一来源,直接访问,PC,四川,8,3,1,60.7,0.39
2025-10-23,招投标公告,外部链接,PC,浙江,26,8,3,79.9,0.36
2025-10-23,资格预审,站内,移动端,广东,17,5,2,31.8,0.68
2025-10-23,供应商查询,付费推广,PC,浙江,9,1,0,63.6,0.47
2025-10-23,招标文件,直接访问,移动端,湖北,20,1,0,116.0,0.27
2025-10-23,采购信息,付费推广,PC,上海,27,11,9,56.9,0.4
2025-10-23,竞争性谈判,站内,PC,山东,26,8,4,142.0,0.42
2025-10-23,招标文件,直接访问,PC,广东,20,4,1,71.6,0.67
2025-10-23,采购信息,直接访问,移动端,北京,14,2,1,119.1,0.49
2025-10-23,供应商查询,直接访问,PC,上海,24,4,2,171.3,0.2
2025-10-23,供应商查询,站内,PC,四川,18,6,4,21.7,0.38
2025-10-23,招投标公告,直接访问,移动端,广东,14,7,4,120.4,0.22
2025-10-23,开标记录,直接访问,PC,湖北,34,3,1,64.3,0.74
2025-10-23,单一来源,直接访问,PC,山东,4,4,1,88.8,0.35
2025-10-23,中标公示,直接访问,PC,广东,19,3,1,118.4,0.42
2025-10-23,框架协议,直接访问,PC,江苏,26,9,8,126.5,0.65
2025-10-23,行业报告,付费推广,移动端,四川,22,2,1,112.3,0.6
2025-10-23,询价公告,直接访问,移动端,湖北,43,11,10,58.7,0.34
2025-10-23,采购信息,外部链接,PC,北京,32,6,2,160.4,0.59
2025-10-23,供应商查询,外部链接,PC,山东,24,1,0,97.1,0.56
2025-10-23,框架协议,直接访问,移动端,湖北,27,8,7,97.4,0.61
2025-10-23,评标专家,付费推广,移动端,广东,21,1,0,30.4,0.44
2025-10-23,询价公告,站内,PC,江苏,31,12,10,58.2,0.4
2025-10-23,采购信息,直接访问,移动端,上海,60,11,8,61.4,0.44
2025-10-23,废标公告,外部链接,PC,上海,41,12,7,38.3,0.49
2025-10-23,供应商查询,外部链接,PC,北京,45,6,4,161.3,0.46
2025-10-23,政策解读,直接访问,移动端,北京,45,12,6,85.5,0.67
2025-10-23,中标结果,付费推广,移动端,广东,20,10,4,58.6,0.53
2025-10-23,招标文件,站内,PC,湖北,8,2,1,51.5,0.35
2025-10-23,法律法规,直接访问,PC,四川,15,2,1,116.3,0.19
2025-10-23,工程招标,付费推广,移动端,湖北,35,10,6,154.0,0.57
2025-10-24,行业报告,外部链接,PC,湖北,49,12,5,54.4,0.36
2025-10-24,中标公示,直接访问,移动端,湖北,21,10,8,141.4,0.64
2025-10-24,竞争性谈判,直接访问,PC,广东,12,2,0,113.0,0.58
2025-10-24,招投标公告,外部链接,PC,北京,23,10,4,93.6,0.56
2025-10-24,招投标公告,外部链接,移动端,浙江,9,7,2,49.2,0.4
2025-10-24,招标文件,外部链接,移动端,四川,35,8,4,136.5,0.25
2025-10-24,资格预审,直接访问,PC,江苏,6,1,0,156.5,0.25
2025-10-24,工程招标,直接访问,PC,上海,34,12,7,139.2,0.34
2025-10-24,政府采购,直接访问,PC,湖北,0,2,0,174.4,0.65
2025-10-24,政策解读,外部链接,PC,四川,54,9,6,40.5,0.19
2025-10-24,招标文件,付费推广,移动端,北京,24,12,4,141.5,0.43
2025-10-24,投标保证金,直接访问,移动端,湖北,18,7,3,123.5,0.71
2025-10-24,招标文件,直接访问,PC,浙江,21,3,1,101.5,0.35
2025-10-24,工程招标,付费推广,PC,广东,15,12,5,152.9,0.44
2025-10-24,采购信息,外部链接,PC,北京,38,11,5,73.6,0.66
2025-10-24,中标结果,外部链接,PC,北京,33,10,7,148.6,0.62
2025-10-24,采购信息,直接访问,PC,广东,34,8,6,157.0,0.39
2025-10-24,工程招标,站内,移动端,北京,24,9,4,99.5,0.25
2025-10-24,招投标公告,站内,PC,江苏,37,10,6,61.5,0.2
2025-10-24,供应商查询,直接访问,移动端,山东,26,7,5,164.2,0.25
2025-10-24,工程招标,付费推广,移动端,北京,43,10,7,168.5,0.55
2025-10-24,招投标公告,站内,PC,江苏,27,9,7,126.7,0.6
2025-10-24,采购信息,站内,PC,湖北,33,7,2,105.9,0.66
2025-10-24,招标文件,直接访问,移动端,广东,32,12,10,77.5,0.36
2025-10-24,供应商查询,直接访问,PC,浙江,51,10,7,169.6,0.5
2025-10-24,工程招标,站内,移动端,江苏,0,2,0,85.2,0.21
2025-10-24,电子招投标,外部链接,PC,山东,16,9,3,18.1,0.23
2025-10-24,信用查询,付费推广,移动端,浙江,37,9,7,28.8,0.16
2025-10-24,企业资质,外部链接,PC,山东,29,7,6,171.0,0.27
2025-10-24,中标结果,直接访问,PC,浙江,12,7,3,92.5,0.21
2025-10-24,评标结果,直接访问,PC,四川,30,8,6,84.1,0.44
2025-10-24,招标文件,直接访问,PC,浙江,19,2,1,171.3,0.75
2025-10-24,采购信息,直接访问,PC,山东,34,12,10,75.3,0.73
2025-10-24,中标结果,直接访问,移动端,四川,36,4,3,113.5,0.26
2025-10-24,废标公告,直接访问,PC,山东,25,9,7,71.1,0.18
2025-10-24,招投标公告,直接访问,PC,北京,40,6,4,136.8,0.17
2025-10-24,招投标公告,外部链接,PC,广东,17,8,3,81.6,0.7
2025-10-24,询价公告,外部链接,移动端,江苏,32,4,3,110.9,0.73
2025-10-24,行业动态,直接访问,PC,四川,21,10,5,53.5,0.22
2025-10-24,评标专家,直接访问,PC,江苏,27,11,8,120.1,0.21
2025-10-24,投诉处理,外部链接,PC,四川,23,10,5,65.6,0.55
2025-10-24,采购信息,站内,PC,山东,30,10,7,128.7,0.61
2025-10-24,工程招标,外部链接,移动端,湖北,17,8,4,179.0,0.38
2025-10-24,工程招标,站内,移动端,四川,3,2,1,122.9,0.49
2025-10-24,开标记录,外部链接,PC,山东,4,5,2,103.5,0.46
2025-10-24,供应商查询,直接访问,移动端,浙江,50,11,7,19.4,0.38
2025-10-24,供应商查询,外部链接,移动端,山东,20,2,1,30.9,0.35
2025-10-25,采购信息,站内,PC,山东,29,9,5,152.3,0.39
2025-10-25,中标结果,直接访问,PC,上海,29,1,0,43.3,0.73
2025-10-25,法律法规,直接访问,PC,广东,13,6,3,128.1,0.16
2025-10-25,中标结果,直接访问,PC,山东,10,2,1,141.1,0.43
2025-10-25,招标代理,直接访问,PC,山东,9,2,0,111.3,0.4
2025-10-25,评标专家,外部链接,PC,江苏,30,6,2,46.8,0.42
2025-10-25,招标文件,站内,移动端,上海,28,6,2,154.7,0.51
2025-10-25,投诉处理,站内,移动端,四川,27,2,1,36.2,0.59
2025-10-25,中标公示,直接访问,PC,四川,13,2,1,137.2,0.45
2025-10-25,招投标公告,直接访问,移动端,广东,14,10,6,157.2,0.28
2025-10-25,中标结果,站内,PC,山东,13,6,3,58.3,0.53
2025-10-25,单一来源,站内,PC,浙江,13,4,3,66.7,0.73
2025-10-25,供应商查询,直接访问,PC,广东,29,6,2,94.2,0.47
2025-10-25,评标专家,直接访问,PC,广东,40,11,5,61.6,0.56
2025-10-25,履约信息,直接访问,PC,北京,52,11,7,44.0,0.71
2025-10-25,政策解读,外部链接,移动端,山东,43,12,5,148.5,0.72
2025-10-25,法律法规,外部链接,PC,四川,57,11,10,140.7,0.6
2025-10-25,政府采购,直接访问,PC,浙江,7,2,1,135.3,0.72
2025-10-25,招投标公告,站内,移动端,浙江,28,3,1,170.1,0.75
2025-10-25,供应商查询,直接访问,移动端,江苏,20,12,4,73.4,0.32
2025-10-25,废标公告,外部链接,PC,浙江,1,2,0,162.3,0.36
2025-10-25,采购信息,直接访问,移动端,上海,33,7,4,67.0,0.52
2025-10-25,招标文件,直接访问,移动端,湖北,38,6,3,146.5,0.5
2025-10-25,中标结果,直接访问,PC,四川,27,1,0,105.5,0.69
2025-10-25,招标文件,直接访问,移动端,江苏,14,8,4,21.3,0.25
2025-10-25,供应商查询,直接访问,PC,江苏,20,7,4,51.9,0.39
2025-10-25,采购信息,站内,PC,广东,34,2,1,162.5,0.46
2025-10-25,招投标公告,付费推广,移动端,湖北,34,5,3,161.6,0.45
2025-10-25,行业动态,外部链接,PC,浙江,35,5,4,179.6,0.17
2025-10-25,招标代理,直接访问,移动端,北京,29,7,4,47.0,0.6
2025-10-25,工程招标,直接访问,移动端,江苏,18,2,1,121.0,0.42
2025-10-25,企业资质,站内,PC,上海,25,10,5,18.3,0.34
2025-10-25,中标结果,直接访问,移动端,湖北,9,12,4,158.3,0.68
2025-10-25,招标文件,外部链接,移动端,山东,15,5,3,100.8,0.53
2025-10-25,招投标公告,站内,PC,上海,15,5,2,81.0,0.44
2025-10-25,行业动态,直接访问,PC,浙江,19,3,2,27.1,0.26
2025-10-25,政府采购,直接访问,PC,浙江,36,6,3,153.3,0.43
2025-10-25,投标保证金,外部链接,PC,山东,6,3,2,45.4,0.55
2025-10-25,招投标公告,直接访问,移动端,广东,12,7,4,105.6,0.29
2025-10-25,采购信息,直接访问,PC,北京,20,5,3,59.4,0.64
2025-10-25,工程招标,付费推广,移动端,上海,11,5,3,18.9,0.62
2025-10-25,政策解读,外部链接,PC,四川,16,11,4,35.9,0.41
2025-10-26,行业动态,直接访问,移动端,湖北,45,10,5,25.4,0.35
2025-10-26,招投标公告,站内,移动端,上海,10,5,3,161.8,0.33
2025-10-26,招投标公告,站内,移动端,上海,19,6,2,58.6,0.39
2025-10-26,工程招标,付费推广,移动端,江苏,17,5,1,122.1,0.36
2025-10-26,采购信息,外部链接,PC,四川,21,12,7,177.6,0.46
2025-10-26,合同公示,站内,PC,湖北,28,11,5,123.1,0.46
2025-10-26,开标记录,直接访问,PC,江苏,49,11,7,35.1,0.5
2025-10-26,废标公告,直接访问,PC,浙江,6,8,5,117.5,0.44
2025-10-26,招标文件,外部链接,移动端,北京,19,12,4,170.2,0.66
2025-10-26,招投标公告,直接访问,PC,湖北,47,9,6,171.6,0.39
2025-10-26,项目立项,外部链接,PC,江苏,24,5,3,171.2,0.42
2025-10-26,采购信息,直接访问,PC,江苏,8,8,4,108.4,0.48
2025-10-26,工程招标,外部链接,PC,上海,33,6,4,104.4,0.72
2025-10-26,评标结果,直接访问,PC,浙江,6,6,2,82.1,0.61
2025-10-26,招标文件,付费推广,PC,湖北,10,7,4,126.0,0.21
2025-10-26,工程招标,外部链接,PC,四川,8,3,1,72.8,0.44
2025-10-26,信用查询,直接访问,移动端,浙江,38,10,4,119.1,0.74
2025-10-26,采购信息,直接访问,移动端,湖北,6,1,0,47.3,0.63
2025-10-26,废标公告,站内,PC,广东,26,2,0,134.6,0.42
2025-10-26,招标文件,站内,PC,山东,20,8,2,177.2,0.43
2025-10-26,招投标公告,直接访问,移动端,湖北,23,6,4,116.8,0.21
2025-10-26,招标代理,外部链接,移动端,江苏,29,1,0,163.3,0.47
2025-10-26,更正公告,外部链接,移动端,广东,46,5,4,161.2,0.41
2025-10-26,合同公示,站内,PC,上海,25,2,1,91.5,0.19
2025-10-26,竞争性谈判,付费推广,移动端,北京,17,7,3,55.5,0.3
2025-10-26,框架协议,直接访问,PC,四川,42,8,7,169.2,0.22
2025-10-26,工程招标,直接访问,PC,上海,40,9,7,142.8,0.65
2025-10-26,工程招标,外部链接,移动端,四川,23,11,4,160.4,0.17
2025-10-26,政策解读,直接访问,移动端,四川,5,6,2,132.4,0.32
2025-10-26,中标结果,直接访问,PC,四川,16,6,4,97.9,0.22
2025-10-26,单一来源,站内,PC,北京,3,5,3,27.6,0.59
2025-10-26,招投标公告,直接访问,PC,上海,4,4,3,135.7,0.34
2025-10-26,电子招投标,直接访问,移动端,山东,9,3,2,136.7,0.45
2025-10-26,信用查询,站内,PC,山东,27,4,3,133.2,0.5
2025-10-26,单一来源,直接访问,移动端,北京,58,11,9,49.6,0.4
2025-10-26,评标结果,站内,移动端,山东,66,12,10,108.8,0.74
2025-10-26,项目立项,站内,移动端,山东,9,2,1,175.8,0.6
2025-10-26,工程招标,外部链接,移动端,湖北,39,12,9,108.4,0.27
2025-10-26,供应商查询,站内,PC,江苏,7,4,2,174.0,0.24
2025-10-26,供应商查询,站内,PC,北京,33,4,3,82.3,0.45
2025-10-26,招标文件,外部链接,移动端,山东,22,2,1,178.8,0.59
2025-10-26,中标公示,直接访问,PC,四川,5,1,0,179.9,0.43
2025-10-26,行业动态,外部链接,PC,江苏,17,4,2,165.2,0.39
2025-10-26,供应商查询,付费推广,PC,山东,9,1,0,57.9,0.19
2025-10-26,合同公示,付费推广,移动端,四川,24,9,4,161.5,0.23
2025-10-26,中标结果,站内,PC,山东,24,9,3,51.1,0.52
2025-10-26,供应商查询,付费推广,PC,四川,12,1,0,165.5,0.29
2025-10-27,询价公告,站内,PC,北京,27,3,1,149.9,0.41
2025-10-27,中标结果,直接访问,PC,广东,12,6,2,43.4,0.73
2025-10-27,招投标公告,站内,移动端,江苏,34,4,2,174.5,0.6
2025-10-27,企业资质,外部链接,移动端,四川,44,9,7,102.1,0.72
2025-10-27,中标结果,直接访问,PC,山东,37,9,7,75.8,0.65
2025-10-27,工程招标,直接访问,PC,山东,21,1,0,77.2,0.45
2025-10-27,供应商查询,付费推广,移动端,四川,28,1,0,147.3,0.32
2025-10-27,工程招标,直接访问,移动端,湖北,29,11,4,82.3,0.24
2025-10-27,供应商查询,直接访问,PC,湖北,17,11,5,77.3,0.44
2025-10-27,框架协议,外部链接,移动端,四川,17,2,1,160.2,0.3
2025-10-27,招标文件,直接访问,移动端,山东,31,4,2,158.6,0.47
2025-10-27,招投标公告,直接访问,移动端,湖北,40,12,5,61.6,0.61
2025-10-27,供应商查询,外部链接,PC,上海,60,12,9,72.3,0.24
2025-10-27,工程招标,站内,移动端,山东,0,1,0,35.4,0.47
2025-10-27,招投标公告,外部链接,PC,江苏,7,1,0,90.5,0.62
2025-10-27,招标文件,外部链接,移动端,北京,17,3,2,140.2,0.51
2025-10-27,招投标公告,直接访问,移动端,四川,15,9,5,156.1,0.7
2025-10-27,政策解读,外部链接,PC,浙江,12,4,2,179.0,0.48
2025-10-27,单一来源,外部链接,移动端,四川,22,7,6,173.1,0.46
2025-10-27,开标记录,直接访问,移动端,广东,29,11,5,56.2,0.19
2025-10-27,中标结果,直接访问,PC,广东,7,3,2,165.8,0.68
2025-10-27,企业资质,付费推广,移动端,江苏,24,3,1,129.0,0.59
2025-10-27,行业动态,站内,PC,上海,19,1,0,100.5,0.49
2025-10-27,废标公告,外部链接,移动端,四川,18,10,3,18.7,0.5
2025-10-27,招投标公告,直接访问,移动端,江苏,58,12,7,129.3,0.45
2025-10-27,信用查询,直接访问,PC,四川,12,8,6,21.7,0.74
2025-10-27,评标结果,站内,PC,湖北,20,5,3,75.0,0.47
2025-10-27,工程招标,站内,移动端,四川,30,4,3,38.6,0.29
2025-10-27,中标公示,直接访问,PC,山东,19,7,3,34.0,0.28
2025-10-27,更正公告,直接访问,移动端,四川,15,8,3,99.6,0.16
2025-10-27,招标文件,外部链接,移动端,江苏,8,1,0,120.6,0.71
2025-10-27,废标公告,外部链接,PC,四川,24,10,6,45.9,0.41
2025-10-27,供应商查询,直接访问,PC,四川,61,11,9,41.0,0.43
2025-10-27,政府采购,直接访问,PC,浙江,14,2,1,55.4,0.3
2025-10-27,政策解读,外部链接,移动端,四川,42,6,4,108.9,0.6
2025-10-28,工程招标,付费推广,移动端,上海,27,9,3,31.1,0.73
2025-10-28,中标结果,外部链接,PC,广东,14,3,2,91.7,0.62
2025-10-28,项目立项,直接访问,移动端,江苏,5,12,5,138.4,0.26
2025-10-28,采购信息,站内,移动端,湖北,59,11,8,110.8,0.18
2025-10-28,中标结果,外部链接,移动端,江苏,32,8,4,26.4,0.71
2025-10-28,招投标公告,站内,PC,浙江,43,9,4,108.4,0.39
2025-10-28,投标保证金,外部链接,PC,山东,20,10,7,158.4,0.6
2025-10-28,采购信息,直接访问,PC,浙江,16,10,4,76.3,0.61
2025-10-28,中标公示,站内,PC,江苏,10,6,3,44.7,0.21
2025-10-28,投标保证金,外部链接,PC,北京,19,2,1,68.1,0.75
2025-10-28,采购信息,直接访问,PC,湖北,53,12,9,152.8,0.67
2025-10-28,工程招标,站内,移动端,江苏,19,8,4,125.5,0.62
2025-10-28,招标文件,站内,PC,湖北,35,10,7,113.5,0.47
2025-10-28,采购信息,外部链接,PC,四川,30,5,2,125.8,0.54
2025-10-28,行业报告,直接访问,移动端,山东,22,11,6,179.0,0.49
2025-10-28,电子招投标,直接访问,PC,北京,28,4,3,134.4,0.62
2025-10-28,招标文件,站内,PC,北京,26,2,1,89.0,0.29
2025-10-28,评标结果,付费推广,PC,江苏,30,8,3,86.4,0.39
2025-10-28,工程招标,付费推广,移动端,四川,33,5,3,93.3,0.2
2025-10-28,中标公示,外部链接,PC,上海,0,1,0,145.8,0.21
2025-10-28,采购信息,外部链接,PC,湖北,16,10,3,31.9,0.44
2025-10-28,行业报告,直接访问,移动端,广东,31,10,7,120.5,0.62
2025-10-28,法律法规,直接访问,PC,广东,34,12,6,130.5,0.69
2025-10-28,采购信息,外部链接,PC,江苏,45,12,8,74.6,0.55
2025-10-28,评标结果,站内,PC,广东,20,6,2,93.3,0.6
2025-10-28,招投标公告,外部链接,移动端,江苏,16,4,3,55.6,0.41
2025-10-28,供应商查询,直接访问,PC,山东,14,4,1,147.5,0.61
2025-10-28,政策解读,外部链接,PC,北京,19,1,0,32.9,0.15
2025-10-28,企业资质,直接访问,移动端,上海,14,9,3,170.3,0.74
2025-10-28,行业报告,外部链接,PC,湖北,39,7,5,141.6,0.65
2025-10-28,采购信息,直接访问,移动端,北京,15,8,3,142.4,0.37
2025-10-28,中标结果,外部链接,PC,广东,14,4,1,168.7,0.66
2025-10-28,行业报告,站内,移动端,四川,35,9,5,51.5,0.59
2025-10-28,中标公示,外部链接,PC,广东,32,11,6,114.5,0.64
2025-10-28,废标公告,直接访问,移动端,北京,10,3,2,116.7,0.53
2025-10-28,资格预审,外部链接,移动端,浙江,9,2,1,157.4,0.7
2025-10-29,供应商查询,直接访问,PC,广东,27,10,5,162.0,0.39
2025-10-29,法律法规,直接访问,PC,湖北,27,3,2,178.5,0.37
2025-10-29,招投标公告,直接访问,PC,山东,37,12,10,66.7,0.7
2025-10-29,招投标公告,直接访问,移动端,浙江,37,12,9,85.3,0.71
2025-10-29,中标公示,外部链接,PC,四川,42,10,7,92.7,0.57
2025-10-29,招标文件,直接访问,移动端,广东,28,8,3,113.2,0.51
2025-10-29,资格预审,外部链接,PC,江苏,28,12,7,26.0,0.23
2025-10-29,采购信息,站内,移动端,浙江,17,3,1,150.1,0.4
2025-10-29,工程招标,直接访问,移动端,江苏,6,2,1,130.3,0.6
2025-10-29,法律法规,外部链接,PC,四川,28,2,1,85.0,0.2
2025-10-29,中标结果,付费推广,PC,上海,14,3,1,161.0,0.56
2025-10-29,招标文件,外部链接,PC,湖北,26,4,1,42.0,0.62
2025-10-29,询价公告,外部链接,PC,浙江,36,6,5,117.2,0.21
2025-10-29,竞争性谈判,直接访问,移动端,湖北,19,5,3,103.3,0.34
2025-10-29,单一来源,直接访问,PC,四川,32,6,2,102.2,0.21
2025-10-29,招投标公告,付费推广,移动端,四川,37,12,8,105.5,0.34
2025-10-29,单一来源,站内,移动端,广东,28,12,8,19.9,0.47
2025-10-29,招投标公告,外部链接,移动端,湖北,23,8,5,98.9,0.2
2025-10-29,采购信息,外部链接,移动端,湖北,37,7,3,120.7,0.38
2025-10-29,招标文件,付费推广,PC,山东,23,8,4,50.2,0.44
2025-10-29,信用查询,直接访问,移动端,湖北,12,3,1,18.1,0.28
2025-10-29,招标文件,外部链接,移动端,浙江,14,5,4,174.1,0.22
2025-10-29,招标文件,直接访问,移动端,江苏,12,8,3,119.1,0.67
2025-10-29,合同公示,直接访问,移动端,江苏,34,6,5,56.3,0.73
2025-10-29,供应商查询,外部链接,移动端,四川,18,10,4,139.7,0.44
2025-10-29,竞争性谈判,直接访问,PC,山东,37,11,7,91.0,0.33
2025-10-29,单一来源,外部链接,PC,四川,28,8,3,120.3,0.47
2025-10-29,评标专家,直接访问,移动端,湖北,29,2,1,109.4,0.26
2025-10-29,中标公示,外部链接,PC,浙江,9,8,5,54.0,0.31
2025-10-29,中标结果,直接访问,移动端,北京,22,10,3,78.5,0.51
2025-10-29,项目立项,站内,PC,上海,32,10,3,27.7,0.5
2025-10-29,招标文件,直接访问,PC,浙江,18,7,3,23.3,0.59
2025-10-29,招投标公告,直接访问,PC,上海,11,5,2,176.9,0.26
2025-10-29,采购信息,付费推广,移动端,湖北,34,6,2,146.2,0.68
2025-10-29,供应商查询,付费推广,PC,广东,26,10,5,48.1,0.57
2025-10-29,行业报告,付费推广,PC,山东,36,11,5,123.6,0.48
2025-10-29,电子招投标,站内,移动端,山东,26,7,3,53.6,0.53
2025-10-29,政策解读,直接访问,PC,湖北,29,7,2,110.2,0.45
2025-10-29,开标记录,付费推广,移动端,广东,32,11,7,125.2,0.42
2025-10-29,工程招标,直接访问,移动端,广东,35,11,4,55.5,0.26
2025-10-29,评标专家,直接访问,PC,上海,6,6,3,71.9,0.33
2025-10-29,招投标公告,直接访问,PC,北京,26,8,4,107.3,0.61
2025-10-29,竞争性谈判,站内,PC,四川,33,9,3,23.6,0.45
2025-10-29,中标公示,直接访问,PC,四川,13,4,2,49.7,0.39
2025-10-29,资格预审,外部链接,PC,浙江,32,10,8,91.5,0.57
2025-10-30,招标文件,站内,移动端,湖北,12,10,5,144.3,0.47
2025-10-30,招标文件,外部链接,移动端,广东,10,3,1,90.9,0.68
2025-10-30,行业动态,直接访问,PC,上海,7,5,1,95.7,0.15
2025-10-30,信用查询,外部链接,移动端,四川,33,9,4,60.3,0.7
2025-10-30,工程招标,站内,移动端,北京,25,7,4,81.9,0.35
2025-10-30,中标结果,付费推广,PC,四川,41,6,4,57.4,0.7
2025-10-30,投标保证金,直接访问,移动端,四川,51,12,9,163.8,0.23
2025-10-30,投诉处理,直接访问,PC,北京,25,1,0,70.7,0.42
2025-10-30,采购信息,外部链接,PC,四川,21,8,5,21.4,0.32
2025-10-30,招投标公告,站内,PC,广东,36,8,6,57.6,0.39
2025-10-30,招投标公告,外部链接,PC,北京,23,2,1,79.9,0.41
2025-10-30,采购信息,直接访问,移动端,山东,8,11,7,24.7,0.65
2025-10-30,招标文件,直接访问,移动端,上海,14,3,2,159.6,0.49
2025-10-30,政府采购,付费推广,PC,江苏,36,10,4,74.4,0.57
2025-10-30,信用查询,站内,移动端,浙江,24,11,6,65.4,0.23
2025-10-30,工程招标,直接访问,移动端,北京,11,8,2,74.6,0.62
2025-10-30,电子招投标,站内,移动端,江苏,24,5,3,131.8,0.55
2025-10-30,招投标公告,直接访问,PC,四川,10,4,2,131.6,0.67
2025-10-30,竞争性谈判,站内,PC,湖北,18,8,5,66.9,0.56
2025-10-30,供应商查询,站内,PC,山东,31,4,1,113.6,0.73
2025-10-30,信用查询,付费推广,移动端,北京,33,4,3,119.5,0.33
2025-10-30,资格预审,外部链接,PC,四川,10,1,0,60.3,0.4
2025-10-30,法律法规,直接访问,PC,上海,6,6,2,89.5,0.51
2025-10-30,中标结果,直接访问,移动端,四川,33,8,6,63.4,0.17
2025-10-30,招投标公告,外部链接,PC,山东,22,2,1,53.7,0.61
2025-10-30,电子招投标,直接访问,PC,江苏,9,3,1,153.2,0.61
2025-10-30,中标结果,站内,PC,江苏,14,5,3,87.7,0.32
2025-10-30,招标文件,外部链接,移动端,上海,55,10,8,114.6,0.59
2025-10-30,供应商查询,直接访问,移动端,北京,29,4,3,25.2,0.51
2025-10-30,中标公示,直接访问,PC,浙江,35,9,7,114.3,0.71
2025-10-30,单一来源,直接访问,PC,山东,33,11,6,124.9,0.22
2025-10-30,中标结果,站内,移动端,广东,7,3,1,75.1,0.32
2025-10-30,招标文件,直接访问,PC,浙江,31,3,2,42.7,0.2
2025-10-30,政策解读,付费推广,移动端,四川,20,6,2,126.1,0.31
2025-10-30,工程招标,付费推广,PC,上海,24,8,4,164.2,0.45
2025-10-31,政策解读,直接访问,移动端,上海,23,12,4,29.6,0.38
2025-10-31,工程招标,直接访问,移动端,浙江,28,8,5,144.8,0.24
2025-10-31,中标公示,外部链接,PC,湖北,18,3,1,65.2,0.68
2025-10-31,招标文件,外部链接,PC,北京,45,10,7,80.3,0.73
2025-10-31,合同公示,外部链接,PC,上海,35,10,5,29.8,0.4
2025-10-31,招标文件,站内,PC,湖北,33,7,4,129.3,0.29
2025-10-31,合同公示,站内,移动端,浙江,13,3,1,38.0,0.58
2025-10-31,电子招投标,站内,PC,广东,31,6,2,51.6,0.56
2025-10-31,采购信息,直接访问,移动端,北京,24,9,3,63.3,0.64
2025-10-31,工程招标,直接访问,PC,北京,42,10,4,49.4,0.22
2025-10-31,采购信息,站内,移动端,山东,36,9,7,57.9,0.64
2025-10-31,更正公告,外部链接,PC,湖北,35,7,2,47.7,0.58
2025-10-31,供应商查询,直接访问,PC,上海,37,7,6,41.3,0.67
2025-10-31,中标公示,外部链接,PC,四川,29,2,1,173.2,0.41
2025-10-31,合同公示,付费推广,移动端,四川,2,1,0,27.8,0.32
2025-10-31,招投标公告,站内,移动端,山东,28,11,3,117.7,0.46
2025-10-31,招投标公告,付费推广,PC,四川,24,3,2,82.1,0.71
2025-10-31,招投标公告,外部链接,PC,北京,11,7,4,65.1,0.42
2025-10-31,采购信息,付费推广,PC,山东,20,2,1,20.9,0.52
2025-10-31,资格预审,付费推广,PC,广东,21,6,4,82.4,0.17
2025-10-31,招投标公告,直接访问,移动端,江苏,40,8,4,123.8,0.52
2025-10-31,竞争性谈判,站内,移动端,北京,19,4,1,37.0,0.35
2025-10-31,工程招标,外部链接,移动端,上海,34,3,2,142.9,0.3
2025-10-31,招投标公告,外部链接,移动端,浙江,33,9,6,142.9,0.37
2025-10-31,采购信息,直接访问,PC,江苏,33,6,4,26.4,0.44
2025-10-31,评标结果,站内,PC,江苏,31,7,3,153.4,0.3
2025-10-31,废标公告,直接访问,移动端,四川,26,11,3,57.5,0.45
2025-10-31,招投标公告,站内,PC,山东,23,1,0,48.5,0.42
2025-10-31,工程招标,外部链接,PC,浙江,14,6,5,49.3,0.29
2025-10-31,投标保证金,直接访问,PC,湖北,3,5,1,68.6,0.17
2025-10-31,信用查询,外部链接,移动端,浙江,13,6,2,177.8,0.64
2025-10-31,供应商查询,外部链接,PC,湖北,36,12,6,153.7,0.29
2025-10-31,工程招标,直接访问,PC,上海,16,4,1,31.9,0.42
2025-10-31,资格预审,外部链接,PC,江苏,19,1,0,125.9,0.49
2025-10-31,招投标公告,直接访问,移动端,广东,13,1,0,143.0,0.63
2025-10-31,采购信息,直接访问,移动端,浙江,19,6,4,147.6,0.29
2025-11-01,采购信息,直接访问,移动端,上海,35,12,5,179.1,0.18
2025-11-01,中标结果,站内,PC,江苏,19,10,4,161.1,0.41
2025-11-01,招标文件,外部链接,移动端,四川,15,8,3,42.5,0.58
2025-11-01,更正公告,外部链接,移动端,山东,32,12,9,81.8,0.22
2025-11-01,政策解读,付费推广,PC,北京,13,7,5,95.3,0.21
2025-11-01,更正公告,直接访问,PC,上海,19,12,5,131.7,0.45
2025-11-01,法律法规,站内,移动端,山东,16,4,1,30.0,0.59
2025-11-01,信用查询,站内,PC,广东,27,11,6,164.6,0.34
2025-11-01,招投标公告,直接访问,移动端,广东,21,4,1,176.8,0.2
2025-11-01,中标公示,站内,PC,广东,5,7,2,34.8,0.23
2025-11-01,采购信息,直接访问,PC,北京,36,8,3,69.5,0.5
2025-11-01,供应商查询,站内,PC,广东,12,2,1,156.6,0.62
2025-11-01,竞争性谈判,站内,移动端,上海,31,5,1,63.4,0.31
2025-11-01,政府采购,直接访问,移动端,北京,10,2,0,160.2,0.55
2025-11-01,招标代理,直接访问,移动端,上海,21,3,1,86.9,0.75
2025-11-01,招标文件,站内,移动端,湖北,11,9,4,102.0,0.72
2025-11-01,行业报告,直接访问,移动端,四川,41,10,4,129.7,0.38
2025-11-01,工程招标,站内,PC,湖北,7,5,2,171.3,0.6
2025-11-01,采购信息,站内,PC,广东,15,6,4,33.6,0.68
2025-11-01,中标公示,付费推广,移动端,浙江,55,11,8,161.3,0.3
2025-11-01,招投标公告,外部链接,移动端,广东,42,11,6,153.4,0.6
2025-11-01,中标结果,直接访问,PC,浙江,20,1,0,157.1,0.32
2025-11-01,采购信息,直接访问,PC,浙江,29,5,3,152.4,0.66
2025-11-01,中标公示,直接访问,移动端,广东,7,2,1,153.4,0.37
2025-11-01,采购信息,外部链接,移动端,山东,27,6,2,109.3,0.43
2025-11-01,招投标公告,站内,PC,湖北,32,9,6,122.4,0.59
2025-11-01,供应商查询,外部链接,PC,四川,29,1,0,110.4,0.45
2025-11-01,政策解读,直接访问,PC,湖北,29,9,3,160.4,0.51
2025-11-01,信用查询,直接访问,PC,北京,4,2,1,149.6,0.58
2025-11-01,企业资质,外部链接,移动端,湖北,18,3,2,176.3,0.75
2025-11-01,单一来源,直接访问,PC,浙江,32,2,1,126.2,0.22
2025-11-01,招标代理,直接访问,PC,上海,6,3,1,71.4,0.44
2025-11-01,工程招标,直接访问,移动端,浙江,31,9,7,86.8,0.56
2025-11-01,询价公告,付费推广,PC,浙江,36,5,4,132.8,0.26
2025-11-01,工程招标,外部链接,PC,山东,23,5,2,163.1,0.58
2025-11-01,招投标公告,直接访问,PC,浙江,29,8,3,100.3,0.19
2025-11-01,询价公告,直接访问,PC,四川,19,10,4,172.3,0.69
2025-11-01,投标保证金,直接访问,移动端,四川,31,6,4,116.5,0.73
2025-11-01,资格预审,直接访问,移动端,上海,23,8,3,42.1,0.46
2025-11-01,评标结果,直接访问,移动端,北京,9,3,2,69.9,0.21
2025-11-02,招投标公告,外部链接,PC,广东,42,8,4,141.9,0.18
2025-11-02,履约信息,直接访问,移动端,江苏,14,12,9,52.2,0.64
2025-11-02,工程招标,直接访问,PC,广东,26,9,5,139.9,0.68
2025-11-02,更正公告,外部链接,移动端,江苏,9,4,2,95.8,0.74
2025-11-02,投诉处理,外部链接,PC,浙江,12,8,5,171.9,0.22
2025-11-02,开标记录,站内,PC,湖北,23,11,4,179.3,0.51
2025-11-02,中标结果,直接访问,移动端,北京,26,8,6,133.7,0.48
2025-11-02,电子招投标,站内,PC,浙江,48,8,5,137.9,0.29
2025-11-02,工程招标,直接访问,PC,广东,27,11,5,45.4,0.66
2025-11-02,招标文件,直接访问,移动端,广东,29,1,0,75.7,0.54
2025-11-02,政策解读,直接访问,PC,江苏,30,9,6,100.8,0.55
2025-11-02,开标记录,外部链接,移动端,四川,23,1,0,165.5,0.32
2025-11-02,中标公示,付费推广,移动端,四川,22,9,5,93.2,0.75
2025-11-02,中标结果,直接访问,PC,浙江,36,4,3,20.6,0.4
2025-11-02,政府采购,外部链接,移动端,湖北,8,4,3,34.2,0.62
2025-11-02,招投标公告,直接访问,PC,北京,10,10,5,114.4,0.44
2025-11-02,竞争性谈判,站内,PC,广东,16,4,2,19.4,0.72
2025-11-02,中标公示,外部链接,PC,湖北,30,2,1,26.2,0.16
2025-11-02,法律法规,直接访问,PC,山东,13,3,2,152.2,0.42
2025-11-02,政府采购,直接访问,PC,江苏,37,8,3,145.9,0.34
2025-11-02,框架协议,付费推广,移动端,广东,20,6,4,148.7,0.71
2025-11-02,评标结果,直接访问,PC,山东,21,3,2,74.0,0.48
2025-11-02,项目立项,外部链接,移动端,四川,30,12,10,167.1,0.47
2025-11-02,行业动态,站内,移动端,湖北,29,9,7,70.1,0.35
2025-11-02,询价公告,付费推广,移动端,北京,26,12,7,23.4,0.34
2025-11-02,招投标公告,付费推广,PC,北京,28,6,5,96.5,0.74
2025-11-02,招投标公告,站内,PC,湖北,37,11,6,137.3,0.56
2025-11-02,招投标公告,付费推广,PC,江苏,15,11,4,137.5,0.47
2025-11-02,供应商查询,外部链接,移动端,江苏,21,5,4,102.1,0.15
2025-11-02,招投标公告,直接访问,PC,广东,36,5,3,76.1,0.52
2025-11-02,供应商查询,站内,PC,山东,8,6,2,63.7,0.69
2025-11-02,行业报告,直接访问,PC,湖北,5,3,1,31.5,0.27
2025-11-02,招投标公告,外部链接,PC,北京,6,2,1,126.1,0.21
2025-11-02,开标记录,直接访问,移动端,四川,11,1,0,109.7,0.51
2025-11-02,招标文件,直接访问,移动端,山东,5,2,1,120.4,0.56
2025-11-02,中标公示,站内,移动端,湖北,23,4,3,24.5,0.73
2025-11-02,采购信息,站内,移动端,北京,25,10,6,44.3,0.33
2025-11-02,供应商查询,直接访问,PC,江苏,17,5,2,77.2,0.72
2025-11-02,政策解读,付费推广,PC,江苏,7,2,1,100.4,0.61
2025-11-02,履约信息,站内,移动端,山东,36,11,4,97.9,0.58
2025-11-02,开标记录,直接访问,移动端,四川,41,10,4,153.2,0.73
2025-11-02,企业资质,外部链接,PC,广东,38,10,7,155.8,0.67
2025-11-02,采购信息,直接访问,移动端,上海,49,11,8,21.0,0.72
2025-11-02,单一来源,外部链接,移动端,山东,49,7,5,51.3,0.47
2025-11-02,招标文件,直接访问,PC,北京,19,10,4,86.6,0.66
2025-11-02,行业报告,直接访问,PC,山东,40,7,4,27.3,0.52
2025-11-02,行业报告,外部链接,移动端,上海,20,7,5,111.5,0.54
2025-11-02,采购信息,直接访问,移动端,山东,13,1,0,139.8,0.42
2025-11-02,行业报告,直接访问,PC,湖北,51,12,9,25.5,0.33
2025-11-02,采购信息,直接访问,移动端,北京,31,5,1,155.3,0.72
2025-11-02,招投标公告,付费推广,移动端,广东,42,12,4,63.7,0.52
2025-11-02,招投标公告,站内,移动端,四川,23,8,6,81.1,0.53
2025-11-02,中标公示,付费推广,PC,江苏,31,6,3,126.4,0.43
2025-11-02,招标代理,付费推广,移动端,浙江,14,4,3,18.5,0.69
2025-11-02,招标文件,付费推广,移动端,浙江,15,1,0,168.4,0.43
2025-11-03,评标结果,外部链接,PC,湖北,21,10,5,171.4,0.48
2025-11-03,法律法规,站内,移动端,湖北,37,7,2,86.6,0.52
2025-11-03,招投标公告,外部链接,移动端,湖北,44,11,9,45.9,0.69
2025-11-03,资格预审,站内,移动端,浙江,36,12,6,96.1,0.65
2025-11-03,投标保证金,直接访问,PC,山东,19,8,5,63.1,0.21
2025-11-03,法律法规,外部链接,PC,北京,30,7,3,72.1,0.66
2025-11-03,政府采购,站内,PC,上海,27,6,2,30.0,0.41
2025-11-03,中标公示,直接访问,移动端,上海,1,4,1,102.9,0.27
2025-11-03,框架协议,站内,移动端,广东,13,3,1,55.5,0.65
2025-11-03,中标结果,站内,PC,江苏,7,10,5,130.9,0.55
2025-11-03,合同公示,付费推广,移动端,北京,37,11,8,164.0,0.17
2025-11-03,招投标公告,直接访问,PC,山东,37,10,8,166.2,0.5
2025-11-03,招投标公告,直接访问,PC,浙江,13,4,2,115.6,0.38
2025-11-03,中标结果,直接访问,移动端,上海,32,4,2,48.6,0.56
2025-11-03,竞争性谈判,直接访问,移动端,江苏,15,3,1,57.3,0.58
2025-11-03,采购信息,外部链接,移动端,四川,26,1,0,176.9,0.26
2025-11-03,中标结果,站内,移动端,北京,17,8,5,43.7,0.18
2025-11-03,废标公告,直接访问,PC,山东,45,10,6,154.4,0.53
2025-11-03,项目立项,站内,PC,山东,28,3,1,132.6,0.5
2025-11-03,采购信息,外部链接,移动端,江苏,33,10,3,103.3,0.41
2025-11-03,工程招标,外部链接,PC,湖北,9,10,3,89.8,0.57
2025-11-03,更正公告,直接访问,PC,湖北,9,6,2,138.5,0.44
2025-11-03,招投标公告,外部链接,PC,江苏,14,1,0,148.5,0.49
2025-11-03,工程招标,站内,PC,浙江,19,8,3,77.0,0.47
2025-11-03,招投标公告,外部链接,PC,四川,15,6,2,51.9,0.19
2025-11-03,招投标公告,站内,移动端,江苏,36,6,3,159.8,0.64
2025-11-03,中标公示,外部链接,移动端,北京,42,11,8,48.9,0.69
2025-11-03,中标结果,直接访问,PC,山东,23,4,1,169.2,0.75
2025-11-03,更正公告,直接访问,PC,浙江,8,10,6,154.3,0.67
2025-11-03,招投标公告,站内,PC,上海,35,7,3,158.1,0.72
2025-11-03,政府采购,直接访问,移动端,湖北,10,2,0,61.7,0.57
2025-11-03,中标结果,直接访问,PC,四川,10,2,1,73.3,0.58
2025-11-03,废标公告,站内,PC,广东,1,1,0,31.4,0.34
2025-11-03,采购信息,直接访问,PC,四川,37,10,9,152.5,0.24
2025-11-03,供应商查询,站内,移动端,江苏,41,8,7,26.0,0.35
2025-11-03,企业资质,站内,PC,上海,29,6,3,62.3,0.26
2025-11-03,供应商查询,直接访问,PC,江苏,56,11,8,35.8,0.59
2025-11-03,中标公示,站内,移动端,上海,31,8,6,36.8,0.49
2025-11-03,开标记录,直接访问,PC,广东,14,2,1,165.5,0.18
2025-11-03,工程招标,外部链接,PC,四川,2,1,0,164.2,0.69
2025-11-03,采购信息,直接访问,移动端,江苏,33,3,2,119.9,0.47
2025-11-03,招投标公告,直接访问,PC,四川,24,2,0,160.9,0.4
2025-11-03,采购信息,外部链接,移动端,广东,15,5,2,135.6,0.55
2025-11-03,工程招标,直接访问,移动端,广东,21,8,7,123.8,0.18
2025-11-03,政策解读,付费推广,PC,四川,31,10,6,139.2,0.62
2025-11-03,供应商查询,站内,移动端,四川,33,5,2,31.5,0.17
2025-11-03,投标保证金,直接访问,PC,山东,26,6,4,138.3,0.68
2025-11-03,招投标公告,直接访问,PC,江苏,14,3,1,92.0,0.21
2025-11-03,评标结果,付费推广,PC,广东,30,7,4,33.0,0.59
2025-11-03,投标保证金,直接访问,移动端,江苏,30,10,8,19.7,0.53
2025-11-03,投标保证金,直接访问,PC,上海,41,12,6,54.0,0.4
2025-11-04,企业资质,直接访问,移动端,北京,13,3,2,114.1,0.64
2025-11-04,投标保证金,外部链接,移动端,湖北,9,10,7,46.6,0.61
2025-11-04,招标文件,直接访问,PC,浙江,29,7,2,108.6,0.17
2025-11-04,供应商查询,站内,PC,北京,32,7,5,25.7,0.54
2025-11-04,竞争性谈判,外部链接,PC,四川,14,6,4,38.0,0.41
2025-11-04,供应商查询,直接访问,移动端,上海,32,10,5,157.3,0.7
2025-11-04,单一来源,直接访问,移动端,上海,24,6,2,97.1,0.71
2025-11-04,投标保证金,外部链接,PC,江苏,14,6,2,117.5,0.16
2025-11-04,中标结果,站内,PC,浙江,65,11,9,33.7,0.65
2025-11-04,企业资质,外部链接,PC,北京,13,1,0,81.1,0.47
2025-11-04,政策解读,付费推广,移动端,浙江,48,12,9,22.4,0.15
2025-11-04,中标结果,直接访问,移动端,湖北,28,1,0,24.2,0.32
2025-11-04,更正公告,外部链接,PC,广东,22,5,2,152.5,0.34
2025-11-04,行业动态,直接访问,PC,广东,6,3,1,155.5,0.41
2025-11-04,供应商查询,付费推广,PC,广东,33,6,5,156.4,0.69
2025-11-04,行业动态,付费推广,移动端,四川,20,5,3,63.8,0.44
2025-11-04,招投标公告,直接访问,PC,四川,10,1,0,54.2,0.16
2025-11-04,政府采购,付费推广,PC,四川,11,6,5,71.4,0.3
2025-11-04,招投标公告,站内,移动端,山东,24,11,8,134.6,0.22
2025-11-04,法律法规,外部链接,移动端,江苏,26,2,1,33.0,0.32
2025-11-04,工程招标,付费推广,移动端,广东,11,8,3,137.1,0.37
2025-11-04,招标文件,外部链接,移动端,浙江,21,4,3,84.0,0.52
2025-11-04,电子招投标,直接访问,移动端,江苏,38,8,3,117.1,0.18
2025-11-04,招标代理,外部链接,PC,浙江,14,10,3,84.9,0.4
2025-11-04,招投标公告,直接访问,PC,北京,25,4,2,32.0,0.54
2025-11-04,政策解读,站内,移动端,湖北,21,7,4,66.2,0.73
2025-11-04,招标文件,外部链接,PC,江苏,41,12,10,172.3,0.48
2025-11-04,工程招标,直接访问,PC,四川,26,2,1,55.7,0.54
2025-11-04,投诉处理,外部链接,移动端,山东,31,7,5,141.1,0.23
2025-11-04,招投标公告,直接访问,移动端,浙江,7,4,2,125.1,0.38
2025-11-04,框架协议,直接访问,移动端,上海,2,8,2,144.1,0.3
2025-11-04,废标公告,付费推广,移动端,湖北,29,9,4,98.9,0.24
2025-11-04,招投标公告,直接访问,PC,湖北,14,7,3,51.2,0.75
2025-11-04,工程招标,直接访问,移动端,上海,19,4,1,92.6,0.21
2025-11-04,投标保证金,外部链接,PC,山东,23,8,3,34.1,0.57
2025-11-04,供应商查询,直接访问,移动端,湖北,20,4,2,123.1,0.19
2025-11-04,中标结果,付费推广,PC,广东,47,7,5,146.4,0.56
2025-11-04,政策解读,站内,PC,广东,17,5,3,45.8,0.55
2025-11-04,供应商查询,外部链接,PC,北京,17,11,6,120.3,0.21
2025-11-04,资格预审,站内,移动端,山东,17,1,0,28.1,0.28
2025-11-04,行业动态,直接访问,PC,四川,37,12,5,110.9,0.72
2025-11-04,投标保证金,直接访问,移动端,浙江,20,4,1,79.1,0.57
2025-11-04,企业资质,外部链接,PC,上海,13,2,0,131.9,0.6
2025-11-04,中标结果,直接访问,移动端,山东,36,11,8,21.9,0.45
2025-11-04,行业动态,站内,PC,上海,30,11,8,35.3,0.4
2025-11-04,履约信息,外部链接,PC,江苏,18,2,1,105.6,0.53
2025-11-04,采购信息,站内,PC,北京,30,5,4,95.4,0.35
2025-11-04,法律法规,直接访问,移动端,江苏,36,12,5,36.0,0.74
2025-11-04,工程招标,直接访问,移动端,四川,49,11,9,88.4,0.17
2025-11-05,开标记录,付费推广,PC,江苏,58,12,10,20.2,0.22
2025-11-05,中标结果,直接访问,移动端,上海,20,2,1,125.3,0.66
2025-11-05,招标文件,直接访问,移动端,江苏,16,3,1,91.6,0.52
2025-11-05,行业报告,直接访问,PC,上海,22,12,7,88.2,0.16
2025-11-05,招标文件,站内,PC,上海,29,8,6,84.0,0.47
2025-11-05,采购信息,直接访问,PC,浙江,28,9,6,43.1,0.54
2025-11-05,采购信息,外部链接,移动端,上海,22,10,5,27.8,0.37
2025-11-05,供应商查询,直接访问,移动端,江苏,24,4,2,67.5,0.61
2025-11-05,工程招标,直接访问,PC,四川,1,1,0,136.2,0.24
2025-11-05,中标结果,站内,移动端,广东,17,10,8,116.0,0.17
2025-11-05,企业资质,直接访问,PC,北京,21,7,4,73.1,0.34
2025-11-05,竞争性谈判,直接访问,PC,江苏,31,7,2,66.3,0.61
2025-11-05,政府采购,站内,PC,四川,14,3,2,125.8,0.48
2025-11-05,政策解读,站内,移动端,浙江,5,1,0,35.7,0.75
2025-11-05,供应商查询,站内,PC,北京,20,1,0,104.2,0.55
2025-11-05,单一来源,直接访问,PC,山东,0,2,0,121.6,0.36
2025-11-05,评标专家,直接访问,PC,山东,25,7,6,68.2,0.5
2025-11-05,招标文件,外部链接,PC,湖北,25,11,8,155.3,0.73
2025-11-05,采购信息,站内,移动端,江苏,0,2,0,43.4,0.37
2025-11-05,行业报告,直接访问,移动端,山东,41,6,3,69.3,0.71
2025-11-05,工程招标,直接访问,PC,四川,28,6,2,55.0,0.63
2025-11-05,招投标公告,付费推广,PC,浙江,20,1,0,174.5,0.23
2025-11-05,评标专家,外部链接,PC,江苏,20,4,1,131.8,0.36
2025-11-05,中标结果,直接访问,移动端,山东,52,12,8,132.6,0.33
2025-11-05,更正公告,外部链接,PC,江苏,51,11,7,62.4,0.52
2025-11-05,工程招标,站内,移动端,浙江,26,11,8,146.8,0.4
2025-11-05,评标结果,站内,移动端,广东,17,1,0,65.2,0.74
2025-11-05,资格预审,直接访问,移动端,北京,11,7,4,38.8,0.23
2025-11-05,供应商查询,直接访问,移动端,广东,1,3,1,73.5,0.37
2025-11-05,行业动态,外部链接,PC,江苏,34,4,2,79.4,0.73
2025-11-05,合同公示,付费推广,PC,浙江,30,5,2,22.3,0.61
2025-11-05,中标结果,外部链接,PC,浙江,22,10,5,70.3,0.42
2025-11-05,单一来源,外部链接,PC,四川,18,10,3,179.5,0.59
2025-11-05,工程招标,外部链接,PC,北京,20,2,0,42.7,0.73
2025-11-05,政策解读,直接访问,PC,山东,34,9,5,93.2,0.73
2025-11-05,招投标公告,直接访问,移动端,山东,20,1,0,83.2,0.23
2025-11-05,项目立项,直接访问,PC,江苏,20,12,8,87.2,0.42
2025-11-05,招投标公告,站内,移动端,广东,18,5,3,101.2,0.75
2025-11-05,单一来源,外部链接,PC,山东,32,8,5,175.2,0.26
2025-11-05,行业报告,直接访问,移动端,湖北,35,10,8,62.9,0.21
2025-11-05,政府采购,外部链接,移动端,四川,30,8,7,44.8,0.64
2025-11-05,单一来源,直接访问,PC,四川,8,2,1,96.0,0.32
2025-11-05,更正公告,外部链接,移动端,山东,26,2,1,54.3,0.73
2025-11-05,招投标公告,外部链接,移动端,浙江,22,2,1,66.4,0.45
2025-11-06,履约信息,外部链接,PC,北京,8,8,4,36.2,0.16
2025-11-06,招投标公告,直接访问,PC,湖北,37,5,3,150.3,0.46
2025-11-06,企业资质,站内,PC,广东,34,6,2,70.7,0.46
2025-11-06,合同公示,站内,移动端,浙江,11,2,1,163.9,0.68
2025-11-06,废标公告,直接访问,移动端,上海,38,12,8,159.1,0.72
2025-11-06,招标文件,站内,PC,上海,14,3,1,49.5,0.2
2025-11-06,履约信息,直接访问,PC,浙江,19,9,5,70.7,0.51
2025-11-06,竞争性谈判,直接访问,移动端,江苏,25,11,7,132.4,0.38
2025-11-06,采购信息,付费推广,移动端,湖北,21,3,2,63.0,0.73
2025-11-06,评标专家,站内,PC,山东,34,8,7,75.5,0.66
2025-11-06,采购信息,外部链接,PC,广东,39,11,6,35.8,0.47
2025-11-06,招标文件,外部链接,PC,广东,18,4,1,39.2,0.16
2025-11-06,供应商查询,直接访问,PC,四川,23,7,4,84.1,0.39
2025-11-06,中标公示,直接访问,PC,北京,25,12,6,62.1,0.15
2025-11-06,招投标公告,付费推广,PC,四川,23,6,3,78.0,0.66
2025-11-06,废标公告,站内,PC,山东,27,4,3,175.8,0.2
2025-11-06,招投标公告,直接访问,PC,广东,11,12,5,117.1,0.33
2025-11-06,履约信息,站内,PC,江苏,34,12,7,85.7,0.21
2025-11-06,供应商查询,站内,PC,山东,13,4,3,51.0,0.68
2025-11-06,招标文件,外部链接,PC,山东,32,12,7,111.8,0.19
2025-11-06,行业报告,外部链接,PC,广东,16,8,3,82.5,0.39
2025-11-06,招投标公告,直接访问,移动端,广东,15,6,4,37.4,0.54
2025-11-06,行业报告,站内,PC,湖北,28,11,5,89.8,0.49
2025-11-06,评标结果,外部链接,PC,江苏,32,10,5,42.1,0.51
2025-11-06,招标代理,直接访问,PC,山东,34,9,5,155.6,0.47
2025-11-06,企业资质,直接访问,移动端,山东,33,6,4,129.2,0.75
2025-11-06,中标结果,直接访问,PC,浙江,18,1,0,133.5,0.19
2025-11-06,招标文件,外部链接,PC,四川,27,1,0,141.3,0.71
2025-11-06,供应商查询,站内,移动端,北京,18,2,1,141.9,0.46
2025-11-06,招投标公告,直接访问,PC,上海,21,5,3,170.0,0.54
2025-11-06,废标公告,站内,PC,浙江,10,8,3,110.0,0.55
2025-11-06,工程招标,站内,PC,北京,40,6,5,56.2,0.74
2025-11-06,招投标公告,直接访问,移动端,北京,24,6,2,57.1,0.63
2025-11-06,投标保证金,直接访问,移动端,广东,15,5,2,114.9,0.19
2025-11-06,招标文件,站内,PC,北京,50,10,7,43.2,0.49
2025-11-06,信用查询,付费推广,移动端,北京,31,10,9,145.9,0.47
2025-11-06,招投标公告,外部链接,移动端,湖北,42,11,4,167.4,0.19
2025-11-06,评标专家,直接访问,移动端,湖北,27,11,6,34.7,0.61
2025-11-06,政府采购,站内,PC,广东,21,7,5,108.3,0.17
2025-11-06,单一来源,站内,PC,上海,12,5,4,118.9,0.44
2025-11-06,询价公告,外部链接,移动端,山东,2,3,1,55.3,0.27
2025-11-06,供应商查询,站内,PC,湖北,9,2,1,143.3,0.56
2025-11-06,资格预审,外部链接,PC,江苏,45,11,9,174.4,0.36
2025-11-06,政策解读,直接访问,移动端,北京,6,10,6,40.1,0.67
2025-11-06,供应商查询,直接访问,移动端,上海,26,3,1,141.1,0.18
2025-11-06,招标文件,直接访问,移动端,湖北,35,9,4,78.1,0.27
2025-11-06,采购信息,外部链接,PC,浙江,9,9,6,68.8,0.66
2025-11-07,供应商查询,直接访问,PC,四川,11,2,0,148.6,0.3
2025-11-07,企业资质,直接访问,PC,浙江,20,10,6,69.8,0.25
2025-11-07,招标文件,外部链接,移动端,上海,7,5,2,137.7,0.49
2025-11-07,投标保证金,外部链接,移动端,湖北,27,6,5,19.1,0.27
2025-11-07,采购信息,直接访问,PC,江苏,41,12,6,102.8,0.75
2025-11-07,招标文件,外部链接,移动端,江苏,16,1,0,79.4,0.37
2025-11-07,招标文件,直接访问,PC,浙江,33,12,9,87.3,0.6
2025-11-07,评标结果,直接访问,PC,山东,21,12,5,27.8,0.36
2025-11-07,工程招标,外部链接,PC,浙江,46,12,8,78.5,0.16
2025-11-07,招投标公告,直接访问,PC,山东,34,12,4,66.7,0.21
2025-11-07,信用查询,直接访问,移动端,山东,22,6,4,137.2,0.2
2025-11-07,法律法规,付费推广,移动端,山东,7,1,0,100.0,0.47
2025-11-07,行业报告,站内,PC,上海,31,12,5,158.8,0.38
2025-11-07,开标记录,外部链接,移动端,浙江,32,11,6,148.6,0.35
2025-11-07,工程招标,直接访问,PC,上海,27,3,1,63.5,0.39
2025-11-07,采购信息,直接访问,移动端,湖北,14,2,0,30.2,0.56
2025-11-07,招标代理,直接访问,移动端,浙江,20,10,6,24.0,0.38
2025-11-07,更正公告,直接访问,移动端,上海,4,2,1,67.6,0.26
2025-11-07,政策解读,站内,移动端,北京,20,1,0,20.0,0.38
2025-11-07,招标文件,付费推广,移动端,上海,35,6,4,66.6,0.23
2025-11-07,招标文件,外部链接,PC,广东,60,11,9,23.0,0.19
2025-11-07,履约信息,直接访问,PC,上海,10,4,3,144.4,0.4
2025-11-07,招投标公告,外部链接,移动端,江苏,15,5,3,148.0,0.44
2025-11-07,电子招投标,站内,PC,山东,39,8,6,108.6,0.72
2025-11-07,电子招投标,直接访问,移动端,广东,28,5,2,57.0,0.61
2025-11-07,法律法规,外部链接,PC,湖北,23,9,6,37.0,0.22
2025-11-07,框架协议,直接访问,移动端,山东,25,5,3,172.5,0.68
2025-11-07,招投标公告,直接访问,PC,山东,5,5,2,39.2,0.28
2025-11-07,工程招标,外部链接,PC,广东,31,5,2,40.8,0.66
2025-11-07,政策解读,外部链接,移动端,四川,21,10,8,53.4,0.66
2025-11-07,工程招标,直接访问,移动端,上海,2,7,2,111.1,0.29
2025-11-07,招标代理,直接访问,移动端,北京,34,8,5,70.5,0.29
2025-11-07,履约信息,直接访问,PC,广东,30,2,0,23.2,0.17
2025-11-07,行业动态,站内,移动端,北京,32,10,5,166.4,0.32
2025-11-07,资格预审,直接访问,移动端,湖北,4,1,0,162.9,0.24
2025-11-07,评标结果,直接访问,PC,广东,32,7,5,129.0,0.68
2025-11-07,采购信息,付费推广,PC,北京,24,7,5,70.7,0.19
2025-11-07,招标文件,站内,PC,北京,30,8,3,30.1,0.59
2025-11-07,招标文件,直接访问,移动端,广东,11,10,5,158.1,0.71
2025-11-07,废标公告,站内,PC,广东,18,8,4,109.9,0.56
2025-11-07,中标结果,直接访问,移动端,浙江,24,7,3,63.0,0.28
2025-11-07,招投标公告,直接访问,PC,广东,3,1,0,81.5,0.56
2025-11-07,中标公示,直接访问,移动端,湖北,12,9,4,81.4,0.15
2025-11-07,废标公告,直接访问,移动端,四川,21,6,3,157.4,0.32
2025-11-07,工程招标,直接访问,PC,广东,4,3,1,78.8,0.36
2025-11-07,资格预审,外部链接,移动端,湖北,31,12,4,96.8,0.36
2025-11-07,中标结果,直接访问,移动端,上海,35,7,5,120.7,0.63
2025-11-07,采购信息,直接访问,PC,上海,18,11,4,136.8,0.55
2025-11-07,招标文件,外部链接,移动端,山东,9,3,1,154.9,0.72
2025-11-07,投诉处理,直接访问,PC,浙江,22,7,5,64.1,0.38
2025-11-08,招投标公告,直接访问,PC,山东,34,2,1,65.9,0.28
2025-11-08,更正公告,直接访问,PC,广东,12,9,8,119.8,0.69
2025-11-08,投诉处理,站内,PC,山东,41,4,3,166.6,0.23
2025-11-08,中标结果,直接访问,PC,湖北,22,11,4,102.4,0.25
2025-11-08,招标文件,外部链接,PC,湖北,9,11,5,153.4,0.4
2025-11-08,中标结果,直接访问,PC,湖北,5,1,0,72.4,0.69
2025-11-08,工程招标,外部链接,PC,北京,25,8,4,22.6,0.5
2025-11-08,招标文件,直接访问,PC,广东,23,2,1,23.9,0.61
2025-11-08,采购信息,直接访问,PC,浙江,35,10,4,120.2,0.21
2025-11-08,框架协议,付费推广,移动端,上海,28,10,5,172.3,0.23
2025-11-08,招投标公告,站内,PC,湖北,24,5,3,60.1,0.48
2025-11-08,供应商查询,直接访问,移动端,江苏,22,6,2,158.4,0.68
2025-11-08,招标文件,站内,移动端,上海,31,6,3,112.0,0.68
2025-11-08,政策解读,直接访问,PC,四川,13,11,5,56.6,0.56
2025-11-08,工程招标,外部链接,PC,浙江,18,3,2,152.9,0.22
2025-11-08,框架协议,直接访问,移动端,广东,29,6,2,116.0,0.75
2025-11-08,招投标公告,站内,PC,湖北,26,8,3,126.7,0.28
2025-11-08,招投标公告,外部链接,PC,广东,18,2,1,146.3,0.51
2025-11-08,询价公告,站内,移动端,北京,31,12,4,97.3,0.21
2025-11-08,中标公示,外部链接,移动端,江苏,6,5,2,155.6,0.5
2025-11-08,法律法规,直接访问,PC,山东,19,7,4,36.9,0.57
2025-11-08,评标结果,站内,PC,山东,35,7,4,44.5,0.38
2025-11-08,单一来源,直接访问,移动端,浙江,19,3,2,140.5,0.26
2025-11-08,更正公告,外部链接,移动端,广东,30,6,3,148.5,0.22
2025-11-08,招标代理,直接访问,PC,浙江,16,1,0,123.6,0.29
2025-11-08,评标专家,站内,PC,北京,29,11,7,169.1,0.64
2025-11-08,评标结果,外部链接,PC,广东,31,3,2,56.5,0.6
2025-11-08,中标结果,站内,PC,浙江,8,9,3,103.1,0.31
2025-11-08,招标文件,直接访问,移动端,山东,43,12,5,109.0,0.4
2025-11-08,招投标公告,站内,PC,湖北,10,3,1,92.7,0.44
2025-11-08,投标保证金,直接访问,PC,北京,41,5,4,74.5,0.71
2025-11-08,履约信息,外部链接,移动端,浙江,20,2,1,104.5,0.51
2025-11-08,供应商查询,直接访问,移动端,广东,7,1,0,106.9,0.18
2025-11-08,招标文件,外部链接,PC,北京,12,7,3,102.1,0.73
2025-11-08,信用查询,站内,PC,北京,30,9,6,171.9,0.23
2025-11-08,采购信息,直接访问,移动端,上海,12,7,2,130.2,0.17
2025-11-08,招标代理,外部链接,PC,湖北,24,4,1,33.2,0.2
2025-11-08,中标结果,直接访问,PC,浙江,15,9,6,73.0,0.54
2025-11-08,招投标公告,站内,PC,浙江,15,5,3,64.4,0.4
2025-11-08,行业报告,站内,PC,湖北,42,9,7,55.9,0.59
2025-11-08,合同公示,站内,PC,山东,26,12,9,30.2,0.36
2025-11-08,工程招标,外部链接,PC,浙江,6,1,0,82.4,0.19
2025-11-08,招投标公告,直接访问,PC,北京,40,12,7,20.2,0.46
2025-11-08,招标文件,付费推广,PC,湖北,8,12,8,72.8,0.17
2025-11-09,招投标公告,外部链接,PC,浙江,29,8,5,123.0,0.35
2025-11-09,评标结果,直接访问,移动端,广东,39,9,7,90.6,0.72
2025-11-09,招投标公告,直接访问,PC,四川,30,4,3,101.7,0.24
2025-11-09,评标专家,站内,PC,上海,23,11,5,157.3,0.2
2025-11-09,中标结果,站内,移动端,上海,27,4,3,107.5,0.19
2025-11-09,行业报告,直接访问,PC,北京,30,5,3,42.4,0.68
2025-11-09,招投标公告,直接访问,PC,上海,24,1,0,86.0,0.32
2025-11-09,中标结果,外部链接,PC,浙江,42,8,5,29.4,0.71
2025-11-09,投标保证金,直接访问,PC,湖北,19,1,0,159.9,0.56
2025-11-09,合同公示,站内,PC,广东,21,7,3,30.1,0.4
2025-11-09,行业动态,外部链接,移动端,湖北,33,7,6,57.9,0.59
2025-11-09,废标公告,直接访问,PC,江苏,22,6,2,96.0,0.45
2025-11-09,政策解读,外部链接,移动端,江苏,14,6,3,104.8,0.56
2025-11-09,投标保证金,付费推广,PC,江苏,12,5,3,140.9,0.68
2025-11-09,供应商查询,直接访问,PC,四川,15,1,0,121.7,0.24
2025-11-09,法律法规,站内,PC,四川,35,10,6,82.5,0.22
2025-11-09,招投标公告,直接访问,移动端,浙江,9,3,2,153.1,0.45
2025-11-09,开标记录,付费推广,PC,山东,17,5,2,117.0,0.64
2025-11-09,招标代理,外部链接,PC,四川,24,2,0,156.2,0.52
2025-11-09,行业报告,付费推广,PC,山东,37,12,9,146.1,0.56
2025-11-09,采购信息,外部链接,PC,山东,19,6,4,164.1,0.19
2025-11-09,招标代理,直接访问,PC,四川,22,8,4,120.8,0.48
2025-11-09,投诉处理,外部链接,移动端,广东,19,6,3,95.6,0.46
2025-11-09,评标结果,付费推广,PC,广东,28,10,5,87.9,0.38
2025-11-09,工程招标,站内,移动端,北京,19,11,5,79.3,0.16
2025-11-09,政府采购,直接访问,移动端,湖北,22,10,6,31.7,0.28
2025-11-09,框架协议,站内,移动端,山东,17,6,3,81.7,0.16
2025-11-09,行业动态,直接访问,移动端,湖北,27,1,0,103.0,0.24
2025-11-09,评标结果,外部链接,移动端,湖北,22,10,5,132.1,0.66
2025-11-09,竞争性谈判,外部链接,PC,四川,21,9,6,64.8,0.16
2025-11-09,中标结果,直接访问,PC,山东,29,5,2,138.4,0.22
2025-11-09,行业动态,直接访问,PC,广东,30,3,1,21.6,0.54
2025-11-09,招标文件,直接访问,移动端,上海,30,2,1,133.5,0.35
2025-11-09,中标结果,外部链接,PC,广东,24,8,3,144.6,0.66
2025-11-09,行业动态,直接访问,PC,湖北,31,11,5,90.4,0.47
2025-11-09,工程招标,外部链接,移动端,四川,10,2,1,34.0,0.39
2025-11-09,中标结果,付费推广,移动端,四川,37,10,7,38.8,0.72
2025-11-09,采购信息,外部链接,PC,山东,14,2,1,71.2,0.42
2025-11-09,法律法规,站内,PC,江苏,32,6,3,44.4,0.57
2025-11-09,履约信息,直接访问,PC,上海,32,7,5,110.6,0.72
2025-11-09,采购信息,直接访问,PC,湖北,43,9,6,159.2,0.46
2025-11-09,中标公示,直接访问,移动端,北京,14,5,2,112.6,0.6
2025-11-09,信用查询,直接访问,PC,江苏,11,5,2,92.2,0.42
2025-11-09,供应商查询,直接访问,移动端,山东,24,9,5,72.1,0.43
2025-11-09,合同公示,外部链接,PC,广东,31,8,4,117.4,0.52
2025-11-09,招标代理,直接访问,PC,山东,11,9,4,68.9,0.46
2025-11-09,行业报告,外部链接,移动端,广东,35,9,6,98.2,0.43
2025-11-09,信用查询,外部链接,PC,浙江,40,10,7,148.0,0.53
2025-11-09,法律法规,直接访问,移动端,山东,62,12,9,57.7,0.61
2025-11-09,中标公示,外部链接,PC,上海,39,7,4,142.0,0.47
2025-11-09,招投标公告,付费推广,移动端,湖北,10,4,3,19.7,0.27
2025-11-09,单一来源,直接访问,PC,湖北,15,5,1,82.2,0.64
2025-11-09,采购信息,外部链接,PC,四川,36,4,2,172.8,0.3
2025-11-10,投诉处理,外部链接,PC,上海,9,2,1,25.8,0.47
2025-11-10,招投标公告,直接访问,PC,浙江,25,5,4,19.5,0.16
2025-11-10,项目立项,直接访问,PC,浙江,29,7,3,75.5,0.46
2025-11-10,资格预审,外部链接,PC,北京,14,10,4,32.5,0.69
2025-11-10,工程招标,直接访问,移动端,北京,28,6,4,129.7,0.57
2025-11-10,工程招标,直接访问,PC,北京,46,11,8,149.9,0.59
2025-11-10,废标公告,站内,PC,浙江,16,4,1,170.1,0.52
2025-11-10,信用查询,直接访问,移动端,江苏,14,6,3,85.1,0.65
2025-11-10,项目立项,直接访问,移动端,四川,2,1,0,20.3,0.2
2025-11-10,招标文件,外部链接,移动端,山东,19,4,2,151.9,0.28
2025-11-10,评标结果,直接访问,移动端,四川,6,5,2,150.5,0.63
2025-11-10,采购信息,站内,PC,湖北,28,8,5,67.0,0.18
2025-11-10,履约信息,付费推广,移动端,上海,38,12,10,66.6,0.28
2025-11-10,招标文件,直接访问,移动端,江苏,8,3,1,152.4,0.47
2025-11-10,更正公告,站内,移动端,山东,36,12,10,140.9,0.62
2025-11-10,法律法规,直接访问,移动端,四川,24,2,0,25.0,0.55
2025-11-10,资格预审,外部链接,移动端,广东,29,6,4,60.2,0.6
2025-11-10,项目立项,直接访问,PC,四川,19,2,0,21.7,0.53
2025-11-10,中标结果,直接访问,移动端,四川,28,10,6,71.2,0.62
2025-11-10,采购信息,直接访问,PC,江苏,17,4,3,162.5,0.61
2025-11-10,行业动态,外部链接,PC,广东,24,1,0,165.6,0.6
2025-11-10,招投标公告,直接访问,移动端,山东,33,9,5,156.0,0.56
2025-11-10,行业报告,站内,PC,江苏,46,11,8,48.2,0.52
2025-11-10,履约信息,直接访问,移动端,四川,48,12,6,168.4,0.75
2025-11-10,开标记录,站内,PC,山东,32,6,3,167.7,0.48
2025-11-10,采购信息,付费推广,PC,浙江,24,10,6,29.6,0.5
2025-11-10,招标文件,付费推广,PC,四川,35,8,5,160.7,0.71
2025-11-10,招投标公告,站内,PC,上海,39,12,10,90.2,0.27
2025-11-10,政府采购,直接访问,移动端,湖北,24,6,4,140.5,0.53
2025-11-10,竞争性谈判,站内,移动端,四川,30,7,3,138.9,0.53
2025-11-10,招投标公告,直接访问,PC,北京,39,9,7,102.3,0.64
2025-11-10,招投标公告,外部链接,移动端,上海,1,1,0,58.8,0.63
2025-11-10,行业报告,直接访问,PC,江苏,34,4,2,60.1,0.47
2025-11-10,中标公示,外部链接,移动端,广东,29,3,1,163.2,0.31
2025-11-10,政府采购,直接访问,PC,山东,4,2,1,28.9,0.18
2025-11-10,工程招标,直接访问,移动端,北京,47,12,6,38.3,0.41
2025-11-10,投诉处理,站内,PC,湖北,18,5,3,130.5,0.28
2025-11-10,工程招标,直接访问,PC,广东,8,9,4,123.5,0.2
2025-11-10,供应商查询,外部链接,PC,上海,2,2,1,153.9,0.45
2025-11-10,招投标公告,站内,移动端,江苏,12,4,3,148.1,0.24
2025-11-10,更正公告,直接访问,PC,上海,15,4,1,153.6,0.3
2025-11-10,采购信息,直接访问,PC,湖北,15,1,0,165.1,0.47
2025-11-10,履约信息,直接访问,PC,北京,25,1,0,116.5,0.45
2025-11-11,中标公示,站内,移动端,广东,18,12,4,27.9,0.36
2025-11-11,供应商查询,外部链接,移动端,湖北,32,12,6,140.5,0.42
2025-11-11,招投标公告,直接访问,移动端,湖北,38,11,6,113.4,0.59
2025-11-11,采购信息,外部链接,移动端,北京,23,1,0,151.6,0.44
2025-11-11,采购信息,站内,PC,上海,12,4,3,69.2,0.28
2025-11-11,采购信息,直接访问,PC,上海,0,1,0,21.8,0.39
2025-11-11,框架协议,直接访问,PC,四川,37,4,3,65.1,0.58
2025-11-11,评标专家,直接访问,PC,北京,28,2,1,177.8,0.27
2025-11-11,工程招标,站内,PC,北京,24,8,6,173.0,0.56
2025-11-11,更正公告,外部链接,移动端,江苏,24,9,7,162.0,0.46
2025-11-11,中标结果,外部链接,PC,四川,31,9,3,160.5,0.19
2025-11-11,法律法规,外部链接,移动端,山东,16,3,1,35.3,0.39
2025-11-11,招投标公告,外部链接,移动端,山东,41,7,6,77.5,0.2
2025-11-11,工程招标,直接访问,PC,山东,24,2,0,19.1,0.39
2025-11-11,中标结果,外部链接,PC,江苏,13,2,1,159.7,0.65
2025-11-11,中标结果,外部链接,PC,山东,17,5,4,69.4,0.42
2025-11-11,供应商查询,外部链接,移动端,山东,35,12,7,152.4,0.37
2025-11-11,供应商查询,付费推广,PC,上海,51,11,7,152.3,0.21
2025-11-11,政府采购,直接访问,移动端,广东,17,11,6,122.3,0.61
2025-11-11,评标结果,付费推广,移动端,浙江,18,3,1,165.6,0.24
2025-11-11,竞争性谈判,直接访问,移动端,四川,48,11,9,128.9,0.67
2025-11-11,采购信息,站内,移动端,北京,15,7,2,48.0,0.59
2025-11-11,政策解读,直接访问,移动端,湖北,4,7,2,175.2,0.5
2025-11-11,招投标公告,付费推广,移动端,浙江,38,5,4,109.9,0.39
2025-11-11,招标文件,外部链接,移动端,山东,19,8,5,96.9,0.33
2025-11-11,询价公告,直接访问,PC,湖北,27,3,1,65.0,0.16
2025-11-11,供应商查询,外部链接,PC,浙江,25,3,1,66.9,0.44
2025-11-11,资格预审,付费推广,PC,四川,19,2,1,132.9,0.17
2025-11-11,招标文件,直接访问,移动端,湖北,9,3,1,34.5,0.7
2025-11-11,招标文件,直接访问,移动端,山东,20,7,6,19.1,0.63
2025-11-11,评标结果,付费推广,移动端,江苏,35,8,4,142.6,0.33
2025-11-11,废标公告,直接访问,移动端,北京,19,7,4,78.1,0.43
2025-11-11,采购信息,外部链接,PC,江苏,8,6,2,133.3,0.65
2025-11-11,招投标公告,直接访问,移动端,山东,18,5,3,85.4,0.34
2025-11-11,中标公示,直接访问,PC,浙江,1,2,0,98.3,0.61
2025-11-11,工程招标,外部链接,PC,上海,32,5,2,172.5,0.6
2025-11-11,政策解读,直接访问,PC,浙江,15,6,4,96.9,0.57
2025-11-11,供应商查询,直接访问,移动端,北京,2,2,1,124.0,0.33
2025-11-11,电子招投标,站内,移动端,北京,38,11,4,148.4,0.46
2025-11-11,采购信息,付费推广,移动端,北京,5,3,1,161.6,0.74
2025-11-11,询价公告,付费推广,PC,四川,29,4,3,113.7,0.56
2025-11-11,采购信息,外部链接,移动端,江苏,21,1,0,49.2,0.63
2025-11-11,投诉处理,站内,移动端,上海,29,3,2,83.2,0.65
2025-11-12,资格预审,直接访问,移动端,江苏,14,1,0,86.2,0.34
2025-11-12,开标记录,外部链接,移动端,上海,13,9,3,107.1,0.38
2025-11-12,中标结果,付费推广,PC,广东,24,9,3,158.8,0.67
2025-11-12,框架协议,外部链接,PC,浙江,14,1,0,105.2,0.48
2025-11-12,供应商查询,外部链接,PC,上海,17,12,8,165.2,0.75
2025-11-12,招投标公告,直接访问,移动端,北京,38,7,4,44.9,0.67
2025-11-12,行业报告,直接访问,移动端,上海,12,2,1,155.9,0.57
2025-11-12,投诉处理,付费推广,PC,广东,59,11,9,39.7,0.55
2025-11-12,废标公告,外部链接,PC,上海,24,11,7,105.1,0.66
2025-11-12,招标文件,直接访问,移动端,浙江,44,9,6,124.1,0.52
2025-11-12,招标文件,直接访问,移动端,浙江,20,4,2,154.9,0.24
2025-11-12,政策解读,直接访问,PC,浙江,35,11,7,88.4,0.55
2025-11-12,招投标公告,直接访问,移动端,山东,22,6,2,84.3,0.31
2025-11-12,行业报告,外部链接,PC,江苏,23,2,1,124.7,0.54
2025-11-12,工程招标,外部链接,移动端,北京,35,5,2,105.7,0.64
2025-11-12,行业动态,外部链接,PC,上海,29,9,4,137.7,0.31
2025-11-12,采购信息,站内,移动端,上海,23,7,3,137.1,0.65
2025-11-12,投诉处理,外部链接,PC,广东,11,1,0,92.0,0.16
2025-11-12,行业动态,外部链接,移动端,四川,29,8,4,165.0,0.23
2025-11-12,招标文件,站内,移动端,四川,28,11,6,129.4,0.31
2025-11-12,开标记录,站内,PC,四川,12,12,8,144.4,0.38
2025-11-12,工程招标,站内,PC,江苏,9,8,5,175.6,0.36
2025-11-12,行业报告,直接访问,移动端,山东,27,3,1,86.8,0.52
2025-11-12,供应商查询,付费推广,移动端,上海,21,5,3,92.2,0.3
2025-11-12,信用查询,直接访问,移动端,浙江,33,6,3,118.1,0.67
2025-11-12,项目立项,直接访问,移动端,湖北,17,4,2,119.7,0.55
2025-11-12,政策解读,站内,移动端,上海,6,1,0,20.5,0.62
2025-11-12,行业动态,站内,PC,浙江,41,7,6,99.2,0.44
2025-11-12,招标文件,直接访问,移动端,四川,21,3,1,70.5,0.38
2025-11-12,政策解读,直接访问,移动端,湖北,32,5,4,45.2,0.39
2025-11-12,履约信息,外部链接,PC,广东,11,1,0,60.3,0.53
2025-11-12,招标文件,直接访问,PC,四川,15,3,2,91.7,0.32
2025-11-12,工程招标,外部链接,PC,四川,40,11,8,49.7,0.17
2025-11-12,资格预审,直接访问,PC,北京,32,9,3,37.5,0.47
2025-11-12,中标结果,站内,移动端,四川,13,6,4,111.1,0.71
2025-11-12,项目立项,直接访问,移动端,上海,31,5,1,173.8,0.43
2025-11-12,招投标公告,外部链接,移动端,湖北,29,8,5,170.4,0.27
2025-11-12,招投标公告,直接访问,移动端,广东,26,10,6,34.1,0.3
2025-11-12,政府采购,外部链接,PC,江苏,36,10,4,95.8,0.57
2025-11-12,政策解读,外部链接,移动端,湖北,23,2,1,167.4,0.55
2025-11-12,投标保证金,直接访问,移动端,四川,24,9,6,31.2,0.52
2025-11-12,评标结果,直接访问,PC,山东,34,10,7,70.0,0.55
2025-11-12,工程招标,直接访问,PC,山东,32,5,1,72.4,0.37
2025-11-12,框架协议,付费推广,PC,四川,24,6,4,45.6,0.46
2025-11-12,采购信息,外部链接,PC,浙江,13,2,1,112.2,0.33
2025-11-12,工程招标,直接访问,移动端,江苏,14,6,4,46.6,0.37
2025-11-12,政策解读,付费推广,PC,四川,33,6,4,34.5,0.38
2025-11-12,工程招标,外部链接,PC,浙江,25,6,2,38.3,0.64
2025-11-12,工程招标,外部链接,PC,浙江,5,2,1,103.0,0.19
2025-11-12,投诉处理,直接访问,移动端,山东,17,7,3,51.7,0.32
2025-11-12,中标结果,直接访问,移动端,湖北,15,4,1,63.0,0.58
2025-11-12,合同公示,外部链接,PC,山东,4,1,0,33.3,0.58
2025-11-12,履约信息,直接访问,移动端,浙江,20,6,5,39.2,0.27
2025-11-12,供应商查询,外部链接,PC,江苏,21,9,5,120.6,0.6
2025-11-13,招标文件,外部链接,PC,上海,32,5,1,135.3,0.37
2025-11-13,开标记录,直接访问,移动端,北京,1,2,1,61.1,0.54
2025-11-13,企业资质,直接访问,PC,上海,9,4,2,139.8,0.4
2025-11-13,投标保证金,付费推广,移动端,浙江,21,6,3,56.9,0.37
2025-11-13,行业动态,外部链接,PC,江苏,17,4,2,103.8,0.38
2025-11-13,行业动态,直接访问,PC,四川,38,8,6,157.9,0.27
2025-11-13,政策解读,外部链接,移动端,上海,22,7,4,127.2,0.16
2025-11-13,采购信息,站内,PC,北京,16,8,6,84.8,0.65
2025-11-13,招标文件,直接访问,移动端,广东,51,11,6,113.7,0.67
2025-11-13,单一来源,站内,PC,上海,13,5,2,20.9,0.39
2025-11-13,政府采购,外部链接,移动端,湖北,29,10,6,155.3,0.38
2025-11-13,采购信息,外部链接,移动端,北京,34,5,4,26.0,0.65
2025-11-13,行业动态,直接访问,移动端,浙江,9,3,1,18.3,0.61
2025-11-13,评标结果,付费推广,PC,上海,11,5,3,64.5,0.16
2025-11-13,采购信息,直接访问,移动端,广东,14,1,0,103.3,0.51
2025-11-13,行业动态,外部链接,PC,浙江,26,6,2,33.5,0.71
2025-11-13,招标文件,站内,移动端,湖北,17,2,1,47.8,0.32
2025-11-13,单一来源,外部链接,PC,山东,26,7,3,112.0,0.37
2025-11-13,供应商查询,付费推广,PC,浙江,19,1,0,26.7,0.3
2025-11-13,招标代理,直接访问,PC,浙江,16,2,1,94.1,0.58
2025-11-13,中标结果,外部链接,移动端,浙江,15,7,3,70.0,0.51
2025-11-13,行业动态,外部链接,PC,山东,26,4,2,66.7,0.72
2025-11-13,工程招标,直接访问,PC,上海,32,3,1,103.9,0.28
2025-11-13,政策解读,站内,PC,四川,14,3,2,115.4,0.17
2025-11-13,工程招标,外部链接,移动端,江苏,8,1,0,66.5,0.25
2025-11-13,招标文件,直接访问,移动端,上海,30,5,4,127.4,0.46
2025-11-13,开标记录,外部链接,移动端,浙江,16,12,8,85.2,0.24
2025-11-13,投诉处理,外部链接,PC,山东,31,5,2,73.4,0.64
2025-11-13,竞争性谈判,付费推广,PC,山东,43,9,6,119.1,0.59
2025-11-13,投标保证金,外部链接,PC,广东,31,10,7,108.9,0.37
2025-11-13,招标文件,外部链接,移动端,四川,29,8,3,131.1,0.26
2025-11-13,招投标公告,直接访问,PC,北京,31,9,5,151.8,0.39
2025-11-13,中标结果,外部链接,移动端,四川,10,3,2,106.7,0.59
2025-11-13,评标专家,直接访问,PC,湖北,22,10,4,154.8,0.67
2025-11-13,项目立项,站内,PC,上海,52,11,8,119.4,0.63
2025-11-13,单一来源,直接访问,移动端,四川,28,6,4,67.1,0.19
2025-11-13,中标结果,直接访问,PC,广东,57,11,9,26.0,0.34
2025-11-13,供应商查询,外部链接,PC,湖北,32,5,2,142.0,0.61
2025-11-13,投诉处理,直接访问,PC,江苏,31,12,9,120.7,0.33
2025-11-13,采购信息,站内,移动端,浙江,34,8,3,154.4,0.31
2025-11-13,投标保证金,直接访问,PC,湖北,23,9,4,166.0,0.59
2025-11-13,采购信息,付费推广,PC,上海,27,3,2,157.3,0.39
2025-11-14,中标结果,直接访问,PC,湖北,29,8,5,63.7,0.45
2025-11-14,评标结果,站内,PC,广东,28,8,5,29.2,0.17
2025-11-14,工程招标,付费推广,移动端,广东,39,6,3,38.9,0.22
2025-11-14,政策解读,直接访问,移动端,广东,26,1,0,26.9,0.73
2025-11-14,竞争性谈判,直接访问,移动端,北京,56,12,9,110.3,0.75
2025-11-14,采购信息,外部链接,PC,湖北,5,5,1,39.1,0.19
2025-11-14,招投标公告,站内,移动端,浙江,11,2,0,145.3,0.28
2025-11-14,供应商查询,外部链接,PC,四川,24,1,0,87.8,0.73
2025-11-14,供应商查询,直接访问,PC,浙江,27,6,5,21.4,0.36
2025-11-14,采购信息,直接访问,PC,广东,36,11,4,55.3,0.38
2025-11-14,招投标公告,直接访问,PC,湖北,35,3,2,33.6,0.27
2025-11-14,供应商查询,直接访问,PC,湖北,34,2,1,70.7,0.53
2025-11-14,评标专家,站内,PC,四川,17,6,2,50.4,0.69
2025-11-14,工程招标,直接访问,PC,广东,28,9,6,149.8,0.6
2025-11-14,招标文件,直接访问,PC,广东,26,12,8,142.1,0.29
2025-11-14,采购信息,直接访问,移动端,浙江,31,2,1,143.2,0.65
2025-11-14,电子招投标,直接访问,移动端,北京,38,3,2,132.6,0.75
2025-11-14,行业报告,外部链接,移动端,上海,38,9,5,30.5,0.58
2025-11-14,更正公告,直接访问,PC,四川,31,5,3,71.6,0.18
2025-11-14,供应商查询,直接访问,PC,浙江,48,9,7,114.4,0.39
2025-11-14,中标结果,直接访问,PC,北京,18,1,0,121.8,0.23
2025-11-14,履约信息,直接访问,PC,广东,43,12,7,118.0,0.29
2025-11-14,供应商查询,外部链接,PC,山东,8,1,0,173.6,0.45
2025-11-14,投标保证金,外部链接,PC,浙江,14,4,3,91.6,0.26
2025-11-14,行业动态,外部链接,移动端,湖北,24,2,1,44.6,0.2
2025-11-14,开标记录,付费推广,移动端,四川,22,12,5,122.4,0.67
2025-11-14,招投标公告,外部链接,移动端,湖北,7,10,5,155.8,0.16
2025-11-14,采购信息,外部链接,移动端,上海,40,11,7,163.5,0.28
2025-11-14,中标结果,站内,PC,浙江,10,4,3,81.4,0.57
2025-11-14,合同公示,外部链接,PC,四川,22,6,2,24.0,0.65
2025-11-14,招投标公告,外部链接,PC,广东,19,7,4,25.8,0.58
2025-11-14,框架协议,站内,PC,四川,43,7,6,30.6,0.49
2025-11-14,招标文件,直接访问,PC,浙江,13,7,2,20.1,0.26
2025-11-14,评标结果,付费推广,移动端,广东,28,8,4,120.1,0.22
2025-11-14,信用查询,直接访问,移动端,浙江,31,7,4,20.3,0.23
2025-11-14,评标专家,直接访问,PC,北京,18,2,1,71.9,0.16
2025-11-14,政府采购,外部链接,PC,浙江,31,8,4,159.7,0.35
2025-11-14,中标结果,外部链接,移动端,上海,24,3,2,105.2,0.64
2025-11-14,供应商查询,付费推广,移动端,广东,23,4,2,87.6,0.66
2025-11-14,履约信息,外部链接,PC,浙江,22,6,5,59.9,0.57
2025-11-14,投诉处理,直接访问,移动端,上海,7,8,2,27.2,0.48
2025-11-14,框架协议,站内,PC,北京,20,1,0,41.2,0.67
2025-11-14,中标公示,站内,PC,北京,20,7,2,93.2,0.44
2025-11-14,政策解读,站内,PC,湖北,17,7,2,160.6,0.31
2025-11-14,采购信息,外部链接,PC,江苏,54,12,8,30.1,0.73
2025-11-14,工程招标,外部链接,移动端,山东,11,3,1,61.5,0.54
2025-11-14,更正公告,直接访问,移动端,广东,57,12,10,146.8,0.36
2025-11-14,招标文件,直接访问,PC,四川,44,7,4,58.5,0.74
2025-11-14,行业报告,直接访问,PC,山东,19,5,2,24.9,0.29
2025-11-14,招标文件,直接访问,PC,江苏,25,5,2,127.5,0.41
2025-11-14,采购信息,站内,移动端,广东,19,9,4,144.0,0.43
2025-11-14,招标文件,直接访问,PC,浙江,5,11,5,43.7,0.71
2025-11-14,工程招标,外部链接,移动端,四川,18,3,2,135.4,0.55
2025-11-15,招投标公告,付费推广,移动端,北京,30,7,4,102.7,0.52
2025-11-15,招投标公告,直接访问,移动端,湖北,28,6,3,127.8,0.57
2025-11-15,工程招标,直接访问,PC,上海,20,10,4,131.8,0.7
2025-11-15,评标结果,直接访问,PC,四川,6,1,0,103.4,0.69
2025-11-15,单一来源,直接访问,移动端,湖北,15,10,7,65.7,0.47
2025-11-15,法律法规,直接访问,移动端,四川,29,4,1,30.4,0.55
2025-11-15,工程招标,外部链接,PC,北京,31,10,3,103.4,0.45
2025-11-15,中标结果,直接访问,PC,浙江,34,4,3,69.6,0.26
2025-11-15,政策解读,外部链接,移动端,江苏,19,6,3,51.8,0.62
2025-11-15,行业动态,直接访问,移动端,江苏,16,3,2,148.0,0.34
2025-11-15,政策解读,直接访问,移动端,四川,18,11,4,100.4,0.42
2025-11-15,履约信息,直接访问,PC,四川,24,4,3,146.9,0.66
2025-11-15,评标结果,站内,移动端,浙江,16,7,5,179.6,0.19
2025-11-15,工程招标,直接访问,PC,四川,6,2,1,117.8,0.41
2025-11-15,询价公告,外部链接,PC,上海,25,12,6,66.9,0.36
2025-11-15,中标结果,直接访问,PC,四川,15,12,7,141.5,0.19
2025-11-15,履约信息,直接访问,PC,江苏,3,2,1,163.5,0.19
2025-11-15,开标记录,外部链接,PC,浙江,46,11,5,38.5,0.46
2025-11-15,评标结果,付费推广,PC,山东,7,7,3,54.4,0.71
2025-11-15,中标公示,直接访问,PC,浙江,28,8,4,38.7,0.54
2025-11-15,工程招标,站内,移动端,湖北,33,6,2,126.2,0.44
2025-11-15,供应商查询,外部链接,移动端,四川,16,11,9,144.2,0.5
2025-11-15,投诉处理,站内,移动端,浙江,28,10,6,56.4,0.54
2025-11-15,评标结果,直接访问,移动端,江苏,34,8,2,60.1,0.67
2025-11-15,供应商查询,站内,移动端,广东,16,2,1,143.1,0.67
2025-11-15,工程招标,直接访问,PC,浙江,37,9,5,159.0,0.42
2025-11-15,更正公告,直接访问,移动端,浙江,16,5,3,22.0,0.64
2025-11-15,评标结果,外部链接,移动端,浙江,39,9,4,155.3,0.63
2025-11-15,招投标公告,外部链接,移动端,江苏,43,9,7,86.7,0.47
2025-11-15,询价公告,站内,移动端,广东,30,9,6,161.9,0.65
2025-11-15,招标代理,直接访问,PC,山东,23,8,3,107.1,0.27
2025-11-15,电子招投标,外部链接,PC,湖北,9,2,1,28.5,0.44
2025-11-15,供应商查询,外部链接,PC,山东,23,4,1,121.6,0.28
2025-11-15,招投标公告,外部链接,PC,湖北,18,7,5,45.5,0.6
2025-11-15,项目立项,外部链接,PC,湖北,29,8,6,169.6,0.2
2025-11-15,工程招标,直接访问,移动端,上海,24,3,1,176.0,0.71
2025-11-15,中标结果,直接访问,移动端,北京,25,7,5,61.4,0.55
2025-11-15,供应商查询,外部链接,PC,四川,19,12,5,114.8,0.18
2025-11-15,法律法规,站内,PC,北京,14,4,3,73.3,0.23
2025-11-15,招标文件,站内,移动端,北京,19,2,1,178.7,0.66
2025-11-15,评标专家,外部链接,移动端,四川,15,2,1,151.3,0.41
2025-11-15,中标公示,直接访问,移动端,浙江,28,2,0,157.9,0.34
2025-11-15,行业动态,直接访问,移动端,上海,30,6,3,54.1,0.37
2025-11-15,采购信息,付费推广,移动端,上海,9,12,4,72.6,0.33
2025-11-15,供应商查询,直接访问,移动端,北京,36,5,3,110.5,0.66
2025-11-16,中标公示,直接访问,移动端,山东,11,1,0,107.4,0.26
2025-11-16,招投标公告,直接访问,移动端,四川,29,5,2,82.2,0.43
2025-11-16,政策解读,外部链接,移动端,浙江,21,7,4,120.5,0.65
2025-11-16,法律法规,直接访问,PC,北京,24,1,0,39.4,0.4
2025-11-16,中标结果,直接访问,PC,广东,13,7,5,40.8,0.75
2025-11-16,招标文件,外部链接,移动端,北京,10,2,1,90.4,0.72
2025-11-16,合同公示,站内,PC,湖北,15,10,7,111.3,0.59
2025-11-16,中标公示,直接访问,PC,上海,23,1,0,113.9,0.45
2025-11-16,行业报告,站内,移动端,广东,25,2,1,126.0,0.62
2025-11-16,投诉处理,外部链接,移动端,山东,25,7,2,119.7,0.38
2025-11-16,招投标公告,直接访问,PC,广东,21,1,0,177.2,0.31
2025-11-16,中标结果,直接访问,移动端,浙江,9,2,1,166.7,0.4
2025-11-16,企业资质,外部链接,PC,北京,39,12,10,177.7,0.31
2025-11-16,招标文件,外部链接,移动端,上海,31,10,3,137.1,0.21
2025-11-16,供应商查询,付费推广,移动端,广东,28,10,8,65.4,0.44
2025-11-16,中标结果,付费推广,移动端,广东,32,6,5,120.8,0.62
2025-11-16,招投标公告,外部链接,PC,北京,8,7,5,140.5,0.35
2025-11-16,法律法规,外部链接,移动端,湖北,6,1,0,116.6,0.37
2025-11-16,废标公告,直接访问,PC,山东,28,4,1,112.5,0.17
2025-11-16,工程招标,直接访问,PC,广东,36,6,2,88.0,0.25
2025-11-16,招标文件,付费推广,移动端,广东,17,5,4,60.9,0.32
2025-11-16,履约信息,直接访问,PC,北京,17,11,6,134.2,0.17
2025-11-16,招标文件,站内,移动端,江苏,11,2,0,50.2,0.21
2025-11-16,招投标公告,外部链接,移动端,北京,39,12,6,89.4,0.17
2025-11-16,履约信息,付费推广,PC,四川,44,11,7,159.8,0.18
2025-11-16,政府采购,直接访问,PC,广东,10,1,0,143.3,0.62
2025-11-16,开标记录,直接访问,PC,浙江,13,10,7,95.5,0.28
2025-11-16,中标公示,站内,PC,四川,46,9,7,122.1,0.33
2025-11-16,供应商查询,外部链接,PC,山东,14,9,3,176.0,0.58
2025-11-16,招标文件,外部链接,移动端,广东,19,6,2,34.4,0.58
2025-11-16,询价公告,直接访问,移动端,广东,9,1,0,136.0,0.22
2025-11-16,更正公告,付费推广,PC,浙江,5,11,5,159.7,0.5
2025-11-16,政府采购,直接访问,PC,浙江,26,12,8,154.4,0.41
2025-11-16,采购信息,直接访问,PC,山东,19,1,0,48.9,0.23
2025-11-16,招标文件,外部链接,PC,湖北,16,2,0,175.1,0.24
2025-11-16,单一来源,直接访问,PC,四川,34,3,2,30.4,0.22
2025-11-16,开标记录,直接访问,移动端,江苏,3,9,3,30.5,0.25
2025-11-16,工程招标,付费推广,PC,湖北,30,8,5,177.0,0.53
2025-11-16,供应商查询,外部链接,PC,浙江,24,9,6,99.8,0.21
2025-11-16,采购信息,直接访问,移动端,上海,20,9,3,125.3,0.54
2025-11-16,招标文件,直接访问,移动端,广东,12,6,4,117.6,0.69
2025-11-16,竞争性谈判,直接访问,PC,北京,20,7,4,71.7,0.42
2025-11-16,工程招标,直接访问,PC,上海,34,8,4,26.2,0.71
2025-11-16,行业报告,付费推广,移动端,山东,17,10,6,73.0,0.2
2025-11-16,招标文件,直接访问,移动端,四川,13,3,2,119.6,0.23
2025-11-16,招投标公告,直接访问,移动端,上海,41,5,3,122.2,0.25
2025-11-16,政策解读,外部链接,PC,上海,17,10,3,80.2,0.61
2025-11-16,合同公示,直接访问,PC,广东,28,5,3,140.1,0.74
2025-11-16,采购信息,直接访问,移动端,湖北,5,3,2,53.4,0.68
2025-11-17,更正公告,直接访问,PC,北京,13,4,1,152.9,0.26
2025-11-17,采购信息,外部链接,PC,广东,29,6,3,39.6,0.44
2025-11-17,中标公示,付费推广,PC,广东,36,12,6,118.9,0.54
2025-11-17,资格预审,站内,PC,山东,41,12,5,113.8,0.54
2025-11-17,招标文件,直接访问,PC,山东,40,12,7,118.9,0.42
2025-11-17,询价公告,站内,PC,湖北,17,9,3,36.3,0.21
2025-11-17,更正公告,外部链接,PC,四川,8,11,5,28.7,0.68
2025-11-17,电子招投标,外部链接,移动端,广东,42,12,6,131.4,0.71
2025-11-17,竞争性谈判,直接访问,移动端,上海,28,4,3,67.3,0.28
2025-11-17,供应商查询,付费推广,PC,湖北,49,12,10,127.9,0.7
2025-11-17,中标结果,外部链接,PC,北京,55,10,9,29.0,0.22
2025-11-17,供应商查询,外部链接,PC,浙江,21,10,3,37.0,0.54
2025-11-17,招标代理,外部链接,PC,湖北,35,5,2,46.8,0.65
2025-11-17,招标文件,外部链接,移动端,江苏,26,12,6,29.2,0.32
2025-11-17,合同公示,外部链接,移动端,广东,36,6,4,28.6,0.68
2025-11-17,开标记录,外部链接,PC,江苏,25,5,1,97.0,0.31
2025-11-17,政策解读,直接访问,PC,浙江,22,8,5,81.1,0.72
2025-11-17,招标文件,外部链接,PC,山东,13,2,0,29.0,0.25
2025-11-17,中标公示,直接访问,PC,山东,30,8,4,175.5,0.59
2025-11-17,供应商查询,直接访问,移动端,浙江,27,11,7,101.7,0.63
2025-11-17,政策解读,直接访问,PC,江苏,11,2,1,119.7,0.67
2025-11-17,招标文件,外部链接,移动端,广东,22,12,7,162.7,0.54
2025-11-17,废标公告,外部链接,PC,浙江,15,1,0,49.7,0.62
2025-11-17,采购信息,直接访问,PC,四川,26,10,4,119.5,0.36
2025-11-17,中标结果,直接访问,PC,四川,18,6,4,155.9,0.21
2025-11-17,中标公示,外部链接,PC,四川,17,3,2,165.8,0.61
2025-11-17,单一来源,直接访问,PC,上海,3,3,1,62.6,0.15
2025-11-17,招标文件,外部链接,PC,上海,33,7,3,152.2,0.56
2025-11-17,竞争性谈判,外部链接,PC,湖北,33,8,7,78.6,0.18
2025-11-17,采购信息,直接访问,PC,四川,35,7,5,47.1,0.37
2025-11-17,招投标公告,站内,PC,湖北,41,11,4,105.6,0.3
2025-11-17,项目立项,直接访问,PC,江苏,25,2,0,23.4,0.68
2025-11-17,工程招标,外部链接,PC,湖北,34,12,4,145.9,0.24
2025-11-17,评标专家,直接访问,PC,山东,23,6,2,113.6,0.26
2025-11-17,行业报告,直接访问,PC,四川,24,4,1,147.0,0.31
2025-11-17,工程招标,直接访问,移动端,江苏,30,4,1,91.8,0.25
2025-11-17,工程招标,外部链接,移动端,四川,39,9,6,169.0,0.25
2025-11-17,竞争性谈判,直接访问,PC,湖北,62,12,8,52.6,0.45
2025-11-17,履约信息,直接访问,PC,浙江,21,1,0,169.3,0.24
2025-11-17,工程招标,直接访问,移动端,上海,14,3,1,25.2,0.32
2025-11-17,政策解读,直接访问,移动端,上海,25,5,2,58.6,0.17
2025-11-17,废标公告,付费推广,移动端,湖北,13,2,1,120.2,0.23
2025-11-17,行业报告,直接访问,移动端,山东,21,1,0,79.7,0.59
2025-11-18,废标公告,站内,PC,湖北,21,2,0,140.8,0.54
2025-11-18,供应商查询,直接访问,移动端,广东,35,5,2,23.4,0.52
2025-11-18,中标结果,付费推广,PC,广东,11,4,2,171.8,0.64
2025-11-18,投诉处理,直接访问,移动端,四川,33,7,2,32.0,0.5
2025-11-18,招投标公告,直接访问,移动端,浙江,23,3,2,116.0,0.61
2025-11-18,招投标公告,外部链接,PC,上海,29,6,4,91.6,0.63
2025-11-18,行业报告,直接访问,PC,上海,31,3,1,74.4,0.48
2025-11-18,招投标公告,直接访问,移动端,山东,19,7,2,128.1,0.25
2025-11-18,项目立项,站内,移动端,浙江,34,7,4,108.7,0.29
2025-11-18,项目立项,直接访问,PC,浙江,47,8,5,121.0,0.36
2025-11-18,评标结果,直接访问,PC,湖北,22,7,5,171.0,0.44
2025-11-18,供应商查询,直接访问,PC,广东,19,3,2,20.2,0.27
2025-11-18,供应商查询,站内,PC,广东,11,10,4,163.0,0.42
2025-11-18,招投标公告,直接访问,PC,山东,21,5,3,152.1,0.29
2025-11-18,工程招标,直接访问,PC,江苏,25,10,5,151.4,0.59
2025-11-18,工程招标,直接访问,移动端,浙江,14,7,5,139.8,0.17
2025-11-18,中标公示,站内,PC,四川,53,10,6,30.2,0.45
2025-11-18,行业报告,外部链接,移动端,广东,9,5,1,81.8,0.26
2025-11-18,工程招标,直接访问,PC,上海,7,3,1,81.1,0.29
2025-11-18,工程招标,站内,移动端,上海,27,3,2,69.1,0.36
2025-11-18,工程招标,直接访问,PC,浙江,16,3,2,76.6,0.2
2025-11-18,项目立项,直接访问,移动端,北京,13,7,2,143.5,0.33
2025-11-18,行业报告,直接访问,PC,浙江,35,10,5,137.1,0.35
2025-11-18,中标公示,站内,移动端,湖北,22,7,5,176.1,0.21
2025-11-18,招投标公告,付费推广,PC,广东,21,8,3,133.0,0.47
2025-11-18,投诉处理,直接访问,PC,广东,42,7,6,130.6,0.66
2025-11-18,招标文件,付费推广,PC,湖北,44,8,6,159.6,0.36
2025-11-18,资格预审,站内,PC,湖北,17,7,4,138.0,0.23
2025-11-18,供应商查询,付费推广,移动端,四川,19,11,4,91.0,0.15
2025-11-18,采购信息,站内,PC,上海,16,5,3,87.6,0.22
2025-11-18,中标公示,站内,移动端,江苏,28,3,1,48.1,0.33
2025-11-18,投诉处理,直接访问,移动端,山东,24,4,3,136.7,0.63
2025-11-18,行业报告,付费推广,PC,浙江,2,2,1,125.2,0.5
2025-11-18,供应商查询,直接访问,移动端,广东,17,9,6,94.8,0.16
2025-11-18,招标文件,站内,PC,浙江,29,6,4,132.9,0.75
2025-11-18,招投标公告,直接访问,PC,北京,30,7,3,74.4,0.42
2025-11-18,招投标公告,直接访问,PC,浙江,16,4,3,67.0,0.44
2025-11-18,中标结果,外部链接,PC,上海,18,1,0,171.3,0.51
2025-11-18,竞争性谈判,直接访问,移动端,广东,17,3,2,92.7,0.55
2025-11-18,中标结果,付费推广,移动端,北京,45,7,5,65.5,0.51
2025-11-18,招投标公告,直接访问,PC,湖北,33,6,2,101.8,0.41
2025-11-18,电子招投标,直接访问,移动端,湖北,30,2,1,19.8,0.31
2025-11-18,采购信息,外部链接,PC,浙江,23,7,4,131.5,0.44
2025-11-18,中标结果,站内,移动端,浙江,25,2,0,103.6,0.61
2025-11-18,招标文件,直接访问,移动端,山东,22,3,2,177.7,0.66
2025-11-18,采购信息,外部链接,PC,浙江,21,2,1,79.1,0.42
2025-11-18,招标代理,外部链接,PC,湖北,15,12,5,162.0,0.68
2025-11-18,资格预审,直接访问,PC,浙江,13,2,1,147.5,0.31
2025-11-18,废标公告,直接访问,PC,浙江,22,9,7,54.7,0.67
2025-11-18,工程招标,直接访问,PC,四川,22,8,4,65.7,0.3
2025-11-18,供应商查询,外部链接,PC,四川,9,7,3,100.5,0.54
2025-11-18,工程招标,站内,PC,北京,19,4,1,100.9,0.69
2025-11-18,更正公告,直接访问,PC,四川,52,10,6,143.6,0.4
2025-11-18,政策解读,外部链接,PC,上海,10,3,1,97.0,0.39
2025-11-19,供应商查询,外部链接,PC,山东,15,2,1,157.5,0.73
2025-11-19,招标文件,站内,PC,浙江,40,10,5,25.7,0.55
2025-11-19,政策解读,直接访问,移动端,上海,27,10,5,144.7,0.19
2025-11-19,行业报告,外部链接,PC,四川,15,6,4,90.4,0.27
2025-11-19,废标公告,外部链接,移动端,北京,12,5,4,43.7,0.19
2025-11-19,采购信息,站内,移动端,广东,24,10,5,68.4,0.24
2025-11-19,评标专家,直接访问,PC,江苏,5,1,0,138.6,0.57
2025-11-19,评标结果,外部链接,移动端,广东,21,4,2,79.6,0.64
2025-11-19,开标记录,直接访问,PC,山东,42,10,8,30.5,0.54
2025-11-19,行业报告,直接访问,移动端,北京,23,10,8,45.5,0.63
2025-11-19,采购信息,付费推广,PC,四川,26,12,4,137.9,0.45
2025-11-19,政策解读,外部链接,PC,上海,23,6,2,22.6,0.26
2025-11-19,政府采购,直接访问,移动端,北京,17,5,3,117.9,0.18
2025-11-19,招标文件,直接访问,PC,山东,12,9,4,117.3,0.7
2025-11-19,招标文件,站内,PC,湖北,34,9,4,79.9,0.27
2025-11-19,开标记录,直接访问,移动端,江苏,32,12,10,110.5,0.18
2025-11-19,询价公告,外部链接,移动端,上海,5,5,2,86.4,0.18
2025-11-19,项目立项,站内,移动端,江苏,29,10,3,138.6,0.3
2025-11-19,法律法规,付费推广,PC,山东,18,11,6,64.1,0.56
2025-11-19,采购信息,站内,移动端,山东,28,2,1,176.1,0.53
2025-11-19,政策解读,直接访问,PC,广东,40,7,5,53.6,0.47
2025-11-19,供应商查询,付费推广,移动端,北京,21,11,4,148.0,0.71
2025-11-19,工程招标,站内,移动端,浙江,53,7,6,19.0,0.56
2025-11-19,投标保证金,外部链接,PC,四川,21,4,3,61.8,0.19
2025-11-19,招投标公告,外部链接,PC,江苏,27,8,5,113.9,0.49
2025-11-19,供应商查询,直接访问,PC,上海,36,4,2,118.9,0.18
2025-11-19,招投标公告,外部链接,移动端,江苏,21,6,2,122.1,0.54
2025-11-19,评标结果,直接访问,PC,湖北,19,10,4,111.4,0.53
2025-11-19,招标代理,站内,PC,山东,16,4,1,80.2,0.74
2025-11-19,开标记录,付费推广,PC,广东,20,3,2,102.4,0.49
2025-11-19,工程招标,付费推广,PC,四川,12,12,6,29.9,0.56
2025-11-19,招投标公告,外部链接,移动端,四川,32,11,5,155.6,0.44
2025-11-19,工程招标,直接访问,PC,北京,36,12,9,175.7,0.56
2025-11-19,工程招标,站内,PC,四川,23,10,6,143.9,0.6
2025-11-19,评标结果,付费推广,PC,北京,5,1,0,19.0,0.31
2025-11-19,竞争性谈判,直接访问,PC,北京,5,1,0,114.5,0.64
2025-11-19,中标结果,付费推广,移动端,北京,5,3,1,122.3,0.45
2025-11-19,资格预审,站内,移动端,浙江,11,4,3,74.5,0.43
2025-11-19,中标结果,站内,移动端,上海,13,2,1,85.7,0.21
2025-11-19,工程招标,直接访问,移动端,四川,42,9,4,82.5,0.36
2025-11-19,工程招标,外部链接,PC,四川,36,10,3,66.1,0.6
2025-11-19,中标公示,付费推广,移动端,湖北,17,4,3,173.7,0.71
2025-11-19,框架协议,直接访问,PC,江苏,40,8,4,125.6,0.56
2025-11-19,中标公示,直接访问,PC,湖北,17,6,5,93.2,0.59
2025-11-19,行业报告,付费推广,移动端,北京,11,2,1,117.8,0.67
2025-11-19,废标公告,直接访问,PC,江苏,34,3,1,116.9,0.52
2025-11-19,招投标公告,站内,PC,江苏,28,12,6,172.2,0.38
2025-11-19,政策解读,站内,移动端,四川,13,1,0,41.0,0.43
2025-11-20,更正公告,外部链接,PC,上海,6,3,1,142.1,0.64
2025-11-20,行业动态,直接访问,移动端,江苏,40,5,3,154.4,0.69
2025-11-20,供应商查询,直接访问,移动端,江苏,40,9,5,32.8,0.55
2025-11-20,工程招标,外部链接,PC,四川,25,9,6,163.4,0.74
2025-11-20,采购信息,外部链接,移动端,北京,38,7,4,74.4,0.61
2025-11-20,合同公示,站内,PC,山东,12,11,8,178.6,0.49
2025-11-20,招投标公告,外部链接,PC,江苏,9,10,6,30.9,0.69
2025-11-20,中标结果,直接访问,移动端,北京,9,1,0,127.0,0.6
2025-11-20,资格预审,直接访问,移动端,山东,9,11,9,155.2,0.37
2025-11-20,中标公示,站内,PC,江苏,17,6,4,32.4,0.58
2025-11-20,工程招标,外部链接,移动端,北京,26,9,4,62.0,0.17
2025-11-20,中标公示,直接访问,PC,广东,16,12,6,178.8,0.22
2025-11-20,招投标公告,直接访问,PC,山东,54,8,7,145.0,0.75
2025-11-20,项目立项,直接访问,移动端,湖北,22,2,1,62.6,0.28
2025-11-20,供应商查询,直接访问,移动端,江苏,36,9,4,145.1,0.5
2025-11-20,供应商查询,付费推广,PC,广东,40,12,6,40.1,0.51
2025-11-20,合同公示,站内,PC,江苏,30,10,3,102.8,0.26
2025-11-20,中标结果,直接访问,PC,浙江,8,6,4,167.5,0.61
2025-11-20,采购信息,付费推广,移动端,湖北,22,10,4,132.0,0.51
2025-11-20,履约信息,外部链接,移动端,湖北,21,4,1,158.4,0.57
2025-11-20,采购信息,外部链接,PC,山东,10,12,7,108.9,0.2
2025-11-20,电子招投标,外部链接,移动端,北京,27,2,1,94.7,0.35
2025-11-20,项目立项,直接访问,PC,江苏,21,4,1,164.6,0.16
2025-11-20,中标公示,站内,PC,山东,27,9,5,57.8,0.46
2025-11-20,框架协议,外部链接,PC,北京,9,4,2,137.3,0.65
2025-11-20,招标代理,直接访问,PC,江苏,35,9,4,69.5,0.51
2025-11-20,政策解读,站内,移动端,湖北,15,5,3,148.1,0.17
2025-11-20,招标文件,直接访问,移动端,广东,16,1,0,65.7,0.23
2025-11-20,框架协议,外部链接,移动端,浙江,31,11,8,97.7,0.32
2025-11-20,采购信息,直接访问,移动端,广东,34,6,4,45.6,0.57
2025-11-20,合同公示,外部链接,PC,四川,28,9,3,44.5,0.25
2025-11-20,招投标公告,站内,移动端,山东,24,10,5,83.5,0.2
2025-11-20,供应商查询,外部链接,移动端,湖北,32,3,1,35.1,0.23
2025-11-20,招投标公告,站内,移动端,湖北,30,5,3,150.4,0.38
2025-11-20,开标记录,直接访问,移动端,浙江,9,12,6,56.9,0.3
2025-11-21,供应商查询,付费推广,移动端,四川,26,1,0,151.7,0.32
2025-11-21,招标代理,付费推广,PC,江苏,50,11,9,114.2,0.23
2025-11-21,招标文件,站内,移动端,广东,13,5,3,128.0,0.42
2025-11-21,供应商查询,直接访问,PC,广东,15,5,4,159.4,0.33
2025-11-21,招标文件,外部链接,PC,江苏,32,9,3,69.5,0.34
2025-11-21,询价公告,外部链接,PC,湖北,30,5,2,108.8,0.29
2025-11-21,招投标公告,直接访问,PC,江苏,8,3,1,143.9,0.57
2025-11-21,资格预审,外部链接,PC,浙江,31,10,4,163.1,0.23
2025-11-21,电子招投标,直接访问,PC,四川,16,5,4,36.7,0.75
2025-11-21,投诉处理,付费推广,PC,浙江,42,9,6,33.9,0.32
2025-11-21,工程招标,直接访问,移动端,山东,32,3,1,29.2,0.44
2025-11-21,采购信息,外部链接,移动端,广东,25,7,3,166.6,0.51
2025-11-21,项目立项,外部链接,PC,山东,8,4,1,33.7,0.15
2025-11-21,招标文件,外部链接,移动端,山东,19,6,3,171.0,0.25
2025-11-21,招投标公告,外部链接,移动端,四川,27,2,1,100.2,0.57
2025-11-21,行业报告,付费推广,移动端,北京,8,2,1,108.9,0.45
2025-11-21,信用查询,外部链接,PC,广东,27,7,3,166.8,0.6
2025-11-21,信用查询,直接访问,PC,江苏,26,4,1,34.0,0.51
2025-11-21,工程招标,直接访问,PC,浙江,27,3,1,49.7,0.53
2025-11-21,电子招投标,站内,移动端,北京,39,11,8,36.1,0.27
2025-11-21,工程招标,外部链接,PC,山东,20,3,1,56.7,0.49
2025-11-21,招投标公告,外部链接,移动端,北京,33,3,1,115.2,0.2
2025-11-21,工程招标,站内,移动端,上海,27,8,6,123.5,0.37
2025-11-21,法律法规,直接访问,移动端,北京,6,6,2,32.6,0.61
2025-11-21,中标公示,外部链接,PC,湖北,32,7,3,35.3,0.47
2025-11-21,招投标公告,直接访问,移动端,上海,7,8,4,125.8,0.23
2025-11-21,招投标公告,直接访问,移动端,四川,0,2,0,52.9,0.67
2025-11-21,单一来源,直接访问,移动端,浙江,48,10,7,56.4,0.31
2025-11-21,投标保证金,付费推广,移动端,北京,49,12,8,165.4,0.45
2025-11-21,更正公告,直接访问,PC,上海,17,2,0,43.7,0.39
2025-11-21,法律法规,外部链接,PC,北京,23,2,0,159.0,0.72
2025-11-21,竞争性谈判,直接访问,PC,浙江,14,8,2,144.7,0.55
2025-11-21,行业动态,付费推广,移动端,上海,15,3,2,155.5,0.63
2025-11-21,招标文件,站内,移动端,江苏,17,8,4,115.5,0.33
2025-11-21,供应商查询,外部链接,移动端,浙江,32,7,3,167.9,0.68
2025-11-21,工程招标,付费推广,PC,江苏,39,7,4,154.9,0.25
2025-11-21,企业资质,外部链接,PC,江苏,14,11,6,148.4,0.75
2025-11-21,招标文件,直接访问,PC,上海,24,12,4,175.2,0.24
2025-11-21,招标文件,直接访问,PC,江苏,9,4,2,130.5,0.26
2025-11-21,更正公告,站内,移动端,浙江,3,2,0,74.4,0.66
2025-11-21,采购信息,站内,移动端,上海,8,2,0,149.5,0.3
2025-11-21,招投标公告,直接访问,移动端,浙江,28,11,6,103.0,0.65
2025-11-21,招投标公告,站内,PC,四川,23,6,5,60.3,0.31
2025-11-21,行业动态,直接访问,移动端,山东,35,5,2,44.2,0.5
2025-11-21,法律法规,站内,移动端,浙江,26,7,4,83.4,0.3
2025-11-21,投诉处理,站内,PC,广东,56,12,10,157.6,0.67
2025-11-21,企业资质,外部链接,PC,四川,11,4,1,103.9,0.48
2025-11-21,供应商查询,直接访问,移动端,江苏,25,6,2,164.7,0.25
2025-11-21,采购信息,外部链接,移动端,上海,22,8,4,163.8,0.16
2025-11-21,招投标公告,直接访问,移动端,四川,24,10,7,29.9,0.61
2025-11-21,废标公告,直接访问,PC,浙江,14,3,1,30.4,0.56
2025-11-21,招投标公告,直接访问,移动端,江苏,9,2,1,133.0,0.65
2025-11-21,合同公示,直接访问,PC,湖北,16,8,4,110.1,0.58
2025-11-21,工程招标,站内,移动端,江苏,14,1,0,30.6,0.26
2025-11-22,单一来源,付费推广,PC,山东,30,2,1,92.3,0.18
2025-11-22,中标公示,站内,PC,浙江,41,11,4,110.5,0.24
2025-11-22,招标文件,直接访问,PC,广东,20,2,0,116.7,0.54
2025-11-22,中标结果,直接访问,PC,山东,4,1,0,78.0,0.56
2025-11-22,电子招投标,直接访问,移动端,广东,31,7,2,57.5,0.42
2025-11-22,招投标公告,直接访问,PC,广东,27,3,2,36.9,0.57
2025-11-22,行业动态,直接访问,移动端,广东,5,6,2,167.5,0.65
2025-11-22,框架协议,站内,移动端,湖北,35,10,4,113.3,0.15
2025-11-22,供应商查询,外部链接,移动端,山东,9,2,0,117.4,0.2
2025-11-22,投标保证金,付费推广,移动端,浙江,15,3,2,36.2,0.38
2025-11-22,电子招投标,付费推广,移动端,四川,19,9,6,90.3,0.22
2025-11-22,信用查询,外部链接,移动端,上海,31,6,2,150.0,0.38
2025-11-22,招标文件,付费推广,移动端,上海,37,12,4,70.7,0.63
2025-11-22,评标结果,直接访问,移动端,四川,24,10,8,177.2,0.25
2025-11-22,工程招标,直接访问,移动端,湖北,8,4,1,54.8,0.55
2025-11-22,评标结果,直接访问,PC,北京,18,11,9,43.0,0.39
2025-11-22,政府采购,外部链接,移动端,广东,18,4,1,86.9,0.59
2025-11-22,开标记录,直接访问,PC,上海,21,3,1,19.8,0.7
2025-11-22,资格预审,直接访问,移动端,江苏,27,10,5,111.7,0.38
2025-11-22,供应商查询,直接访问,移动端,上海,40,10,5,146.3,0.52
2025-11-22,中标结果,外部链接,移动端,北京,19,11,4,177.4,0.33
2025-11-22,法律法规,直接访问,PC,四川,41,11,6,67.4,0.39
2025-11-22,中标公示,站内,PC,山东,8,2,1,93.4,0.6
2025-11-22,采购信息,站内,PC,山东,27,4,1,93.9,0.38
2025-11-22,评标专家,直接访问,移动端,江苏,27,3,1,114.2,0.63
2025-11-22,投诉处理,外部链接,PC,江苏,27,11,4,22.5,0.54
2025-11-22,更正公告,直接访问,PC,江苏,27,6,5,178.4,0.25
2025-11-22,投诉处理,直接访问,PC,四川,27,12,5,85.6,0.64
2025-11-22,法律法规,站内,PC,湖北,21,6,4,116.0,0.53
2025-11-22,项目立项,付费推广,移动端,广东,20,2,0,82.3,0.63
2025-11-22,招投标公告,直接访问,PC,广东,4,2,1,167.9,0.36
2025-11-22,电子招投标,直接访问,PC,上海,21,4,1,62.3,0.48
2025-11-22,招投标公告,外部链接,移动端,湖北,14,6,2,50.7,0.51
2025-11-22,履约信息,直接访问,PC,山东,19,12,8,159.2,0.37
2025-11-22,招投标公告,付费推广,移动端,北京,9,1,0,53.8,0.17
2025-11-22,中标公示,直接访问,移动端,湖北,13,6,3,90.3,0.4
2025-11-23,行业动态,站内,PC,湖北,37,4,3,90.1,0.59
2025-11-23,政府采购,直接访问,PC,北京,19,12,4,157.2,0.45
2025-11-23,更正公告,站内,移动端,江苏,15,2,1,134.8,0.33
2025-11-23,行业报告,直接访问,PC,江苏,15,12,6,170.4,0.45
2025-11-23,工程招标,付费推广,PC,北京,30,7,4,105.5,0.51
2025-11-23,招标文件,直接访问,PC,江苏,29,11,6,146.1,0.33
2025-11-23,履约信息,直接访问,PC,山东,32,3,2,116.4,0.7
2025-11-23,行业动态,外部链接,PC,江苏,9,6,3,135.9,0.71
2025-11-23,工程招标,直接访问,PC,湖北,14,2,0,103.3,0.63
2025-11-23,供应商查询,外部链接,移动端,广东,36,12,6,169.2,0.74
2025-11-23,中标结果,直接访问,移动端,浙江,39,10,5,168.6,0.65
2025-11-23,招投标公告,外部链接,移动端,四川,31,12,6,72.2,0.55
2025-11-23,更正公告,直接访问,移动端,山东,13,8,5,46.5,0.37
2025-11-23,招标文件,外部链接,移动端,广东,23,2,0,149.9,0.19
2025-11-23,招标文件,外部链接,移动端,四川,36,9,4,65.6,0.49
2025-11-23,工程招标,直接访问,PC,江苏,36,5,2,106.7,0.19
2025-11-23,招标代理,直接访问,移动端,浙江,34,6,5,27.1,0.36
2025-11-23,开标记录,外部链接,移动端,上海,18,6,3,117.0,0.62
2025-11-23,工程招标,站内,移动端,湖北,21,2,1,115.1,0.23
2025-11-23,行业动态,外部链接,移动端,山东,31,9,4,71.5,0.34
2025-11-23,供应商查询,直接访问,PC,山东,36,12,10,80.2,0.52
2025-11-23,招投标公告,付费推广,PC,四川,36,12,6,157.5,0.32
2025-11-23,中标结果,站内,PC,北京,24,2,0,121.2,0.48
2025-11-23,招标文件,直接访问,PC,上海,26,2,1,130.3,0.62
2025-11-23,竞争性谈判,站内,PC,上海,19,4,2,70.7,0.25
2025-11-23,行业报告,直接访问,移动端,湖北,26,2,0,89.3,0.64
2025-11-23,投标保证金,外部链接,PC,江苏,42,9,4,61.9,0.7
2025-11-23,工程招标,直接访问,移动端,四川,55,11,8,97.2,0.7
2025-11-23,工程招标,站内,移动端,四川,13,2,1,57.6,0.6
2025-11-23,履约信息,直接访问,移动端,浙江,17,12,7,92.0,0.36
2025-11-23,政府采购,站内,PC,广东,40,8,7,164.8,0.35
2025-11-23,中标结果,付费推广,PC,广东,12,7,4,101.5,0.37
2025-11-23,工程招标,直接访问,PC,湖北,10,6,3,80.4,0.74
2025-11-23,中标公示,站内,移动端,江苏,0,2,0,127.2,0.65
2025-11-23,工程招标,直接访问,PC,浙江,17,6,4,19.2,0.68
2025-11-23,行业动态,外部链接,PC,山东,18,2,1,161.8,0.22
2025-11-23,采购信息,外部链接,移动端,上海,19,8,3,114.0,0.63
2025-11-23,行业动态,站内,移动端,山东,26,10,4,18.4,0.66
2025-11-23,评标专家,外部链接,PC,湖北,34,12,4,102.2,0.58
2025-11-23,政府采购,直接访问,PC,湖北,11,3,1,38.8,0.46
2025-11-23,采购信息,外部链接,移动端,湖北,18,7,3,171.6,0.27
2025-11-24,招投标公告,外部链接,移动端,江苏,18,10,4,40.3,0.73
2025-11-24,单一来源,外部链接,PC,上海,36,6,3,97.7,0.55
2025-11-24,招投标公告,站内,移动端,四川,40,7,5,143.4,0.22
2025-11-24,采购信息,直接访问,PC,北京,17,6,2,45.9,0.21
2025-11-24,单一来源,付费推广,PC,浙江,13,6,2,83.2,0.58
2025-11-24,招标文件,外部链接,移动端,山东,22,6,3,131.4,0.33
2025-11-24,采购信息,直接访问,PC,山东,7,4,2,140.8,0.69
2025-11-24,企业资质,外部链接,移动端,山东,13,5,4,53.3,0.19
2025-11-24,招投标公告,直接访问,移动端,四川,10,1,0,130.3,0.52
2025-11-24,企业资质,外部链接,PC,山东,10,5,2,55.0,0.2
2025-11-24,招标文件,直接访问,移动端,浙江,4,5,4,86.7,0.62
2025-11-24,开标记录,直接访问,移动端,山东,28,7,5,141.8,0.72
2025-11-24,电子招投标,站内,移动端,广东,12,4,3,176.6,0.41
2025-11-24,政府采购,外部链接,PC,北京,6,1,0,112.8,0.69
2025-11-24,单一来源,站内,PC,广东,1,1,0,118.8,0.3
2025-11-24,单一来源,外部链接,PC,北京,32,8,3,173.5,0.18
2025-11-24,招投标公告,直接访问,PC,江苏,31,7,5,171.3,0.71
2025-11-24,中标公示,站内,PC,山东,26,9,5,156.3,0.53
2025-11-24,竞争性谈判,外部链接,移动端,山东,11,12,8,65.3,0.51
2025-11-24,中标公示,付费推广,移动端,湖北,30,2,1,78.8,0.58
2025-11-24,招标代理,站内,移动端,四川,30,2,0,39.5,0.45
2025-11-24,政策解读,直接访问,PC,湖北,28,9,8,20.9,0.29
2025-11-24,招标代理,付费推广,PC,浙江,8,1,0,33.2,0.31
2025-11-24,工程招标,站内,移动端,四川,8,2,1,72.6,0.65
2025-11-24,采购信息,直接访问,PC,浙江,67,12,10,129.7,0.75
2025-11-24,政策解读,站内,移动端,上海,17,12,8,143.2,0.27
2025-11-24,评标专家,外部链接,PC,上海,49,12,9,97.5,0.24
2025-11-24,评标专家,付费推广,PC,江苏,13,11,5,134.8,0.74
2025-11-24,工程招标,站内,移动端,浙江,34,11,9,176.7,0.19
2025-11-24,履约信息,付费推广,PC,四川,25,10,8,175.5,0.17
2025-11-24,工程招标,直接访问,移动端,广东,11,4,2,161.3,0.63
2025-11-24,竞争性谈判,直接访问,PC,上海,7,5,1,147.9,0.49
2025-11-24,中标公示,站内,PC,北京,43,8,6,156.3,0.55
2025-11-24,单一来源,付费推广,移动端,上海,15,2,0,40.0,0.69
2025-11-24,政策解读,直接访问,移动端,北京,29,8,6,169.2,0.56
2025-11-24,中标结果,直接访问,PC,广东,45,11,9,81.1,0.2
2025-11-24,信用查询,外部链接,移动端,四川,9,2,1,96.0,0.32
2025-11-24,中标公示,付费推广,PC,湖北,24,9,5,100.9,0.57
2025-11-24,中标结果,直接访问,移动端,山东,27,2,0,130.4,0.67
2025-11-24,电子招投标,外部链接,移动端,山东,20,1,0,19.8,0.23
2025-11-24,合同公示,外部链接,PC,上海,23,12,6,89.7,0.74
2025-11-25,评标专家,直接访问,移动端,浙江,19,10,6,178.0,0.73
2025-11-25,中标结果,付费推广,移动端,江苏,49,12,8,122.6,0.64
2025-11-25,招标文件,外部链接,PC,江苏,14,10,7,51.9,0.5
2025-11-25,工程招标,外部链接,移动端,山东,15,1,0,77.5,0.73
2025-11-25,单一来源,外部链接,PC,江苏,40,6,3,70.5,0.15
2025-11-25,工程招标,站内,PC,浙江,7,1,0,38.9,0.25
2025-11-25,投诉处理,直接访问,PC,上海,27,3,1,56.6,0.63
2025-11-25,竞争性谈判,直接访问,PC,四川,27,6,5,33.9,0.61
2025-11-25,工程招标,付费推广,PC,上海,33,11,5,18.4,0.74
2025-11-25,工程招标,外部链接,PC,山东,8,2,0,69.2,0.61
2025-11-25,竞争性谈判,外部链接,PC,北京,31,11,6,115.7,0.38
2025-11-25,中标公示,直接访问,移动端,浙江,30,10,7,49.7,0.27
2025-11-25,中标结果,直接访问,PC,湖北,23,9,6,101.1,0.73
2025-11-25,采购信息,站内,PC,北京,13,7,3,71.9,0.44
2025-11-25,开标记录,外部链接,移动端,浙江,27,8,5,136.7,0.37
2025-11-25,招投标公告,外部链接,PC,江苏,39,10,5,51.8,0.32
2025-11-25,行业报告,站内,移动端,四川,4,1,0,179.6,0.24
2025-11-25,项目立项,直接访问,PC,广东,39,8,4,176.9,0.63
2025-11-25,政策解读,直接访问,PC,浙江,25,12,8,179.3,0.74
2025-11-25,招投标公告,外部链接,PC,湖北,22,9,8,23.3,0.28
2025-11-25,中标公示,直接访问,PC,江苏,23,3,1,56.1,0.24
2025-11-25,法律法规,外部链接,PC,湖北,30,6,2,116.1,0.52
2025-11-25,开标记录,站内,PC,上海,27,10,5,171.0,0.73
2025-11-25,工程招标,外部链接,移动端,四川,45,8,6,131.3,0.34
2025-11-25,招投标公告,直接访问,移动端,江苏,22,4,2,143.5,0.63
2025-11-25,招投标公告,外部链接,移动端,湖北,37,7,6,131.0,0.31
2025-11-25,投标保证金,付费推广,移动端,四川,10,2,1,99.5,0.43
2025-11-25,采购信息,站内,PC,江苏,16,4,3,178.6,0.65
2025-11-25,资格预审,直接访问,移动端,山东,38,8,6,41.1,0.25
2025-11-25,询价公告,直接访问,移动端,北京,40,6,5,23.5,0.24
2025-11-25,招投标公告,外部链接,PC,广东,48,8,6,162.6,0.41
2025-11-25,行业动态,站内,移动端,四川,27,2,0,107.8,0.54
2025-11-25,政府采购,直接访问,PC,北京,17,3,2,73.4,0.15
2025-11-25,招投标公告,外部链接,移动端,北京,38,6,3,110.1,0.67
2025-11-25,信用查询,直接访问,PC,江苏,18,5,2,47.6,0.26
2025-11-25,招投标公告,站内,PC,江苏,25,5,3,147.9,0.49
2025-11-25,供应商查询,直接访问,PC,浙江,23,4,3,30.8,0.41
2025-11-25,招标文件,付费推广,PC,四川,51,12,8,77.8,0.19
2025-11-25,废标公告,站内,PC,北京,32,11,8,156.0,0.32
2025-11-25,询价公告,外部链接,PC,山东,30,4,3,146.8,0.29
2025-11-25,政策解读,直接访问,PC,山东,28,9,6,99.9,0.73
2025-11-25,采购信息,站内,PC,江苏,16,1,0,76.2,0.34
2025-11-25,更正公告,外部链接,PC,北京,17,10,4,60.6,0.59
2025-11-25,供应商查询,付费推广,移动端,四川,20,5,3,175.7,0.31
2025-11-26,行业报告,直接访问,移动端,湖北,22,6,5,118.8,0.26
2025-11-26,中标公示,站内,PC,四川,25,5,3,94.5,0.35
2025-11-26,供应商查询,直接访问,移动端,广东,21,6,3,123.1,0.34
2025-11-26,评标结果,站内,PC,北京,33,3,2,72.2,0.4
2025-11-26,评标结果,站内,PC,广东,25,6,2,21.4,0.46
2025-11-26,供应商查询,直接访问,PC,四川,36,8,5,148.3,0.49
2025-11-26,投诉处理,外部链接,移动端,江苏,20,8,4,160.0,0.66
2025-11-26,招投标公告,直接访问,移动端,北京,61,12,9,155.2,0.51
2025-11-26,招投标公告,外部链接,移动端,江苏,14,8,3,58.7,0.54
2025-11-26,工程招标,直接访问,移动端,广东,28,3,1,127.1,0.29
2025-11-26,中标结果,付费推广,移动端,北京,6,4,3,117.2,0.74
2025-11-26,采购信息,付费推广,PC,上海,8,4,2,68.0,0.28
2025-11-26,工程招标,站内,PC,江苏,25,11,4,69.8,0.73
2025-11-26,企业资质,直接访问,移动端,广东,53,12,8,107.7,0.17
2025-11-26,竞争性谈判,付费推广,移动端,四川,19,12,9,94.0,0.37
2025-11-26,信用查询,付费推广,移动端,江苏,20,4,2,105.6,0.49
2025-11-26,招投标公告,外部链接,移动端,江苏,33,10,8,63.7,0.47
2025-11-26,政策解读,站内,PC,北京,10,5,2,162.0,0.54
2025-11-26,招标文件,直接访问,PC,广东,50,7,6,40.9,0.39
2025-11-26,中标结果,外部链接,PC,四川,27,11,5,98.6,0.63
2025-11-26,中标结果,直接访问,移动端,四川,33,10,6,55.0,0.32
2025-11-26,电子招投标,直接访问,移动端,北京,25,7,3,175.5,0.46
2025-11-26,招标文件,外部链接,PC,湖北,19,2,1,101.7,0.39
2025-11-26,询价公告,外部链接,PC,四川,5,4,1,120.1,0.2
2025-11-26,投诉处理,直接访问,PC,北京,27,8,6,100.1,0.43
2025-11-26,招标文件,外部链接,移动端,浙江,13,8,3,142.7,0.68
2025-11-26,单一来源,外部链接,PC,湖北,17,9,3,102.6,0.35
2025-11-26,评标专家,付费推广,移动端,江苏,30,11,5,132.2,0.34
2025-11-26,政府采购,外部链接,PC,山东,30,5,3,91.2,0.52
2025-11-26,工程招标,外部链接,PC,山东,27,6,3,113.5,0.64
2025-11-26,招投标公告,直接访问,移动端,江苏,4,5,2,100.0,0.51
2025-11-26,采购信息,直接访问,移动端,上海,20,5,2,173.2,0.29
2025-11-26,行业动态,直接访问,移动端,北京,32,11,6,116.3,0.22
2025-11-26,招标文件,直接访问,PC,四川,15,3,1,117.3,0.32
2025-11-26,招标代理,直接访问,移动端,江苏,11,2,1,48.4,0.41
2025-11-27,采购信息,站内,PC,江苏,1,2,1,118.2,0.44
2025-11-27,行业报告,外部链接,PC,江苏,9,6,2,63.3,0.66
2025-11-27,合同公示,直接访问,移动端,山东,32,4,2,159.3,0.25
2025-11-27,供应商查询,站内,移动端,广东,16,9,4,152.1,0.34
2025-11-27,工程招标,外部链接,PC,浙江,23,11,9,168.3,0.62
2025-11-27,竞争性谈判,直接访问,PC,广东,13,4,1,126.8,0.31
2025-11-27,询价公告,直接访问,移动端,广东,19,9,3,52.2,0.17
2025-11-27,中标公示,站内,PC,上海,31,8,3,98.4,0.65
2025-11-27,资格预审,直接访问,PC,浙江,36,3,2,25.3,0.5
2025-11-27,采购信息,直接访问,PC,上海,11,3,1,113.5,0.18
2025-11-27,投标保证金,站内,移动端,山东,12,4,3,49.5,0.55
2025-11-27,投标保证金,外部链接,PC,湖北,22,1,0,22.1,0.49
2025-11-27,询价公告,直接访问,PC,广东,38,12,6,131.3,0.22
2025-11-27,更正公告,直接访问,移动端,北京,28,12,5,68.3,0.18
2025-11-27,合同公示,站内,移动端,江苏,14,3,1,38.6,0.6
2025-11-27,行业报告,直接访问,PC,江苏,27,4,2,165.9,0.26
2025-11-27,合同公示,直接访问,移动端,四川,22,9,6,28.3,0.44
2025-11-27,履约信息,直接访问,移动端,山东,22,8,4,34.5,0.46
2025-11-27,电子招投标,外部链接,移动端,四川,19,7,3,97.5,0.4
2025-11-27,电子招投标,直接访问,PC,广东,7,2,0,54.4,0.61
2025-11-27,询价公告,外部链接,PC,浙江,29,11,8,29.9,0.32
2025-11-27,政策解读,站内,PC,四川,27,8,4,86.8,0.46
2025-11-27,工程招标,外部链接,PC,四川,34,5,2,73.3,0.3
2025-11-27,框架协议,直接访问,PC,北京,34,8,3,79.5,0.72
2025-11-27,招投标公告,站内,移动端,上海,35,12,5,76.0,0.62
2025-11-27,中标结果,直接访问,PC,北京,5,1,0,47.1,0.21
2025-11-27,工程招标,外部链接,移动端,北京,23,3,1,100.9,0.23
2025-11-27,工程招标,直接访问,PC,江苏,34,3,2,55.4,0.23
2025-11-27,单一来源,站内,PC,江苏,11,6,2,72.4,0.17
2025-11-27,招标文件,站内,PC,山东,29,8,5,152.4,0.2
2025-11-27,工程招标,直接访问,移动端,浙江,8,3,1,49.7,0.25
2025-11-27,政府采购,直接访问,PC,江苏,10,7,4,49.1,0.38
2025-11-27,单一来源,站内,PC,四川,19,8,3,46.5,0.57
2025-11-27,招投标公告,直接访问,PC,山东,44,9,6,144.1,0.53
2025-11-27,招投标公告,直接访问,PC,湖北,2,5,1,118.9,0.61
2025-11-27,政策解读,外部链接,移动端,四川,15,1,0,170.0,0.74
2025-11-27,行业动态,外部链接,PC,北京,37,10,9,162.9,0.49
2025-11-27,行业动态,站内,移动端,江苏,34,7,2,124.8,0.51
2025-11-27,项目立项,直接访问,PC,四川,22,6,2,141.2,0.69
2025-11-27,信用查询,付费推广,PC,浙江,5,4,1,39.2,0.62
2025-11-27,行业报告,直接访问,移动端,湖北,21,9,5,29.3,0.38
2025-11-27,企业资质,直接访问,移动端,湖北,14,6,5,131.5,0.3
2025-11-27,中标公示,站内,移动端,四川,18,11,8,20.9,0.36
2025-11-27,中标公示,外部链接,移动端,广东,42,11,8,110.9,0.17
2025-11-27,企业资质,外部链接,移动端,四川,39,9,5,48.6,0.35
2025-11-27,政策解读,直接访问,移动端,浙江,24,2,0,72.0,0.6
2025-11-27,工程招标,站内,移动端,湖北,24,1,0,119.2,0.46
2025-11-27,行业动态,外部链接,PC,北京,29,6,2,34.8,0.15
2025-11-27,电子招投标,外部链接,PC,北京,30,12,5,119.9,0.58
2025-11-27,投诉处理,外部链接,移动端,湖北,7,5,1,148.2,0.33
2025-11-27,工程招标,外部链接,移动端,上海,8,5,2,155.3,0.23
2025-11-28,政策解读,直接访问,PC,江苏,31,3,1,110.5,0.57
2025-11-28,竞争性谈判,站内,PC,四川,36,11,5,156.7,0.16
2025-11-28,招投标公告,外部链接,PC,上海,24,5,3,37.9,0.31
2025-11-28,工程招标,站内,PC,山东,18,1,0,132.4,0.51
2025-11-28,项目立项,直接访问,移动端,四川,22,10,3,123.2,0.29
2025-11-28,中标结果,直接访问,移动端,浙江,8,4,2,104.1,0.18
2025-11-28,信用查询,直接访问,移动端,四川,21,9,5,93.7,0.45
2025-11-28,招投标公告,直接访问,PC,浙江,10,1,0,172.1,0.5
2025-11-28,投标保证金,直接访问,移动端,北京,8,4,3,167.5,0.36
2025-11-28,行业报告,外部链接,移动端,江苏,10,3,1,32.1,0.33
2025-11-28,采购信息,外部链接,移动端,广东,28,4,2,110.1,0.3
2025-11-28,供应商查询,直接访问,PC,湖北,20,7,4,67.6,0.68
2025-11-28,询价公告,直接访问,移动端,江苏,10,6,2,40.6,0.35
2025-11-28,采购信息,直接访问,移动端,上海,38,12,8,59.4,0.66
2025-11-28,供应商查询,直接访问,PC,浙江,13,11,5,126.4,0.45
2025-11-28,投诉处理,直接访问,PC,湖北,33,5,2,130.1,0.62
2025-11-28,合同公示,直接访问,PC,江苏,8,5,4,161.1,0.42
2025-11-28,招标文件,直接访问,PC,山东,26,11,3,61.6,0.22
2025-11-28,招投标公告,直接访问,PC,湖北,40,10,7,168.4,0.71
2025-11-28,工程招标,付费推广,移动端,上海,39,7,6,68.8,0.32
2025-11-28,供应商查询,直接访问,移动端,山东,53,10,8,67.5,0.44
2025-11-28,更正公告,直接访问,移动端,湖北,27,12,5,55.7,0.28
2025-11-28,中标公示,站内,移动端,上海,6,2,1,121.8,0.4
2025-11-28,更正公告,直接访问,移动端,北京,31,5,4,33.2,0.47
2025-11-28,工程招标,站内,PC,北京,27,7,5,63.9,0.72
2025-11-28,投诉处理,直接访问,PC,湖北,30,9,7,92.3,0.34
2025-11-28,供应商查询,直接访问,PC,广东,34,10,8,126.9,0.37
2025-11-28,工程招标,站内,PC,四川,34,8,5,106.6,0.35
2025-11-28,履约信息,直接访问,PC,广东,29,12,10,137.2,0.72
2025-11-28,单一来源,站内,移动端,北京,15,2,0,52.4,0.65
2025-11-28,合同公示,付费推广,移动端,四川,43,11,7,159.3,0.21
2025-11-28,政府采购,外部链接,PC,广东,7,8,3,145.9,0.3
2025-11-28,单一来源,直接访问,PC,四川,30,2,0,57.1,0.61
2025-11-28,评标结果,外部链接,移动端,浙江,47,9,7,43.5,0.48
2025-11-28,中标公示,付费推广,移动端,上海,11,4,2,39.1,0.61
2025-11-29,招标文件,直接访问,移动端,湖北,6,6,3,163.5,0.24
2025-11-29,招投标公告,外部链接,PC,江苏,25,10,7,99.9,0.41
2025-11-29,招投标公告,站内,PC,北京,17,4,1,62.0,0.7
2025-11-29,采购信息,直接访问,PC,北京,31,10,7,178.4,0.57
2025-11-29,评标结果,外部链接,PC,浙江,14,1,0,140.0,0.32
2025-11-29,评标专家,直接访问,PC,浙江,20,3,1,108.5,0.54
2025-11-29,招投标公告,站内,PC,江苏,6,2,1,127.2,0.51
2025-11-29,投诉处理,付费推广,移动端,江苏,27,1,0,36.6,0.68
2025-11-29,合同公示,直接访问,PC,北京,21,4,2,133.3,0.33
2025-11-29,招投标公告,外部链接,移动端,上海,34,7,5,61.4,0.58
2025-11-29,工程招标,付费推广,移动端,浙江,23,9,4,69.0,0.46
2025-11-29,法律法规,直接访问,PC,江苏,46,12,7,95.6,0.64
2025-11-29,工程招标,付费推广,PC,北京,30,1,0,72.8,0.61
2025-11-29,企业资质,外部链接,PC,北京,30,2,1,37.6,0.72
2025-11-29,招投标公告,直接访问,PC,四川,28,4,3,44.4,0.51
2025-11-29,招投标公告,直接访问,PC,北京,19,3,2,54.9,0.2
2025-11-29,中标公示,直接访问,PC,山东,16,2,1,103.6,0.53
2025-11-29,行业动态,站内,PC,山东,29,2,1,172.6,0.29
2025-11-29,中标公示,站内,移动端,四川,15,2,0,55.7,0.15
2025-11-29,评标结果,直接访问,移动端,上海,22,2,0,66.3,0.46
2025-11-29,招标文件,站内,PC,江苏,39,12,5,65.9,0.38
2025-11-29,中标公示,外部链接,PC,四川,33,10,5,169.0,0.6
2025-11-29,框架协议,付费推广,移动端,湖北,19,9,6,62.8,0.15
2025-11-29,采购信息,外部链接,PC,北京,4,4,2,89.8,0.38
2025-11-29,供应商查询,外部链接,PC,北京,37,7,5,136.9,0.66
2025-11-29,招标文件,外部链接,移动端,上海,40,11,9,104.0,0.61
2025-11-29,企业资质,站内,PC,湖北,17,10,5,144.5,0.3
2025-11-29,采购信息,直接访问,PC,江苏,14,8,6,146.1,0.62
2025-11-29,中标结果,直接访问,移动端,上海,13,1,0,19.2,0.55
2025-11-29,采购信息,外部链接,PC,北京,39,8,6,49.4,0.69
2025-11-29,招投标公告,直接访问,移动端,湖北,31,7,6,150.5,0.23
2025-11-29,询价公告,站内,移动端,浙江,32,6,3,134.6,0.6
2025-11-29,招投标公告,站内,PC,四川,40,12,7,85.5,0.38
2025-11-29,招标文件,站内,移动端,北京,36,11,6,86.0,0.21
2025-11-29,中标公示,站内,PC,北京,0,2,0,34.9,0.56
2025-11-29,招投标公告,直接访问,PC,浙江,36,6,4,113.5,0.26
2025-11-29,评标专家,直接访问,PC,四川,6,3,1,74.6,0.58
2025-11-29,企业资质,付费推广,PC,四川,41,10,8,25.6,0.46
2025-11-29,招投标公告,直接访问,移动端,浙江,8,1,0,172.5,0.25
2025-11-29,资格预审,外部链接,PC,四川,23,4,1,129.8,0.19
2025-11-29,采购信息,付费推广,PC,浙江,0,1,0,25.7,0.44
2025-11-29,开标记录,直接访问,移动端,广东,29,2,1,72.9,0.35
2025-11-29,招投标公告,站内,PC,山东,19,1,0,70.6,0.18
2025-11-29,政府采购,外部链接,移动端,广东,27,5,2,157.1,0.62
2025-11-29,框架协议,付费推广,PC,浙江,31,9,5,140.2,0.26
2025-11-29,工程招标,外部链接,移动端,北京,50,7,5,90.1,0.73
2025-11-29,履约信息,外部链接,移动端,四川,35,3,2,127.1,0.26
2025-11-29,供应商查询,直接访问,移动端,山东,26,9,5,121.1,0.21
2025-11-30,采购信息,站内,移动端,山东,10,1,0,169.0,0.17
2025-11-30,中标结果,直接访问,移动端,北京,38,9,6,101.7,0.51
2025-11-30,供应商查询,直接访问,PC,北京,17,10,4,89.0,0.32
2025-11-30,竞争性谈判,直接访问,PC,北京,12,4,2,107.4,0.68
2025-11-30,工程招标,外部链接,移动端,江苏,9,1,0,94.9,0.41
2025-11-30,竞争性谈判,站内,移动端,上海,19,4,2,166.3,0.29
2025-11-30,中标公示,外部链接,PC,四川,31,5,2,164.3,0.73
2025-11-30,工程招标,直接访问,移动端,广东,37,10,5,85.8,0.44
2025-11-30,投标保证金,外部链接,PC,山东,30,10,8,159.0,0.49
2025-11-30,合同公示,付费推广,移动端,江苏,18,7,4,21.1,0.49
2025-11-30,工程招标,站内,PC,四川,20,7,5,96.2,0.39
2025-11-30,招投标公告,付费推广,移动端,广东,17,3,1,140.8,0.67
2025-11-30,投诉处理,直接访问,PC,广东,13,5,2,87.1,0.66
2025-11-30,框架协议,外部链接,PC,四川,29,12,7,78.4,0.24
2025-11-30,履约信息,站内,PC,北京,34,8,4,167.2,0.28
2025-11-30,询价公告,直接访问,PC,北京,42,12,5,81.6,0.59
2025-11-30,投诉处理,外部链接,PC,浙江,22,3,2,176.8,0.27
2025-11-30,电子招投标,直接访问,PC,山东,31,6,3,167.7,0.71
2025-11-30,供应商查询,外部链接,PC,上海,22,5,2,63.8,0.4
2025-11-30,投诉处理,外部链接,移动端,广东,43,8,4,120.6,0.32
2025-11-30,投标保证金,外部链接,移动端,山东,26,9,5,32.2,0.57
2025-11-30,工程招标,直接访问,移动端,江苏,35,7,4,123.7,0.55
2025-11-30,评标专家,直接访问,PC,上海,24,11,7,35.5,0.48
2025-11-30,中标公示,直接访问,PC,北京,29,5,2,96.6,0.33
2025-11-30,招标代理,站内,移动端,北京,27,1,0,143.7,0.75
2025-11-30,开标记录,外部链接,移动端,湖北,14,1,0,126.2,0.62
2025-11-30,竞争性谈判,直接访问,PC,广东,39,11,8,104.7,0.33
2025-11-30,工程招标,站内,PC,江苏,39,7,3,69.5,0.22
2025-11-30,采购信息,直接访问,PC,北京,38,11,9,117.8,0.53
2025-11-30,中标公示,直接访问,移动端,湖北,46,11,7,35.5,0.53
2025-11-30,中标结果,直接访问,PC,北京,24,8,2,56.4,0.4
2025-11-30,招投标公告,付费推广,移动端,四川,13,6,4,80.8,0.2
2025-11-30,工程招标,付费推广,移动端,四川,28,6,2,96.8,0.42
2025-11-30,投标保证金,付费推广,移动端,北京,8,7,4,170.4,0.26
2025-11-30,投标保证金,外部链接,PC,浙江,5,11,4,41.2,0.6
2025-11-30,资格预审,直接访问,移动端,江苏,47,8,7,156.3,0.37
2025-11-30,政府采购,直接访问,移动端,浙江,32,3,2,116.2,0.26
2025-11-30,法律法规,站内,PC,浙江,31,7,4,101.8,0.36
2025-11-30,政策解读,直接访问,PC,山东,32,4,1,69.1,0.31
