"id","title","url","time","source","keyword"
"1","浙江和源项目管理有限公司关于上城区政务云资源（2026）服务项目中标(成交)结果公告","http://www.ccgp.gov.cn/cggg/dfgg/zbgg/202512/t20251202_25827263.htm","2025-12-02","中国政府采购网","政务云"
"2","濮阳市政府采购中心濮阳市行政审批和政务信息管理局关于濮阳市市级政务云服务项目废标公告","http://www.ccgp.gov.cn/cggg/dfgg/qtgg/202512/t20251202_25827075.htm","2025-12-02","中国政府采购网","政务云"
"3","山东省医疗保障局政务云医保域（数据中心A、B）云平台运维及许可更新服务项目公开招标公告","http://www.ccgp.gov.cn/cggg/dfgg/gkzb/202512/t20251202_25825898.htm","2025-12-02","中国政府采购网","政务云"
"4","西安经济技术开发区财政金融局财政云系统及国资系统网络专线租赁项目中标（成交）结果公告","http://www.ccgp.gov.cn/cggg/dfgg/cjgg/202512/t20251202_25827285.htm","2025-12-02","中国政府采购网","专线"
"5","长治市城市综合管理服务指挥中心竞争性磋商2025数字城管运营费(视频专线)结果公告","http://www.ccgp.gov.cn/cggg/dfgg/zbgg/202512/t20251202_25827005.htm","2025-12-02","中国政府采购网","专线"
"6","国家市场监督管理总局互联网和专线接入服务采购项目招标公告","http://www.ccgp.gov.cn/cggg/zygg/gkzb/202512/t20251202_25826939.htm","2025-12-02","中国政府采购网","专线"
"7","山东省福利彩票发行中心销售场所专线通讯项目公开招标公告","http://www.ccgp.gov.cn/cggg/dfgg/gkzb/202512/t20251202_25825897.htm","2025-12-02","中国政府采购网","专线"
"8","国家海洋信息中心广东茂名红树林碳储量及碳汇调查项目比选公告","http://www.ccgp.gov.cn/cggg/zygg/qtgg/202512/t20251202_25827547.htm","2025-12-02","中国政府采购网","广东"
"9","广东科学技术职业学院汽车数智营销创新系统采购结果公告","http://www.ccgp.gov.cn/cggg/dfgg/zbgg/202512/t20251202_25827496.htm","2025-12-02","中国政府采购网","广东"
"10","广东省广州市海珠区消防救援大队2025年赤岗消防救援站综合功能室、消防员之家、车库文化布展项目成交公告","http://www.ccgp.gov.cn/cggg/zygg/cjgg/202512/t20251202_25827430.htm","2025-12-02","中国政府采购网","广东"
"11","广东技术师范大学智慧教育应用支撑平台建设项目（工程创新训练中心）结果公告","http://www.ccgp.gov.cn/cggg/dfgg/zbgg/202512/t20251202_25827289.htm","2025-12-02","中国政府采购网","广东"
"12","广东省二沙体育训练中心2026-2028年桌面运维项目结果公告","http://www.ccgp.gov.cn/cggg/dfgg/zbgg/202512/t20251202_25827242.htm","2025-12-02","中国政府采购网","广东"
"13","广东质检院清新分部超大型耐火构件炉改造服务项目（0809-25411GDG302013001）采购暂停公告（第一次）","http://www.ccgp.gov.cn/cggg/dfgg/gzgg/202512/t20251202_25827029.htm","2025-12-02","中国政府采购网","广东"
"14","云南省公安厅·政务网站系统上云迁云服务事项采购项目成交公告","http://www.ccgp.gov.cn/cggg/dfgg/cjgg/202512/t20251202_25827475.htm","2025-12-02","中国政府采购网","云"
"15","唐山市第二医院新建骨科大楼云桌面采购项目（双盲评审）公开招标二次公告","http://www.ccgp.gov.cn/cggg/dfgg/gkzb/202512/t20251202_25827458.htm","2025-12-02","中国政府采购网","云"
"16","云之龙咨询集团有限公司关于眼前节测量评估系统及角膜生物力学分析仪采购（LZZC2025-G1-991019-YZLZ）公开招标公告","http://www.ccgp.gov.cn/cggg/dfgg/gkzb/202512/t20251202_25827024.htm","2025-12-02","中国政府采购网","云"
"17","云之龙咨询集团有限公司关于心脏大血管手术器械采购（重）（LZZC2025-G1-991007-YZLZ）公开招标公告","http://www.ccgp.gov.cn/cggg/dfgg/gkzb/202512/t20251202_25827020.htm","2025-12-02","中国政府采购网","云"
"18","烟台市120急救指挥中心烟台市“云急救”综合救治服务平台建设暨120调度指挥系统升级项目（预采购）中标结果更正公告","http://www.ccgp.gov.cn/cggg/dfgg/gzgg/202512/t20251202_25825982.htm","2025-12-02","中国政府采购网","云"
"19","烟台市“云急救”综合救治服务平台建设暨120调度指挥系统升级项目成交公告","http://www.ccgp.gov.cn/cggg/dfgg/zbgg/202512/t20251202_25825960.htm","2025-12-02","中国政府采购网","云"
"20","泰安市公安局交通警察支队信息化系统运行维护服务项目（D包：智能交通云计算存储系统运维服务项目）（三次）竞争性谈判公告","http://www.ccgp.gov.cn/cggg/dfgg/jzxtpgg/202512/t20251202_25825745.htm","2025-12-02","中国政府采购网","云"
"21","黑龙江省营商环境建设监督局省级政务云异地灾备服务项目(二次)招标公告","http://www.ccgp.gov.cn/cggg/dfgg/gkzb/202512/t20251201_25820059.htm","2025-12-01","中国政府采购网","政务云"
"22","绵阳市数据局绵阳市政务云服务项目（2025年-2028年）结果公告","http://www.ccgp.gov.cn/cggg/dfgg/qtgg/202512/t20251201_25816856.htm","2025-12-01","中国政府采购网","政务云"
"23","福建省市场监督管理局行政服务中心电子政务云平台资源暨增值云运维服务采购更正公告（第一次）","http://www.ccgp.gov.cn/cggg/dfgg/gzgg/202512/t20251201_25816406.htm","2025-12-01","中国政府采购网","政务云"
"24","准格尔旗行政审批政务服务与数据管理局政务云信创升级扩容改造项目结果更正公告（第一次）","http://www.ccgp.gov.cn/cggg/dfgg/gzgg/202512/t20251201_25815700.htm","2025-12-01","中国政府采购网","政务云"
"25","原平市医疗集团电子病历四级信息化能力提升项目数据链路专线租赁竞争性谈判的采购公告","http://www.ccgp.gov.cn/cggg/dfgg/jzxtpgg/202512/t20251201_25824868.htm","2025-12-01","中国政府采购网","专线"
"26","漯河市第二职业高中庐山路校区校外双电源专线铺设及配套项目-竞争性磋商公告","http://www.ccgp.gov.cn/cggg/dfgg/jzxcs/202512/t20251201_25821664.htm","2025-12-01","中国政府采购网","专线"
"27","榆林市人事信息中心劳动保障大厦办公互联网及县市区三级金保专线服务项目中标（成交）结果公告","http://www.ccgp.gov.cn/cggg/dfgg/cjgg/202512/t20251201_25820219.htm","2025-12-01","中国政府采购网","专线"
"28","太原市迎泽区人民政府办公室公开招标2025年太原市迎泽区人民政府办公室互联网与政务外网专线接入服务项目结果公告","http://www.ccgp.gov.cn/cggg/dfgg/zbgg/202512/t20251201_25818355.htm","2025-12-01","中国政府采购网","专线"
"29","朝阳政务专网专线租用项目公开招标公告","http://www.ccgp.gov.cn/cggg/dfgg/gkzb/202512/t20251201_25816240.htm","2025-12-01","中国政府采购网","专线"
"30","广西壮族自治区政府采购中心关于宽带互联网电信专线租赁项目（GXZC2025-D3-003270-CGZX）成交结果公告","http://www.ccgp.gov.cn/cggg/dfgg/cjgg/202512/t20251201_25815398.htm","2025-12-01","中国政府采购网","专线"
"31","广东松山职业技术学院2025-2026年度教职工体检服务(四次)招标公告（项目编号：0724-2531Z3505838）","http://www.ccgp.gov.cn/cggg/dfgg/gkzb/202512/t20251201_25825161.htm","2025-12-01","中国政府采购网","广东"
"32","广东省零碳园区建设重大工程结果公告","http://www.ccgp.gov.cn/cggg/dfgg/zbgg/202512/t20251201_25823981.htm","2025-12-01","中国政府采购网","广东"
"33","广东药科大学食品科学学院体式显微镜等采购项目（GZSW25156HG4013）结果公告","http://www.ccgp.gov.cn/cggg/dfgg/zbgg/202512/t20251201_25823639.htm","2025-12-01","中国政府采购网","广东"
"34","广东省海洋综合执法总队直属三支队2025年度执法船艇维修保养服务(五次)结果公告","http://www.ccgp.gov.cn/cggg/dfgg/cjgg/202512/t20251201_25823608.htm","2025-12-01","中国政府采购网","广东"
"35","广东药科大学药学院高效液相色谱仪等教学仪器采购项目（0877-25GZTP4ZC0745）中标公告","http://www.ccgp.gov.cn/cggg/dfgg/zbgg/202512/t20251201_25823587.htm","2025-12-01","中国政府采购网","广东"
"36","广东省市场监督管理局财政资金项目管理平台升级改造及业务运营（2025年）项目招标公告","http://www.ccgp.gov.cn/cggg/dfgg/gkzb/202512/t20251201_25823503.htm","2025-12-01","中国政府采购网","广东"
"37","广东职业技术学院现代纺织技术专业群数字生态项目——资源服务器扩容（一期）采购更正公告（第一次）","http://www.ccgp.gov.cn/cggg/dfgg/gzgg/202512/t20251201_25823427.htm","2025-12-01","中国政府采购网","广东"
"38","广东职业技术学院现代纺织技术专业群数字生态项目——网络提速扩容升级招标公告","http://www.ccgp.gov.cn/cggg/dfgg/gkzb/202512/t20251201_25823402.htm","2025-12-01","中国政府采购网","广东"
"39","广东广播电视台8讯道4K超高清XR演播室系统项目结果公告","http://www.ccgp.gov.cn/cggg/dfgg/zbgg/202512/t20251201_25823307.htm","2025-12-01","中国政府采购网","广东"
"40","广东省土地调查规划院5楼和6楼部分区域装修工程竞争性磋商公告","http://www.ccgp.gov.cn/cggg/dfgg/jzxcs/202512/t20251201_25823191.htm","2025-12-01","中国政府采购网","广东"
"41","广东医科大学附属医院2025年医疗设备采购项目（二十一）招标公告","http://www.ccgp.gov.cn/cggg/dfgg/gkzb/202512/t20251201_25823184.htm","2025-12-01","中国政府采购网","广东"
"42","广东松山职业技术学院曲江校区物业管理服务项目结果公告","http://www.ccgp.gov.cn/cggg/dfgg/zbgg/202512/t20251201_25823113.htm","2025-12-01","中国政府采购网","广东"
"43","广东省消防救援总队2025年战勤保障装备采购项目（结余资金）（项目编号：0692-2531Z6037685）公开招标公告","http://www.ccgp.gov.cn/cggg/zygg/gkzb/202512/t20251201_25822770.htm","2025-12-01","中国政府采购网","广东"
"44","“广东省畜禽现代种业产业园-畜禽种业高效繁育社会化服务建设项目-高校地方联合育种功能性服务平台建设项目”采购项目(二次)招标公告","http://www.ccgp.gov.cn/cggg/dfgg/gkzb/202512/t20251201_25822944.htm","2025-12-01","中国政府采购网","广东"
"45","2025年广东省城镇燃气供应站等安全专项评估项目竞争性磋商公告","http://www.ccgp.gov.cn/cggg/dfgg/jzxcs/202512/t20251201_25822524.htm","2025-12-01","中国政府采购网","广东"
"46","广东省农业农村厅2026-2027年度机关食堂餐饮材料配送服务采购项目结果公告","http://www.ccgp.gov.cn/cggg/dfgg/zbgg/202512/t20251201_25822407.htm","2025-12-01","中国政府采购网","广东"
"47","广东省汕头市中级人民法院食堂外包服务项目结果公告","http://www.ccgp.gov.cn/cggg/dfgg/zbgg/202512/t20251201_25822423.htm","2025-12-01","中国政府采购网","广东"
"48","省市场监管局国家企业信用信息公示系统（广东）及广东省“双随机、一公开”综合监管平台开发、运营及运维服务（2025年）项目公开招标公告","http://www.ccgp.gov.cn/cggg/dfgg/gkzb/202512/t20251201_25822200.htm","2025-12-01","中国政府采购网","广东"
"49","2026年度广东省惠州监狱（广东省广裕集团惠州实业有限公司）服务外包项目结果公告","http://www.ccgp.gov.cn/cggg/dfgg/zbgg/202512/t20251201_25821819.htm","2025-12-01","中国政府采购网","广东"
"50","广东税务2025年金税三期社保费标准版系统本地功能优化和业务运营服务项目招标公告","http://www.ccgp.gov.cn/cggg/zygg/gkzb/202512/t20251201_25821311.htm","2025-12-01","中国政府采购网","广东"
"51","广东省市场监管局粤标准系统开发及运维服务（2025年）招标公告","http://www.ccgp.gov.cn/cggg/dfgg/gkzb/202512/t20251201_25821395.htm","2025-12-01","中国政府采购网","广东"
"52","广东省中医院信息化设备采购项目结果公告","http://www.ccgp.gov.cn/cggg/dfgg/zbgg/202512/t20251201_25821218.htm","2025-12-01","中国政府采购网","广东"
"53","广东省梅州监狱迁建项目配套医院医疗设备购置项目（重招）结果更正公告（第一次）","http://www.ccgp.gov.cn/cggg/dfgg/gzgg/202512/t20251201_25820834.htm","2025-12-01","中国政府采购网","广东"
"54","国家知识产权局专利局专利审查协作广东中心打印租赁服务采购项目中标结果公告","http://www.ccgp.gov.cn/cggg/zygg/zbgg/202512/t20251201_25820638.htm","2025-12-01","中国政府采购网","广东"
"55","广东科学中心饭堂食材配送服务项目结果公告","http://www.ccgp.gov.cn/cggg/dfgg/zbgg/202512/t20251201_25820642.htm","2025-12-01","中国政府采购网","广东"
"56","广东药科大学生科院实验教学设备采购项目结果公告","http://www.ccgp.gov.cn/cggg/dfgg/zbgg/202512/t20251201_25820321.htm","2025-12-01","中国政府采购网","广东"
"57","广东省自然灾害应急能力提升工程预警指挥项目补充建设项目(湛江市)结果公告","http://www.ccgp.gov.cn/cggg/dfgg/zbgg/202512/t20251201_25820316.htm","2025-12-01","中国政府采购网","广东"
"58","广东省海洋综合执法指挥系统基础设施租赁服务（2025年）项目结果公告","http://www.ccgp.gov.cn/cggg/dfgg/cjgg/202512/t20251201_25820169.htm","2025-12-01","中国政府采购网","广东"
"59","广东省机械技师学院南海校区摄影实训设备采购项目招标公告","http://www.ccgp.gov.cn/cggg/dfgg/gkzb/202512/t20251201_25819518.htm","2025-12-01","中国政府采购网","广东"
"60","广东药科大学生科院微生物与细胞培养仪器采购项目结果公告","http://www.ccgp.gov.cn/cggg/dfgg/zbgg/202512/t20251201_25818038.htm","2025-12-01","中国政府采购网","广东"
"61","广东药科大学公卫学院物理病理教学实验设备采购项目结果公告","http://www.ccgp.gov.cn/cggg/dfgg/zbgg/202512/t20251201_25817997.htm","2025-12-01","中国政府采购网","广东"
"62","中国人民政治协商会议广东省委员会办公厅广东政协官网官微及广东文史网运营（2026年）项目采购实行单一来源采购方式的公示","http://www.ccgp.gov.cn/cggg/dfgg/dylygg/202512/t20251201_25817323.htm","2025-12-01","中国政府采购网","广东"
"63","广东省机械技师学院南海校区校园教学综合管理平台项目招标公告","http://www.ccgp.gov.cn/cggg/dfgg/gkzb/202512/t20251201_25816849.htm","2025-12-01","中国政府采购网","广东"
"64","广东省机械技师学院南海校区图书馆设备新增采购项目招标公告","http://www.ccgp.gov.cn/cggg/dfgg/gkzb/202512/t20251201_25816091.htm","2025-12-01","中国政府采购网","广东"
"65","广东省深圳市大鹏新区消防救援大队2025年政府专职消防队员人身意外伤亡保险服务采购项目的遴选公告","http://www.ccgp.gov.cn/cggg/zygg/qtgg/202512/t20251201_25815708.htm","2025-12-01","中国政府采购网","广东"
"66","广东省深圳市光明区消防救援大队2025年战勤保障洗涤中心设备采购项目成交结果公告","http://www.ccgp.gov.cn/cggg/zygg/cjgg/202512/t20251201_25815478.htm","2025-12-01","中国政府采购网","广东"
"67","三峡云平台运维服务设计方案咨询项目中标公示","http://www.ccgp.gov.cn/cggg/dfgg/zbgg/202512/t20251201_25824897.htm","2025-12-01","中国政府采购网","云"
"68","深圳市公安局龙岗分局2025年辅警云终端综合通信服务中标公告","http://www.ccgp.gov.cn/cggg/dfgg/zbgg/202512/t20251201_25824731.htm","2025-12-01","中国政府采购网","云"
"69","云之龙咨询集团有限公司关于1.5T医用磁共振成像系统采购（重2）YLZC2025-G1-990334-YZLZ 中标结果公告","http://www.ccgp.gov.cn/cggg/dfgg/zbgg/202512/t20251201_25824342.htm","2025-12-01","中国政府采购网","云"
"70","山西能源学院 2026 年万方数据知识服务云平台续订项目单一来源公示","http://www.ccgp.gov.cn/cggg/dfgg/dylygg/202512/t20251201_25824106.htm","2025-12-01","中国政府采购网","云"
"71","云之龙咨询集团有限公司关于2025 年中央财政林业草原生态保护恢复资金一广西山口红树林国际重要湿地保护与恢复项目-生境修复治理及项目管理成效监测（GXZC2025-C3-003224-YZLZ）更正公告（四）","http://www.ccgp.gov.cn/cggg/dfgg/gzgg/202512/t20251201_25824017.htm","2025-12-01","中国政府采购网","云"
"72","天津市数据发展中心机关 天津市数据发展中心-天津市电子政务外网、一期云等软硬件维保项目 (项目编号:TGPC-2025-D-1136)中标公告","http://www.ccgp.gov.cn/cggg/dfgg/zbgg/202512/t20251201_25823765.htm","2025-12-01","中国政府采购网","云"
"73","云之龙咨询集团有限公司关于区直在邕离休干部智慧应急服务GXZC2025-C3-003712-YZLZ竞争性磋商公告","http://www.ccgp.gov.cn/cggg/dfgg/jzxcs/202512/t20251201_25823732.htm","2025-12-01","中国政府采购网","云"
"74","四川省公安厅交通管理总队云哨语音外呼线路租赁服务(二次)招标公告","http://www.ccgp.gov.cn/cggg/dfgg/gkzb/202512/t20251201_25823441.htm","2025-12-01","中国政府采购网","云"
"75","北京科技大学共青团“第二课堂成绩单”网络管理系统云存储产品及服务项目公开招标公告","http://www.ccgp.gov.cn/cggg/zygg/gkzb/202512/t20251201_25823314.htm","2025-12-01","中国政府采购网","云"
"76","云之龙咨询集团有限公司关于龙胜各族自治县人民医院医用织物洗涤服务采购（重）（项目编号：GLZC2025-C3-280069-YZLZ）竞争性磋商公告","http://www.ccgp.gov.cn/cggg/dfgg/jzxcs/202512/t20251201_25823215.htm","2025-12-01","中国政府采购网","云"
"77","江津区中医院云桌面服务项目(JJQ25C00088)公开招标公告","http://www.ccgp.gov.cn/cggg/dfgg/gkzb/202512/t20251201_25823203.htm","2025-12-01","中国政府采购网","云"
"78","玉溪教育云平台（数字教育）支撑提升新高考课堂教学过程性评价与智能诊断系统采购项目中标公告","http://www.ccgp.gov.cn/cggg/dfgg/zbgg/202512/t20251201_25823057.htm","2025-12-01","中国政府采购网","云"
"79","大同市云冈区自然资源局竞争性磋商云冈区水资源基础调查项目结果公告","http://www.ccgp.gov.cn/cggg/dfgg/zbgg/202512/t20251201_25823086.htm","2025-12-01","中国政府采购网","云"
"80","云之龙咨询集团有限公司关于平乐镇长旺村稻谷烘干一体化设施项目（设备采购）YLZC2025-J1-220292-YZLZ 的更正公告","http://www.ccgp.gov.cn/cggg/dfgg/gzgg/202512/t20251201_25823031.htm","2025-12-01","中国政府采购网","云"
"81","2026年青云店镇村庄环境提升项目竞争性磋商公告","http://www.ccgp.gov.cn/cggg/dfgg/jzxcs/202512/t20251201_25822943.htm","2025-12-01","中国政府采购网","云"
"82","云之龙咨询集团有限公司关于法医病理鉴定、法医临床鉴定、法医毒物鉴定服务采购项目的更正公告","http://www.ccgp.gov.cn/cggg/dfgg/gzgg/202512/t20251201_25822817.htm","2025-12-01","中国政府采购网","云"
"83","云之龙咨询集团有限公司关于扶绥县监管场所2025-2027年在押人员食材配送服务采购的竞争性磋商公告","http://www.ccgp.gov.cn/cggg/dfgg/jzxcs/202512/t20251201_25822716.htm","2025-12-01","中国政府采购网","云"
"84","云之龙咨询集团有限公司 广西弄岗国家级自然保护区宣传教育设施设备维护与购置项目(项目编号：CZZC2025-C2-990251-YZLZ) 竞争性磋商公告","http://www.ccgp.gov.cn/cggg/dfgg/jzxcs/202512/t20251201_25822690.htm","2025-12-01","中国政府采购网","云"
"85","云之龙咨询集团有限公司关于广西胸科医院中西医协同“旗舰”科室建设及传染病专科示范基地项目（GXZC2025-J2-003716-YZLZ）竞争性谈判公告","http://www.ccgp.gov.cn/cggg/dfgg/jzxtpgg/202512/t20251201_25822680.htm","2025-12-01","中国政府采购网","云"
"86","云州区全区文物保护规划项目竞争性磋商结果公告","http://www.ccgp.gov.cn/cggg/dfgg/zbgg/202512/t20251201_25822670.htm","2025-12-01","中国政府采购网","云"
"87","左云经济技术开发区基础设施建设项目新建工程（经三路、南纬二路支线和南纬一路）林地、草地报批技术咨询服务项目的采购公告","http://www.ccgp.gov.cn/cggg/dfgg/jzxcs/202512/t20251201_25822652.htm","2025-12-01","中国政府采购网","云"
"88","2026年度连云区主要道路及游园绿地养护服务（专门面向中小企业）采购公告","http://www.ccgp.gov.cn/cggg/dfgg/jzxcs/202512/t20251201_25822400.htm","2025-12-01","中国政府采购网","云"
"89","灌云县2025年度省级水利发展资金水利工程维修养护项目(专门面向中小企业)采购公告","http://www.ccgp.gov.cn/cggg/dfgg/jzxcs/202512/t20251201_25822470.htm","2025-12-01","中国政府采购网","云"
"90","云之龙咨询集团有限公司 梧州市心电诊断中心心电图机采购（WZZC2025-G1-990313-YZLZ） 公开招标公告（远程异地评标）","http://www.ccgp.gov.cn/cggg/dfgg/gkzb/202512/t20251201_25822447.htm","2025-12-01","中国政府采购网","云"
"91","花果山大道振云社区段沿街环境整治工程成交公告","http://www.ccgp.gov.cn/cggg/dfgg/cjgg/202512/t20251201_25822422.htm","2025-12-01","中国政府采购网","云"
"92","大城职教中心微机室设备（云桌面）及实训软件采购及安装竞争性谈判公告","http://www.ccgp.gov.cn/cggg/dfgg/jzxtpgg/202512/t20251201_25821889.htm","2025-12-01","中国政府采购网","云"
"93","唐山市第二医院新建骨科大楼云桌面采购项目（双盲评审）废标公告","http://www.ccgp.gov.cn/cggg/dfgg/qtgg/202512/t20251201_25821966.htm","2025-12-01","中国政府采购网","云"
"94","政法系统应用平台（云资源服务）项目单一来源公告","http://www.ccgp.gov.cn/cggg/dfgg/gkzb/202512/t20251201_25821731.htm","2025-12-01","中国政府采购网","云"
"95","国家卫生健康委妇幼健康中心2026年度云服务租赁项目公开招标公告","http://www.ccgp.gov.cn/cggg/zygg/gkzb/202512/t20251201_25821245.htm","2025-12-01","中国政府采购网","云"
"96","赤峰市公共资源交易中心政府采购远程异地评审资料云存储中标（成交）结果公告","http://www.ccgp.gov.cn/cggg/dfgg/cjgg/202512/t20251201_25821258.htm","2025-12-01","中国政府采购网","云"
"97","云之龙咨询集团有限公司广西壮族自治区安全生产资格考试服务采购（GXZC2025-G3-003163-YZLZ）中标公告","http://www.ccgp.gov.cn/cggg/dfgg/zbgg/202512/t20251201_25821060.htm","2025-12-01","中国政府采购网","云"
"98","绵阳市涪城区科学技术协会绵阳市涪城区天府科技云服务中心运营项目竞争性磋商公告","http://www.ccgp.gov.cn/cggg/dfgg/jzxcs/202512/t20251201_25821011.htm","2025-12-01","中国政府采购网","云"
"99","［江西省公共资源交易平台］江西合胜合招标咨询有限公司关于江西工业贸易职业技术学院网络安全云防护服务外包项目（项目编号：HSH2025C119）竞争性磋商成交公告","http://www.ccgp.gov.cn/cggg/dfgg/zbgg/202512/t20251201_25820967.htm","2025-12-01","中国政府采购网","云"
"100","云之龙咨询集团有限公司NNZC2025-C3-991372-YZLZ 出租交通行业服务质量第三方考核竞争性磋商公告","http://www.ccgp.gov.cn/cggg/dfgg/jzxcs/202512/t20251201_25820861.htm","2025-12-01","中国政府采购网","云"
"101","数字喀斯特时空AI云平台采购项目竞争性谈判公告","http://www.ccgp.gov.cn/cggg/dfgg/jzxtpgg/202512/t20251201_25820846.htm","2025-12-01","中国政府采购网","云"
"102","云之龙咨询集团有限公司关于崇左市人民医院2025空调通风系统及家电维保维修服务采购的更正公告（一）","http://www.ccgp.gov.cn/cggg/dfgg/gzgg/202512/t20251201_25820505.htm","2025-12-01","中国政府采购网","云"
"103","云之龙咨询集团有限公司关于2025年玉林市医保支付方式改革基金结算购买服务YLZC2025-C3-990418-YZLZ成交结果公告","http://www.ccgp.gov.cn/cggg/dfgg/cjgg/202512/t20251201_25820477.htm","2025-12-01","中国政府采购网","云"
"104","甘肃省小陇山林业保护中心云坪林场2024年度森林可持续经营试点示范林建设中标（成交）结果公告","http://www.ccgp.gov.cn/cggg/dfgg/zbgg/202512/t20251201_25820288.htm","2025-12-01","中国政府采购网","云"
"105","中央广播电视总台“央视频”5G新媒体平台公有云服务采购项目中标公告","http://www.ccgp.gov.cn/cggg/zygg/zbgg/202512/t20251201_25820231.htm","2025-12-01","中国政府采购网","云"
"106","中央民族大学数字内容 AI 服务云平台建设竞争性磋商","http://www.ccgp.gov.cn/cggg/zygg/jzxcs/202512/t20251201_25820064.htm","2025-12-01","中国政府采购网","云"
"107","西安建筑科技大学国研网统计数据库、爱如生中国基本古籍库、百链云图书馆、百度文库等数据库采购项目采购实行单一来源采购方式的公示","http://www.ccgp.gov.cn/cggg/dfgg/dylygg/202512/t20251201_25819930.htm","2025-12-01","中国政府采购网","云"
"108","灌云县森林火灾智能监测预警系统提升项目采购公告","http://www.ccgp.gov.cn/cggg/dfgg/jzxcs/202512/t20251201_25819837.htm","2025-12-01","中国政府采购网","云"
"109","云之龙咨询集团有限公司梧州职业学院校园网络升级改造设备采购（WZZC2025-J1-990309-YZLZ）成交公告","http://www.ccgp.gov.cn/cggg/dfgg/cjgg/202512/t20251201_25819741.htm","2025-12-01","中国政府采购网","云"
"110","云之龙咨询集团有限公司关于龙胜各族自治县人民医院医用织物洗涤服务采购（GLZC2025-C3-280066-YZLZ）终止公告","http://www.ccgp.gov.cn/cggg/dfgg/qtgg/202512/t20251201_25819761.htm","2025-12-01","中国政府采购网","云"
"111","中国传媒大学中传APP公有云资源租用项目竞争性磋商公告","http://www.ccgp.gov.cn/cggg/zygg/jzxcs/202512/t20251201_25819648.htm","2025-12-01","中国政府采购网","云"
"112","云南业邦招标咨询有限公司关于云县第一完全中学改善普通高中办学条件实验仪器采购项目的更正公告","http://www.ccgp.gov.cn/cggg/dfgg/gzgg/202512/t20251201_25819679.htm","2025-12-01","中国政府采购网","云"
"113","云之龙咨询集团有限公司医院治安管理服务项目（GXZC2025-G3-003447-YZLZ）招标公告","http://www.ccgp.gov.cn/cggg/dfgg/gkzb/202512/t20251201_25819630.htm","2025-12-01","中国政府采购网","云"
"114","2025年商务厅上云业务系统云安全产品项目（二次）公开招标公告","http://www.ccgp.gov.cn/cggg/dfgg/gkzb/202512/t20251201_25819581.htm","2025-12-01","中国政府采购网","云"
"115","太原市小店区人民政府办公室公开招标2026年-2028年区政府网络专线租用服务的采购公告","http://www.ccgp.gov.cn/cggg/dfgg/gkzb/202511/t20251130_25814927.htm","2025-11-30","中国政府采购网","专线"
"116","和顺县电子政务外网（13710专线）网络服务项目的采购公告","http://www.ccgp.gov.cn/cggg/dfgg/jzxcs/202511/t20251130_25814880.htm","2025-11-30","中国政府采购网","专线"
"117","广东省农业质量安全检测中心项目仪器设备采购结果公告","http://www.ccgp.gov.cn/cggg/dfgg/zbgg/202511/t20251130_25814890.htm","2025-11-30","中国政府采购网","广东"
"118","黄浦区广东路192-246号上海文物商店房屋修缮改造工程的中标（成交）结果公告","http://www.ccgp.gov.cn/cggg/dfgg/zbgg/202511/t20251129_25811737.htm","2025-11-29","中国政府采购网","广东"
"119","滁州职业技术学院私有云平台项目更正公告2","http://www.ccgp.gov.cn/cggg/dfgg/gzgg/202511/t20251129_25811577.htm","2025-11-29","中国政府采购网","私有云"
"120","市政务服务和数据管理局市电子政务云计算中心租用服务（2025-2026年）项目招标公告","http://www.ccgp.gov.cn/cggg/dfgg/gkzb/202511/t20251128_25818632.htm","2025-11-28","中国政府采购网","政务云"
"121","天津市疾病预防控制中心-天津市传染病监测预警与应急指挥信息平台（一期）政务云资源服务项目 (项目编号:TGPC-2025-D-1275)公开招标公告","http://www.ccgp.gov.cn/cggg/dfgg/gkzb/202511/t20251128_25805363.htm","2025-11-28","中国政府采购网","政务云"
"122","福建省市场监督管理局行政服务中心电子政务云平台资源暨增值云运维服务公开招标招标公告","http://www.ccgp.gov.cn/cggg/dfgg/gkzb/202511/t20251128_25802138.htm","2025-11-28","中国政府采购网","政务云"
"123","2025-2026年度通州区政务云服务-B区公开招标公告","http://www.ccgp.gov.cn/cggg/dfgg/gkzb/202511/t20251128_25801907.htm","2025-11-28","中国政府采购网","政务云"
"124","2025-2026年度通州区政务云服务-A区公开招标公告","http://www.ccgp.gov.cn/cggg/dfgg/gkzb/202511/t20251128_25801906.htm","2025-11-28","中国政府采购网","政务云"
"125","浙江同济工程管理有限公司关于2025（2025-2026）上虞教体局政务云资源租赁项目中标(成交)结果公告","http://www.ccgp.gov.cn/cggg/dfgg/zbgg/202511/t20251128_25801439.htm","2025-11-28","中国政府采购网","政务云"
"126","准格尔旗行政审批政务服务与数据管理局政务云信创升级扩容改造项目中标（成交）结果公告","http://www.ccgp.gov.cn/cggg/dfgg/zbgg/202511/t20251128_25801300.htm","2025-11-28","中国政府采购网","政务云"
"127","通辽市大数据中心通辽政务云服务采购项目招标公告","http://www.ccgp.gov.cn/cggg/dfgg/gkzb/202511/t20251128_25800486.htm","2025-11-28","中国政府采购网","政务云"
"128","北京市医疗保障局大数据中心2025年基于医疗数据的应用场景分析系统政务云服务中标结果公告","http://www.ccgp.gov.cn/cggg/dfgg/zbgg/202511/t20251128_25800340.htm","2025-11-28","中国政府采购网","政务云"
"129","泉州市级电子政务云资源服务采购项目公开招标招标公告","http://www.ccgp.gov.cn/cggg/dfgg/gkzb/202511/t20251128_25798312.htm","2025-11-28","中国政府采购网","政务云"
"130","［江西省公共资源交易平台］江西省百巨招标咨询有限公司关于省级电子政务云平台互联网应用区2023年度扩容子项目监理服务包（招标编号：JXBJ25121368201）电子化公开招标中标公告","http://www.ccgp.gov.cn/cggg/dfgg/zbgg/202511/t20251128_25798045.htm","2025-11-28","中国政府采购网","政务云"
"131","［江西省公共资源交易平台］江西省百巨招标咨询有限公司关于省级电子政务云平台政务外网应用区2023年度扩容子项目安全服务包（招标编号：JXBJ25121368301）电子化公开招标中标公告","http://www.ccgp.gov.cn/cggg/dfgg/zbgg/202511/t20251128_25798047.htm","2025-11-28","中国政府采购网","政务云"
"132","［江西省公共资源交易平台］江西省百巨招标咨询有限公司关于省级电子政务云平台互联网应用区2023年度扩容子项目安全服务包（招标编号：JXBJ25121368401）电子化公开招标中标公告","http://www.ccgp.gov.cn/cggg/dfgg/zbgg/202511/t20251128_25798073.htm","2025-11-28","中国政府采购网","政务云"
"133","［江西省公共资源交易平台］江西省百巨招标咨询有限公司关于省级电子政务云平台政务外网应用区2023年度扩容子项目监理服务包（招标编号：JXBJ25121368101）电子化公开招标中标公告","http://www.ccgp.gov.cn/cggg/dfgg/zbgg/202511/t20251128_25798043.htm","2025-11-28","中国政府采购网","政务云"
"134","黑龙江省营商环境建设监督局省级政务云异地灾备服务项目结果公告","http://www.ccgp.gov.cn/cggg/dfgg/qtgg/202511/t20251128_25794369.htm","2025-11-28","中国政府采购网","政务云"
"135","［江西省公共资源交易平台］省级电子政务云平台政务外网应用区2023年度扩容子项目（项目编号：JXTC2025040639）结果公示","http://www.ccgp.gov.cn/cggg/dfgg/zbgg/202511/t20251128_25794071.htm","2025-11-28","中国政府采购网","政务云"
"136","［江西省公共资源交易平台］省级电子政务云平台互联网应用区2023年度扩容子项目（项目编号：JXTC2025040640）结果公示","http://www.ccgp.gov.cn/cggg/dfgg/zbgg/202511/t20251128_25794096.htm","2025-11-28","中国政府采购网","政务云"
"137","绍兴衡业工程管理咨询有限公司关于绍兴市数据局2025年电子政务网络出口及专线项目的公开招标公告","http://www.ccgp.gov.cn/cggg/dfgg/gkzb/202511/t20251128_25802850.htm","2025-11-28","中国政府采购网","专线"
"138","广西壮族自治区政府采购中心关于中国教育和科研计算机网光纤专线租赁服务（GXZC2025-D3-003625-CGZX）成交结果公告","http://www.ccgp.gov.cn/cggg/dfgg/cjgg/202511/t20251128_25801873.htm","2025-11-28","中国政府采购网","专线"
"139","自然资源部南通海洋中心（自然资源部南通海洋预报台）网络专线服务采购项目中标公告","http://www.ccgp.gov.cn/cggg/zygg/zbgg/202511/t20251128_25801458.htm","2025-11-28","中国政府采购网","专线"
"140","［江西省公共资源交易平台］江西省机电设备招标有限公司关于江西外语外贸职业学院2025年度国际出口专线服务（项目编号：JXTC2025200366）竞争性磋商结果公告","http://www.ccgp.gov.cn/cggg/dfgg/zbgg/202511/t20251128_25801709.htm","2025-11-28","中国政府采购网","专线"
"141","西安医学院教育网专线接入服务中标（成交）结果公告","http://www.ccgp.gov.cn/cggg/dfgg/cjgg/202511/t20251128_25801399.htm","2025-11-28","中国政府采购网","专线"
"142","锦州市数据中心网络通信管理专线租赁项目（第二次）竞争性磋商公告","http://www.ccgp.gov.cn/cggg/dfgg/jzxcs/202511/t20251128_25799185.htm","2025-11-28","中国政府采购网","专线"
"143","曾都区北郊卫生院曾都经济开发区分院项目精神卫生中心电脑、打印机及网络专线购置第三次终止公告","http://www.ccgp.gov.cn/cggg/dfgg/qtgg/202511/t20251128_25797125.htm","2025-11-28","中国政府采购网","专线"
"144","锦州市数据中心网络通信管理专线租赁项目结果公告","http://www.ccgp.gov.cn/cggg/dfgg/cjgg/202511/t20251128_25794985.htm","2025-11-28","中国政府采购网","专线"
"145","红绿灯卡口通信网络专线租赁项目的更正公告","http://www.ccgp.gov.cn/cggg/dfgg/gzgg/202511/t20251128_25792251.htm","2025-11-28","中国政府采购网","专线"
"146","广东省消防救援总队特勤大队卫星设备维修升级项目遴选公告","http://www.ccgp.gov.cn/cggg/zygg/qtgg/202511/t20251128_25806484.htm","2025-11-28","中国政府采购网","广东"
"147","广东省中医院贵州医院医疗设备更新项目（第三批）公开招标公告","http://www.ccgp.gov.cn/cggg/dfgg/gkzb/202511/t20251128_25806167.htm","2025-11-28","中国政府采购网","广东"
"148","广东省惠州市大亚湾经济技术开发区消防救援大队2024年度中心区特勤消防站及石化园区消防配套项目（设备采购）中标公告","http://www.ccgp.gov.cn/cggg/zygg/zbgg/202511/t20251128_25805959.htm","2025-11-28","中国政府采购网","广东"
"149","广东省疾病预防控制中心显微镜（系统）采购项目结果公告","http://www.ccgp.gov.cn/cggg/dfgg/zbgg/202511/t20251128_25805709.htm","2025-11-28","中国政府采购网","广东"
"150","广东省疾病预防控制中心显微镜（系统）采购项目采购包2失败公告","http://www.ccgp.gov.cn/cggg/dfgg/qtgg/202511/t20251128_25805685.htm","2025-11-28","中国政府采购网","广东"
"151","广东省消防救援总队直属单位2025年专业队装备采购项目更正公告","http://www.ccgp.gov.cn/cggg/zygg/gzgg/202511/t20251128_25805463.htm","2025-11-28","中国政府采购网","广东"
"152","广东省工伤康复中心医用耗材（医用气体）采购项目招标公告","http://www.ccgp.gov.cn/cggg/dfgg/gkzb/202511/t20251128_25805180.htm","2025-11-28","中国政府采购网","广东"
"153","广东省深圳市消防救援支队宝安等3个大队应急通信装备更新采购项目的遴选公告","http://www.ccgp.gov.cn/cggg/zygg/qtgg/202511/t20251128_25805075.htm","2025-11-28","中国政府采购网","广东"
"154","广东省“十五五”国家下放水站运维项目招标公告","http://www.ccgp.gov.cn/cggg/dfgg/gkzb/202511/t20251128_25804965.htm","2025-11-28","中国政府采购网","广东"
"155","广东交通职业技术学院沥青摊铺机、压路机设备更新项目结果公告","http://www.ccgp.gov.cn/cggg/dfgg/zbgg/202511/t20251128_25804902.htm","2025-11-28","中国政府采购网","广东"
"156","中国救援广东机动专业支队洗涤室、场库室改造项目遴选公告","http://www.ccgp.gov.cn/cggg/zygg/qtgg/202511/t20251128_25804783.htm","2025-11-28","中国政府采购网","广东"
"157","广东省审计厅审计档案数字化加工和审计档案整理服务（2026年）竞争性磋商公告","http://www.ccgp.gov.cn/cggg/dfgg/jzxcs/202511/t20251128_25804864.htm","2025-11-28","中国政府采购网","广东"
"158","广东省第二人民医院“产前诊断检测服务”采购项目失败公告","http://www.ccgp.gov.cn/cggg/dfgg/qtgg/202511/t20251128_25803782.htm","2025-11-28","中国政府采购网","广东"
"159","广东省第二人民医院（民航院区）学生集体宿舍租赁项目失败公告","http://www.ccgp.gov.cn/cggg/dfgg/qtgg/202511/t20251128_25803826.htm","2025-11-28","中国政府采购网","广东"
"160","“广东省畜禽现代种业产业园-畜禽种业高效繁育社会化服务建设项目-高校地方联合育种功能性服务平台建设项目”采购项目结果公告","http://www.ccgp.gov.cn/cggg/dfgg/qtgg/202511/t20251128_25803823.htm","2025-11-28","中国政府采购网","广东"
"161","“广东省畜禽现代种业产业园-畜禽种业高效繁育社会化服务建设项目-高校地方联合育种功能性服务平台建设项目”采购项目结果公告","http://www.ccgp.gov.cn/cggg/dfgg/qtgg/202511/t20251128_25803736.htm","2025-11-28","中国政府采购网","广东"
"162","教育部学位与研究生教育发展中心私有云平台扩容服务器采购项目招标公告","http://www.ccgp.gov.cn/cggg/zygg/gkzb/202511/t20251128_25801235.htm","2025-11-28","中国政府采购网","私有云"
"163","市政务服务和数据管理局政务云设备托管和运维服务（2025-2026年）项目招标公告","http://www.ccgp.gov.cn/cggg/dfgg/gkzb/202511/t20251127_25800995.htm","2025-11-27","中国政府采购网","政务云"
"164","2025年合肥高新区政务云服务第3包项目成交结果公告[2025]","http://www.ccgp.gov.cn/cggg/dfgg/cjgg/202511/t20251127_25782072.htm","2025-11-27","中国政府采购网","政务云"
"165","2025年合肥高新区政务云服务第2包项目成交结果公告[2025]","http://www.ccgp.gov.cn/cggg/dfgg/cjgg/202511/t20251127_25782097.htm","2025-11-27","中国政府采购网","政务云"
"166","2025年合肥高新区政务云服务第1包项目成交结果公告[2025]","http://www.ccgp.gov.cn/cggg/dfgg/cjgg/202511/t20251127_25782134.htm","2025-11-27","中国政府采购网","政务云"
"167","龙港市政务服务中心关于2025年龙港市政务云服务采购项目的公开招标公告","http://www.ccgp.gov.cn/cggg/dfgg/gkzb/202511/t20251127_25779710.htm","2025-11-27","中国政府采购网","政务云"
"168","晋中市数字政府服务中心2025年-2028年晋中市政务云服务采购项目结果公告","http://www.ccgp.gov.cn/cggg/dfgg/zbgg/202511/t20251127_25778613.htm","2025-11-27","中国政府采购网","政务云"
"169","青岛市崂山区电子政务和大数据中心政务云运维质量考核评估服务项目成交公告","http://www.ccgp.gov.cn/cggg/dfgg/cjgg/202511/t20251127_25777942.htm","2025-11-27","中国政府采购网","政务云"
"170","北京市政务云算扩容项目监理服务中标公告","http://www.ccgp.gov.cn/cggg/dfgg/zbgg/202511/t20251127_25777664.htm","2025-11-27","中国政府采购网","政务云"
"171","辽宁省数据中心辽宁省政务云滑翔节点运维服务采购招标公告(JH25-210000-64607(LNZC2025-0459))","http://www.ccgp.gov.cn/cggg/dfgg/gkzb/202511/t20251127_25776977.htm","2025-11-27","中国政府采购网","政务云"
"172","济南新旧动能转换起步区管理委员会数字城市部2025年济南起步区政务云服务项目废标公告","http://www.ccgp.gov.cn/cggg/dfgg/qtgg/202511/t20251127_25776096.htm","2025-11-27","中国政府采购网","政务云"
"173","滦平县教育和体育局本级桌面云专线服务和托管服务采购竞争性磋商中标公告","http://www.ccgp.gov.cn/cggg/dfgg/zbgg/202511/t20251127_25781356.htm","2025-11-27","中国政府采购网","专线"
"174","绵阳市中心医院互联网专线及通信视频等服务中标（成交）结果公告","http://www.ccgp.gov.cn/cggg/dfgg/cjgg/202511/t20251127_25781294.htm","2025-11-27","中国政府采购网","专线"
"175","中华人民共和国南京港出入境边防检查站数据专线租赁采购项目更正公告","http://www.ccgp.gov.cn/cggg/zygg/gzgg/202511/t20251127_25780942.htm","2025-11-27","中国政府采购网","专线"
"176","汾阳市公安局交通警察大队竞争性磋商红绿灯卡口通信网络专线租赁项目的采购公告","http://www.ccgp.gov.cn/cggg/dfgg/jzxcs/202511/t20251127_25781060.htm","2025-11-27","中国政府采购网","专线"
"177","2026年上海市地震局佘山站地震监测台线路租赁（32条MSTP/SDH专线）成交公告","http://www.ccgp.gov.cn/cggg/zygg/cjgg/202511/t20251127_25780754.htm","2025-11-27","中国政府采购网","专线"
"178","2026年上海市地震局佘山站地震监测台线路租赁（24条MSTP/SDH专线）成交公告","http://www.ccgp.gov.cn/cggg/zygg/cjgg/202511/t20251127_25780758.htm","2025-11-27","中国政府采购网","专线"
"179","陇县财政局内网专线安全运维服务项目竞争性磋商公告","http://www.ccgp.gov.cn/cggg/dfgg/jzxcs/202511/t20251127_25780195.htm","2025-11-27","中国政府采购网","专线"
"180","长江航运公安局专线租赁服务项目(第二次）竞争性磋商成交公告","http://www.ccgp.gov.cn/cggg/zygg/cjgg/202511/t20251127_25779496.htm","2025-11-27","中国政府采购网","专线"
"181","反诈中心专线设备采购（货物）的中标（成交）结果公告","http://www.ccgp.gov.cn/cggg/dfgg/zbgg/202511/t20251127_25778741.htm","2025-11-27","中国政府采购网","专线"
"182","永宁县智慧城市运营中心永宁县电子政务外网运维专线服务项目更正事项公告(一次)","http://www.ccgp.gov.cn/cggg/dfgg/gzgg/202511/t20251127_25777101.htm","2025-11-27","中国政府采购网","专线"
"183","永宁县智慧城市运营中心永宁县电子政务外网运维专线服务项目更正事项公告(一次)","http://www.ccgp.gov.cn/cggg/dfgg/gzgg/202511/t20251127_25777120.htm","2025-11-27","中国政府采购网","专线"
"184","东南大学无锡校区互联网出口及南京电路专线服务项目中标公告","http://www.ccgp.gov.cn/cggg/zygg/zbgg/202511/t20251127_25776444.htm","2025-11-27","中国政府采购网","专线"
"185","天津市血液中心私有云安全服务项目 (项目编号:TGPC-2025-D-1260)公开招标公告","http://www.ccgp.gov.cn/cggg/dfgg/gkzb/202511/t20251127_25784139.htm","2025-11-27","中国政府采购网","私有云"
"186","旬阳市中医医院私有云桌面项目竞争性磋商公告","http://www.ccgp.gov.cn/cggg/dfgg/jzxcs/202511/t20251127_25781483.htm","2025-11-27","中国政府采购网","私有云"
"187","佛山市信息网络中心佛山市电子政务云管理平台改造项目（系统开发服务）结果公告","http://www.ccgp.gov.cn/cggg/dfgg/cjgg/202511/t20251126_25773724.htm","2025-11-26","中国政府采购网","政务云"
"188","揭阳市一体化政务云平台支撑和基础安全保障服务2025-2027年项目结果公告","http://www.ccgp.gov.cn/cggg/dfgg/zbgg/202511/t20251126_25773690.htm","2025-11-26","中国政府采购网","政务云"
"189","横琴粤澳深度合作区商事服务局关于合作区国产化政务云租赁服务（2025年）的采购项目中标结果公告","http://www.ccgp.gov.cn/cggg/dfgg/zbgg/202511/t20251126_25779369.htm","2025-11-26","中国政府采购网","政务云"
"190","卫辉市行政审批和政务信息管理局卫辉市2025年政务云服务采购项目-成交公告","http://www.ccgp.gov.cn/cggg/dfgg/cjgg/202511/t20251126_25770450.htm","2025-11-26","中国政府采购网","政务云"
"191","牡丹江市营商环境建设监督局牡丹江市政务云资源服务综合效能评估和12345热线服务绩效评估竞争性磋商公告","http://www.ccgp.gov.cn/cggg/dfgg/jzxcs/202511/t20251126_25769817.htm","2025-11-26","中国政府采购网","政务云"
"192","山东省滨州市大数据中心数字政府综合改革政务云网一体化提升项目中标公示","http://www.ccgp.gov.cn/cggg/dfgg/zbgg/202511/t20251126_25767019.htm","2025-11-26","中国政府采购网","政务云"
"193","北京市政务云算扩容项目开发集成与通用算力购置部分中标结果公告","http://www.ccgp.gov.cn/cggg/dfgg/zbgg/202511/t20251125_25765336.htm","2025-11-25","中国政府采购网","政务云"
"194","浙江省政府采购中心关于省数据局省本级政务云服务-云服务项目中标(成交)结果公告","http://www.ccgp.gov.cn/cggg/dfgg/zbgg/202511/t20251125_25762731.htm","2025-11-25","中国政府采购网","政务云"
"195","北京市政务服务中心2025年政务云服务采购项目中标结果公告","http://www.ccgp.gov.cn/cggg/dfgg/zbgg/202511/t20251125_25761960.htm","2025-11-25","中国政府采购网","政务云"
"196","西安高新技术产业开发区工业和信息化局西安高新区管委会2025年政务云平台维护项目竞争性磋商公告","http://www.ccgp.gov.cn/cggg/dfgg/jzxcs/202511/t20251125_25759368.htm","2025-11-25","中国政府采购网","政务云"
"197","新一代政务云（功能拓展和数据开发平台）（基础设施标段）维保中标公告","http://www.ccgp.gov.cn/cggg/dfgg/zbgg/202511/t20251125_25758751.htm","2025-11-25","中国政府采购网","政务云"
"198","济宁市政务云资源综合监管系统项目成交结果更正公告","http://www.ccgp.gov.cn/cggg/dfgg/gzgg/202511/t20251125_25757845.htm","2025-11-25","中国政府采购网","政务云"
"199","昆明王家营片区监管大楼海关用互联网专线服务采购（第二年）中标结果公告","http://www.ccgp.gov.cn/cggg/dfgg/zbgg/202511/t20251125_25766463.htm","2025-11-25","中国政府采购网","专线"
"200","生态环境部专线设备IPv6升级项目公开招标公告","http://www.ccgp.gov.cn/cggg/dfgg/gkzb/202511/t20251125_25765198.htm","2025-11-25","中国政府采购网","专线"
"201","同江市青龙山石场配电专线竞争性磋商公告","http://www.ccgp.gov.cn/cggg/dfgg/jzxcs/202511/t20251125_25762848.htm","2025-11-25","中国政府采购网","专线"
"202","西安工程大学教学楼空调供电专线工程资格预审公告","http://www.ccgp.gov.cn/cggg/dfgg/zgysgg/202511/t20251125_25762452.htm","2025-11-25","中国政府采购网","专线"
"203","鄂托克旗人民法院其他电信和信息传输服务（移动办公办案专线服务项目）竞争性磋商公告","http://www.ccgp.gov.cn/cggg/dfgg/jzxcs/202511/t20251125_25761888.htm","2025-11-25","中国政府采购网","专线"
"204","丹阳市人民医院高压配电房及10KV高压专线（双路）运维服务项目采购公告","http://www.ccgp.gov.cn/cggg/dfgg/jzxcs/202511/t20251125_25761361.htm","2025-11-25","中国政府采购网","专线"
"205","绛县公安局“雪亮”数据专线及机房托管采购项目公开招标采购公告","http://www.ccgp.gov.cn/cggg/dfgg/gkzb/202511/t20251125_25760265.htm","2025-11-25","中国政府采购网","专线"
"206","枣庄市消防救援支队租赁网络专线服务项目竞争性磋商公告","http://www.ccgp.gov.cn/cggg/zygg/jzxcs/202511/t20251125_25759139.htm","2025-11-25","中国政府采购网","专线"
"207","内蒙古自治区公安厅视频专线租赁服务项目招标公告","http://www.ccgp.gov.cn/cggg/dfgg/gkzb/202511/t20251125_25759125.htm","2025-11-25","中国政府采购网","专线"
"208","永宁县智慧城市运营中心永宁县电子政务外网运维专线服务项目招标公告","http://www.ccgp.gov.cn/cggg/dfgg/gkzb/202511/t20251125_25758650.htm","2025-11-25","中国政府采购网","专线"
"209","上海健康医学院中国教育和科研计算网互联网专线接入服务单一来源单一来源公示","http://www.ccgp.gov.cn/cggg/dfgg/dylygg/202511/t20251125_25758086.htm","2025-11-25","中国政府采购网","专线"
"210","涟源市教育局租用公有云电脑采购项目更正公告","http://www.ggzy.gov.cn/information/html/a/430000/0204/202511/24/00435618bcefd36e4f1783c6f3256fd00d56.shtml","2025-11-24","全国公共资源交易平台","公有云"
"211","涟源市教育局租用公有云电脑采购项目招标公告","http://www.ggzy.gov.cn/information/html/a/430000/0201/202511/19/0043e7fd3a938db94cd987717809f7f59238.shtml","2025-11-19","全国公共资源交易平台","公有云"
"212","浙江开放大学混合云安全服务项目公有云安全技术服务（重新招标）合同","http://www.ggzy.gov.cn/information/html/a/330000/0203/202511/19/00335737eb6b3fe24c27b7c49a55fd611cc3.shtml","2025-11-19","全国公共资源交易平台","公有云"
"213","永兴县义务教育学校学生电脑升级改造和公有云桌面租赁中标公示","http://www.ggzy.gov.cn/information/html/a/430000/0202/202511/11/00434eab3a7ea68c46e08224b3ea98584685.shtml","2025-11-11","全国公共资源交易平台","公有云"
"214","永兴县义务教育学校学生电脑升级改造和公有云桌面租赁中标公示","http://www.ggzy.gov.cn/information/html/a/430000/0202/202511/11/004304f17dcfe4f74e10bf0f2d1da4e1167c.shtml","2025-11-11","全国公共资源交易平台","公有云"
"215","新疆医科大学第一附属医院短信平台服务采购项目中标(成交)结果公告","http://www.ggzy.gov.cn/information/html/a/650000/0202/202512/01/00655c192f4c8e974dc687a28222060973ff.shtml","2025-12-01","全国公共资源交易平台","短信"
"216","渝中区公安分局购交通管理短信语音告知服务(YZQ25C00224)公开招标公告","http://www.ggzy.gov.cn/information/html/a/500000/0201/202511/27/0050e1c4b0a36fd943a0a2001a4d20a12148.shtml","2025-11-27","全国公共资源交易平台","短信"
"217","射洪市文化广播电视体育和旅游局天府旅游名县智慧旅游运维短信服务项目(二次)竞争性磋商公告","http://www.ggzy.gov.cn/information/html/a/510000/0201/202511/26/0051df27618425c543409fde75673c999b1d.shtml","2025-11-26","全国公共资源交易平台","短信"
"218","广西建设工程机电设备招标中心有限公司关于2025-2026年度南宁市办公OA运维与流量短信租用服务采购成交公告","http://www.ggzy.gov.cn/information/html/a/450000/0202/202511/25/004562ada387f0d74190a873ea1cbe452d5d.shtml","2025-11-25","全国公共资源交易平台","短信"
"219","广西建设工程机电设备招标中心有限公司关于2025-2026年度南宁市办公OA运维与流量短信租用服务采购成交公告","http://www.ggzy.gov.cn/information/html/a/450000/0202/202511/25/004509631f4f72e241a38d9ff32370ed4896.shtml","2025-11-25","全国公共资源交易平台","短信"
"220","国家税务总局浙江省税务局短信服务项目公开招标公告","http://www.ggzy.gov.cn/information/html/a/330000/0201/202511/25/003387a388f3bed74cc0a06ad4939a040ed4.shtml","2025-11-25","全国公共资源交易平台","短信"
"221","甘孜藏族自治州数据局平安甘孜集成平台短信服务采购项目中标（成交）结果公告","http://www.ggzy.gov.cn/information/html/a/510000/0202/202511/24/0051a07d689aa80f479e8e57e7134234c25e.shtml","2025-11-24","全国公共资源交易平台","短信"
"222","南通大学附属医院短信平台服务中标公告采购包1","http://www.ggzy.gov.cn/information/html/a/320000/0202/202511/24/0032e5e234ced28b4f89bb4b51faf8f0bd9e.shtml","2025-11-24","全国公共资源交易平台","短信"
"223","仁寿县司法局普法短信采购(二次)中标（成交）结果公告","http://www.ggzy.gov.cn/information/html/a/510000/0202/202511/21/0051af206b551b514bf88020b105d4f0061c.shtml","2025-11-21","全国公共资源交易平台","短信"
"224","2026年度城乡居民基本医保集中参保期参保短信推送服务","http://www.ggzy.gov.cn/information/html/a/510000/0203/202511/21/00517078fee4c0c941b985a569ede4753842.shtml","2025-11-21","全国公共资源交易平台","短信"
"225","2026年度城乡居民基本医保集中参保期参保短信推送服务","http://www.ggzy.gov.cn/information/html/a/510000/0203/202511/21/0051aca543b0022a4d3795e6fef9308a2f79.shtml","2025-11-21","全国公共资源交易平台","短信"
"226","城乡居民养老保险短信动账提醒项目（二次）合同","http://www.ggzy.gov.cn/information/html/a/650000/0203/202511/20/0065fa7a5730e30847249ea6f40e6501eebd.shtml","2025-11-20","全国公共资源交易平台","短信"
"227","内蒙古自治区大数据中心内蒙古自治区医疗保障网络与机房租赁项目（主用线路、备用线路及短信服务）中标（成交）结果公告.html","http://www.ggzy.gov.cn/information/html/a/150000/0202/202511/21/0015ad60b6cc69b04cac92c1948b7999423d.shtml","2025-11-19","全国公共资源交易平台","短信"
"228","辽宁省政务服务平台短信服务项目竞争性磋商公告","http://www.ggzy.gov.cn/information/html/a/210000/0201/202511/19/0021814a2a2419b946d7a6e9aec084fefb47.shtml","2025-11-19","全国公共资源交易平台","短信"
"229","南山区政务短信和人工智能外呼服务合同书","http://www.ggzy.gov.cn/information/html/a/440000/0203/202511/17/0044cb108c38652947d097d87f1d082f7b2f.shtml","2025-11-17","全国公共资源交易平台","短信"
"230","镇江市公安局短信服务四期采购公告","http://www.ggzy.gov.cn/information/html/a/320000/0201/202511/17/003212611f7ac0b0419a934d878a7d004a60.shtml","2025-11-17","全国公共资源交易平台","短信"
"231","瑞信国际项目管理有限公司关于新疆医科大学第一附属医院短信平台服务采购项目的更正公告","http://www.ggzy.gov.cn/information/html/a/650000/0204/202511/18/0065ea2cf14518e34b1588cdf1b88ff8ee8c.shtml","2025-11-17","全国公共资源交易平台","短信"
"232","新疆医科大学第一附属医院短信平台服务采购项目竞争性磋商公告","http://www.ggzy.gov.cn/information/html/a/650000/0201/202511/14/0065bd4a406c31194859b4723b5b119ecdc8.shtml","2025-11-14","全国公共资源交易平台","短信"
"233","广西德友招标代理有限公司关于12329短信服务平台运营服务成交公告","http://www.ggzy.gov.cn/information/html/a/450000/0202/202511/14/004546f68eb852d643d68ed4662436fac41e.shtml","2025-11-14","全国公共资源交易平台","短信"
"234","广西德友招标代理有限公司关于12329短信服务平台运营服务成交公告","http://www.ggzy.gov.cn/information/html/a/450000/0202/202511/14/0045b5d6e0ad794e4b6fa2381384d64c15f5.shtml","2025-11-14","全国公共资源交易平台","短信"
"235","西安市数据局2025年市数据局政务短信及外呼服务项目招标公告","http://www.ggzy.gov.cn/information/html/a/610000/0201/202511/13/0061ce01f68fac364b3cac7fd4122bcb6c9c.shtml","2025-11-13","全国公共资源交易平台","短信"
"236","黄河农村商业银行采购短信代理服务商项目变更公告","http://www.ggzy.gov.cn/information/html/a/640000/0204/202511/12/006421236a6125154fa6ad34286bc7da14d1.shtml","2025-11-12","全国公共资源交易平台","短信"
"237","业务系统短信服务(二次)","http://www.ggzy.gov.cn/information/html/a/440000/0203/202511/11/0044e2dfa95b4e6c44f58dbb33ab2bf06757.shtml","2025-11-11","全国公共资源交易平台","短信"
"238","广西建设工程机电设备招标中心有限公司关于2025-2026年度南宁市办公OA运维与流量短信租用服务采购的竞争性磋商公告","http://www.ggzy.gov.cn/information/html/a/450000/0201/202511/10/004510913579292342d791ffcc9833502e28.shtml","2025-11-10","全国公共资源交易平台","短信"
"239","统一12333短信服务项目合同","http://www.ggzy.gov.cn/information/html/a/330000/0203/202511/10/0033d5f025b7a2d148bca07047e9fa3f4e61.shtml","2025-11-10","全国公共资源交易平台","短信"
"240","广西建设工程机电设备招标中心有限公司关于2025-2026年度南宁市办公OA运维与流量短信租用服务采购的竞争性磋商公告","http://www.ggzy.gov.cn/information/html/a/450000/0201/202511/10/0045599f6a04ef33468b88bf6c7acb0ae7ed.shtml","2025-11-10","全国公共资源交易平台","短信"
"241","科信联合工程咨询有限公司关于统一消息短信租赁服务项目的公开招标公告","http://www.ggzy.gov.cn/information/html/a/330000/0201/202511/10/0033f7b9af423625428eb664d62f28d57dd1.shtml","2025-11-10","全国公共资源交易平台","短信"
"242","2025年手机提示短信项目公开招标公告","http://www.ggzy.gov.cn/information/html/a/110000/0201/202511/07/00118eaca69c975447bebad0c7cc2a8eca4c.shtml","2025-11-07","全国公共资源交易平台","短信"
"243","成都市2025-2026年度政务短信网关服务项目","http://www.ggzy.gov.cn/information/html/a/510000/0203/202511/07/005193deab24eec9472c976cd6af1a66c05c.shtml","2025-11-07","全国公共资源交易平台","短信"
"244","成都市2025-2026年度政务短信网关服务项目","http://www.ggzy.gov.cn/information/html/a/510000/0203/202511/07/0051c5df51cda8fb413282402f5e09496e6f.shtml","2025-11-07","全国公共资源交易平台","短信"
"245","成都市2025-2026年度政务短信网关服务项目","http://www.ggzy.gov.cn/information/html/a/510000/0203/202511/07/0051aa0cbcc83da344b48466fee72a436465.shtml","2025-11-07","全国公共资源交易平台","短信"
"246","金华医保短信提醒服务项目中标(成交)结果公告","http://www.ggzy.gov.cn/information/html/a/330000/0202/202511/07/0033bc4c572775564bcf8593a614a4a344e0.shtml","2025-11-07","全国公共资源交易平台","短信"
"247","甘孜藏族自治州数据局平安甘孜集成平台短信服务采购项目竞争性磋商公告","http://www.ggzy.gov.cn/information/html/a/510000/0201/202511/07/0051ca7e785f70f54e03bf93eadd0623b6dc.shtml","2025-11-06","全国公共资源交易平台","短信"
"248","射洪市文化广播电视体育和旅游局天府旅游名县智慧旅游运维短信服务项目竞争性磋商公告","http://www.ggzy.gov.cn/information/html/a/510000/0201/202511/05/0051c7057b6aca3448178bed7271eb34d1a9.shtml","2025-11-05","全国公共资源交易平台","短信"
"249","绵阳市医疗保障局2026年度城乡居民基本医保集中参保期参保短信推送服务中标（成交）结果公告","http://www.ggzy.gov.cn/information/html/a/510000/0202/202511/05/0051ae475826523f4f168060a20830fbfe86.shtml","2025-11-05","全国公共资源交易平台","短信"
"250","仁寿县司法局普法短信采购中标（成交）结果公告","http://www.ggzy.gov.cn/information/html/a/510000/0202/202511/03/00515c91748d636544dfac67cc3e4095faa8.shtml","2025-11-03","全国公共资源交易平台","短信"
"251","仁寿县司法局普法短信采购中标（成交）结果公告","http://www.ggzy.gov.cn/information/html/a/510000/0202/202511/03/0051269ffb6d52d344aebe2dca7f71c85ccb.shtml","2025-11-03","全国公共资源交易平台","短信"
"252","医保短信宣传项目","http://www.ggzy.gov.cn/information/html/a/510000/0203/202511/03/00518a9031af6e0b4cab881da49d7a7d2007.shtml","2025-11-03","全国公共资源交易平台","短信"
"253","医保短信宣传项目","http://www.ggzy.gov.cn/information/html/a/510000/0203/202511/03/005176c727086d1b48d6abaea5e63d7aa7d8.shtml","2025-11-03","全国公共资源交易平台","短信"
"254","医保短信宣传项目","http://www.ggzy.gov.cn/information/html/a/510000/0203/202511/03/0051c7782c62c85249819598c1cc5b478daf.shtml","2025-11-03","全国公共资源交易平台","短信"
"255","长治市城市综合管理服务指挥中心竞争性磋商2025数字城管运营费(视频专线)结果公告","http://www.ggzy.gov.cn/information/html/a/140000/0202/202512/02/00149441241405044e4a85e76923d900b94f.shtml","2025-12-02","全国公共资源交易平台","专线"
"256","山东省福利彩票发行中心销售场所专线通讯项目公开招标公告","http://www.ggzy.gov.cn/information/html/a/370000/0201/202512/01/00373ce21754777341468f2b2b6e6030e6d2.shtml","2025-12-01","全国公共资源交易平台","专线"
"257","原平市医疗集团电子病历四级信息化能力提升项目数据链路专线租赁竞争性谈判的采购公告","http://www.ggzy.gov.cn/information/html/a/140000/0201/202512/01/0014f62fdc88940145a695519bd47592fe16.shtml","2025-12-01","全国公共资源交易平台","专线"
"258","惠州市惠州大堤东堤管理中心排涝站闸高压专线维修养护项目竞争性磋商公告","http://www.ggzy.gov.cn/information/html/a/440000/0201/202512/01/004443528158ba6d49f2bdd836b5dd5b86ad.shtml","2025-12-01","全国公共资源交易平台","专线"
"259","西宁市福彩中心监控专线服务项目&nbsp;竞争性磋商公告","http://www.ggzy.gov.cn/information/html/a/630000/0201/202512/01/00637e94c69577464e499fb8b9bf9f783eef.shtml","2025-12-01","全国公共资源交易平台","专线"
"260","漯河市第二职业高中庐山路校区校外双电源专线铺设及配套项目-竞争性磋商公告","http://www.ggzy.gov.cn/information/html/a/410000/0201/202512/01/00410846fdb5805e481eaf667a2d7b026141.shtml","2025-12-01","全国公共资源交易平台","专线"
"261","太原市迎泽区人民政府办公室公开招标2025年太原市迎泽区人民政府办公室互联网与政务外网专线接入服务项目结果公告","http://www.ggzy.gov.cn/information/html/a/140000/0202/202512/01/001493998898aee94a4ea4dd7c0ef2eca91a.shtml","2025-12-01","全国公共资源交易平台","专线"
"262","榆林市人事信息中心劳动保障大厦办公互联网及县市区三级金保专线服务项目采购结果公告","http://www.ggzy.gov.cn/information/html/a/610000/0202/202512/01/00618fb27ca89b684cb4b99a4ea9b7c08548.shtml","2025-12-01","全国公共资源交易平台","专线"
"263","太原市小店区人民政府办公室公开招标2026年-2028年区政府网络专线租用服务的采购公告","http://www.ggzy.gov.cn/information/html/a/140000/0201/202511/30/00147917794a99f144a3b93b1d938537c002.shtml","2025-11-30","全国公共资源交易平台","专线"
"264","邵阳学院附属第一医院全院双电源供电专线改造工程合同","http://www.ggzy.gov.cn/information/html/a/430000/0203/202511/29/0043fce88e70e34a45d789a5dcb25d84c00a.shtml","2025-11-28","全国公共资源交易平台","专线"
"265","[JLSZC20250065303-1]互联网接入专线服务采购合同包一互联网接入专线服务（新山校区）合同备案","http://www.ggzy.gov.cn/information/html/a/220000/0203/202511/28/0022f15d6bdce2744658addcd5e26cdc908d.shtml","2025-11-28","全国公共资源交易平台","专线"
"266","锦州市数据中心网络通信管理专线租赁项目（第二次）竞争性磋商公告","http://www.ggzy.gov.cn/information/html/a/210000/0201/202511/28/002182dafba495df45189ac15fac4bdae13f.shtml","2025-11-28","全国公共资源交易平台","专线"
"267","绵阳市中心医院互联网专线及通信视频等服务中标（成交）结果公告","http://www.ggzy.gov.cn/information/html/a/510000/0202/202511/27/0051cbd93ed493a94fb5ad82abf0312b442e.shtml","2025-11-27","全国公共资源交易平台","专线"
"268","永宁县智慧城市运营中心永宁县电子政务外网运维专线服务项目更正事项公告(一次)","http://www.ggzy.gov.cn/information/html/a/640000/0204/202511/27/0064004b2035e618465ba8dec310e1d086b0.shtml","2025-11-27","全国公共资源交易平台","专线"
"269","永宁县智慧城市运营中心永宁县电子政务外网运维专线服务项目更正事项公告(一次)","http://www.ggzy.gov.cn/information/html/a/640000/0204/202511/27/006421f50f542aa54390962292d9873a2ba5.shtml","2025-11-27","全国公共资源交易平台","专线"
"270","绍兴衡业工程管理咨询有限公司关于绍兴市数据局2025年电子政务网络出口及专线项目的公开招标公告","http://www.ggzy.gov.cn/information/html/a/330000/0201/202511/27/0033a0290533cd7c4957b1f1212f24f9ee52.shtml","2025-11-27","全国公共资源交易平台","专线"
"271","陇县财政局内网专线安全运维服务项目（城区）.采购公告","http://www.ggzy.gov.cn/information/html/a/610000/0201/202511/27/0061956bbcaf40224da489ed430e2a4793db.shtml","2025-11-27","全国公共资源交易平台","专线"
"272","陇县财政局内网专线安全运维服务项目（镇区）采购公告","http://www.ggzy.gov.cn/information/html/a/610000/0201/202511/27/00611f0a3b0cd009484484492ac596258263.shtml","2025-11-27","全国公共资源交易平台","专线"
"273","山西省太原市公安局交通警察支队“天网”三期数据专线租用项目公开招标采购合同","http://www.ggzy.gov.cn/information/html/a/140000/0203/202511/26/0014b41df01480a54d28a2607c7e3b67707e.shtml","2025-11-26","全国公共资源交易平台","专线"
"274","反诈中心专线设备采购（货物）的中标（成交）结果公告","http://www.ggzy.gov.cn/information/html/a/310000/0202/202511/26/0031d6495e377b024663838ab26c8e334636.shtml","2025-11-26","全国公共资源交易平台","专线"
"275","宿州二中本部及雪枫校区网络专线、光宽进班及网站托管服务项目合同备案","http://www.ggzy.gov.cn/information/html/a/340000/0203/202511/25/003452e456aaabd34b37a9784928e7f6b61a.shtml","2025-11-25","全国公共资源交易平台","专线"
"276","同江市青龙山石场配电专线竞争性磋商公告","http://www.ggzy.gov.cn/information/html/a/230000/0201/202511/25/0023379eddf964c34645ab5be468c44ca93b.shtml","2025-11-25","全国公共资源交易平台","专线"
"277","保靖县电子政务外网专线租赁维护项目","http://www.ggzy.gov.cn/information/html/a/430000/0201/202511/26/0043784173cf2c044becbecca7a8675ab17b.shtml","2025-11-25","全国公共资源交易平台","专线"
"278","鄂托克旗人民法院其他电信和信息传输服务（移动办公办案专线服务项目）竞争性磋商公告.html","http://www.ggzy.gov.cn/information/html/a/150000/0201/202511/27/0015f7a7119606d0478db4582213b05c5d73.shtml","2025-11-25","全国公共资源交易平台","专线"
"279","丹阳市人民医院高压配电房及10KV高压专线（双路）运维服务项目采购公告","http://www.ggzy.gov.cn/information/html/a/320000/0201/202511/25/0032121be2e0bc7f4610946b7a7dfc24edf6.shtml","2025-11-25","全国公共资源交易平台","专线"
"280","丹阳市人民医院高压配电房及10KV高压专线（双路）运维服务项目采购公告","http://www.ggzy.gov.cn/information/html/a/320000/0201/202511/25/00320cfff000d70649a39cad8dce60628c8b.shtml","2025-11-25","全国公共资源交易平台","专线"
"281","绛县公安局“雪亮”数据专线及机房托管采购项目公开招标采购公告","http://www.ggzy.gov.cn/information/html/a/140000/0201/202511/25/00149adde4bb4f9b4acca137e84e6af6bf08.shtml","2025-11-25","全国公共资源交易平台","专线"
"282","枣庄市消防救援支队租赁网络专线服务项目竞争性磋商采购公告","http://www.ggzy.gov.cn/information/html/a/370000/0201/202511/25/00379d70ec6c5c5a49ae9163d16930c579a7.shtml","2025-11-25","全国公共资源交易平台","专线"
"283","内蒙古自治区公安厅视频专线租赁服务项目招标公告.html","http://www.ggzy.gov.cn/information/html/a/150000/0201/202511/27/001521ca53d317af474d89a4149f229e9759.shtml","2025-11-25","全国公共资源交易平台","专线"
"284","永宁县智慧城市运营中心永宁县电子政务外网运维专线服务项目招标公告","http://www.ggzy.gov.cn/information/html/a/640000/0201/202511/25/006442aef28a9b0a4091b6942a78ef2fb901.shtml","2025-11-25","全国公共资源交易平台","专线"
"285","汾阳市公安局交通警察大队竞争性磋商红绿灯卡口通信网络专线租赁项目废标公告","http://www.ggzy.gov.cn/information/html/a/140000/0204/202511/24/0014b7596e433bf244f4bcc023e24d4ca55d.shtml","2025-11-24","全国公共资源交易平台","专线"
"286","天津市急救中心&nbsp;天津市急救中心院前急救告知系统专线项目&nbsp;(项目编号:TGPC-2025-D-1117)成交公告","http://www.ggzy.gov.cn/information/html/a/120000/0202/202511/25/001261282221ba764d2eb6b6fd96fab5c2b4.shtml","2025-11-24","全国公共资源交易平台","专线"
"287","榆林市人事信息中心劳动保障大厦办公互联网及县市区三级金保专线服务项目采购公告","http://www.ggzy.gov.cn/information/html/a/610000/0201/202511/24/00610911fc2b4e7b4101b1893bb6733605aa.shtml","2025-11-24","全国公共资源交易平台","专线"
"288","2025年昔阳县村（社区）级电子政务外网专线租赁及服务项目合同","http://www.ggzy.gov.cn/information/html/a/140000/0203/202511/23/0014c11436581a254a6da9cc709ca582c9ad.shtml","2025-11-23","全国公共资源交易平台","专线"
"289","2025年吕梁市本级财政城域网专线租用项目的采购公告","http://www.ggzy.gov.cn/information/html/a/140000/0201/202511/23/0014b9d4a9c972b54abc83017d671758b677.shtml","2025-11-23","全国公共资源交易平台","专线"
"290","天津市便民专线服务中心网络安全运维服务项目_第1包","http://www.ggzy.gov.cn/information/html/a/120000/0203/202511/22/00126bfe1cb51d3b400482978fc9ed40dd11.shtml","2025-11-22","全国公共资源交易平台","专线"
"291","天津市便民专线服务中心支撑平台运行维护项目&nbsp;(项目编号:TGPC-2025-D-1218)公开招标公告","http://www.ggzy.gov.cn/information/html/a/120000/0201/202511/25/0012ad3612eda5634045a3cd031db0091763.shtml","2025-11-21","全国公共资源交易平台","专线"
"292","承德市住房公积金管理中心住房公积金业务网络专线传输服务采购项目竞争性磋商（二次）","http://www.ggzy.gov.cn/information/html/a/130000/0204/202511/24/00134855ed030ce543878c3acf169e21e029.shtml","2025-11-21","全国公共资源交易平台","专线"
"293","城市公交公司更新购置15台新能源公交车项目三标段（机场专线车）","http://www.ggzy.gov.cn/information/html/a/540000/0203/202511/21/00543c9617a5a014478da91ccc4eca4f5866.shtml","2025-11-21","全国公共资源交易平台","专线"
"294","长治市城市综合管理服务指挥中心竞争性磋商2025数字城管运营费(视频专线)的采购公告","http://www.ggzy.gov.cn/information/html/a/140000/0201/202511/21/0014c900a8ec983c4d648e092782933df141.shtml","2025-11-21","全国公共资源交易平台","专线"
"295","山东省医疗保障局政务云医保域（数据中心A、B）云平台运维及许可更新服务项目公开招标公告","http://www.ggzy.gov.cn/information/html/a/370000/0201/202512/02/00371000a5c774534b1180395d7796d2da3f.shtml","2025-12-01","全国公共资源交易平台","政务云"
"296","金华市数据局金华市一体化智能化公共数据平台政务云资源服务等运维服务项目合同","http://www.ggzy.gov.cn/information/html/a/330000/0203/202512/01/0033e5ce01ae1a6742768d63edda770c2532.shtml","2025-12-01","全国公共资源交易平台","政务云"
"297","2025年嘉善县自然资源和规划局政务云服务器和线路租赁项目合同","http://www.ggzy.gov.cn/information/html/a/330000/0203/202512/01/0033999d38e49daa4f74b993d04205f2f6ca.shtml","2025-12-01","全国公共资源交易平台","政务云"
"298","福建省市场监督管理局行政服务中心电子政务云平台资源暨增值云运维服务采购更正公告（第一次）","http://www.ggzy.gov.cn/information/html/a/350000/0204/202512/01/00356bf7d303aead45bb864772ebf995dad8.shtml","2025-12-01","全国公共资源交易平台","政务云"
"299","濮阳市政府采购中心濮阳市行政审批和政务信息管理局关于濮阳市市级政务云服务项目结果公告","http://www.ggzy.gov.cn/information/html/a/410000/0202/202512/01/0041c82d4dfb48ef4ef38cf7d5fa74a08e35.shtml","2025-12-01","全国公共资源交易平台","政务云"
"300","浙江和源项目管理有限公司关于上城区政务云资源（2026）服务项目中标(成交)结果公告","http://www.ggzy.gov.cn/information/html/a/330000/0202/202512/01/0033d0549c77d14a4f29a0f4de5d06bc8a4f.shtml","2025-12-01","全国公共资源交易平台","政务云"
"301","浙江和源项目管理有限公司关于上城区政务云资源（2026）服务项目中标(成交)结果公告","http://www.ggzy.gov.cn/information/html/a/330000/0202/202512/01/003362b85c7d3b5d464f8dfe73f8b7f55970.shtml","2025-12-01","全国公共资源交易平台","政务云"
"302","天津市疾病预防控制中心-天津市传染病监测预警与应急指挥信息平台（一期）政务云资源服务项目&nbsp;(项目编号:TGPC-2025-D-1275)公开招标公告","http://www.ggzy.gov.cn/information/html/a/120000/0201/202511/28/00129bea85f3faf442c9b4c54e383fbbe7ae.shtml","2025-11-28","全国公共资源交易平台","政务云"
"303","福建省市场监督管理局行政服务中心电子政务云平台资源暨增值云运维服务公开招标招标公告","http://www.ggzy.gov.cn/information/html/a/350000/0201/202511/28/00354e67a9432e3d45ffaaa2b596707a87f9.shtml","2025-11-28","全国公共资源交易平台","政务云"
"304","泉州市级电子政务云资源服务采购项目公开招标招标公告","http://www.ggzy.gov.cn/information/html/a/350000/0201/202511/28/00351dda6790ab794fa1a42192b81c547318.shtml","2025-11-28","全国公共资源交易平台","政务云"
"305","金华市数据局金华市一体化智能化公共数据平台政务云资源服务等运维服务项目合同","http://www.ggzy.gov.cn/information/html/a/330000/0203/202511/28/0033296737cef18b4cdcacc51a5aa6d54b5e.shtml","2025-11-28","全国公共资源交易平台","政务云"
"306","天津市数据发展中心机关&nbsp;天津市数据发展中心-天津市政务云资源扩展服务项目&nbsp;(项目编号:TGPC-2025-D-1120)中标公告","http://www.ggzy.gov.cn/information/html/a/120000/0202/202511/27/0012f0ec3ad7d46046b38f91d4d2a9d040e2.shtml","2025-11-27","全国公共资源交易平台","政务云"
"307","天津市数据发展中心机关&nbsp;天津市数据发展中心-天津市政务云资源扩展服务项目&nbsp;(项目编号:TGPC-2025-D-1120)中标公告","http://www.ggzy.gov.cn/information/html/a/120000/0202/202511/27/001260a398569b10441288f48c026daa3171.shtml","2025-11-27","全国公共资源交易平台","政务云"
"308","晋中市数字政府服务中心2025年-2028年晋中市政务云服务采购项目结果公告","http://www.ggzy.gov.cn/information/html/a/140000/0202/202511/27/00143aad43d5025c4527b747a00ea4a2b9eb.shtml","2025-11-27","全国公共资源交易平台","政务云"
"309","金华市数据局金华市一体化智能化公共数据平台政务云资源服务等运维服务项目合同","http://www.ggzy.gov.cn/information/html/a/330000/0203/202511/27/0033f5b8b56106c2436bb516f4611db0464d.shtml","2025-11-27","全国公共资源交易平台","政务云"
"310","金华市数据局金华市一体化智能化公共数据平台政务云资源服务等运维服务项目合同","http://www.ggzy.gov.cn/information/html/a/330000/0203/202511/27/00333d940b1eabdd4184b4361e392b180024.shtml","2025-11-27","全国公共资源交易平台","政务云"
"311","浙江同济工程管理有限公司关于2025（2025-2026）上虞教体局政务云资源租赁项目中标(成交)结果公告","http://www.ggzy.gov.cn/information/html/a/330000/0202/202511/27/0033190267c57598447ea99acc5ee16d7cbc.shtml","2025-11-27","全国公共资源交易平台","政务云"
"312","辽宁省数据中心辽宁省政务云滑翔节点运维服务采购招标公告(JH25-210000-64607(LNZC2025-0459))","http://www.ggzy.gov.cn/information/html/a/210000/0201/202511/27/0021b586b5d8df124484bbde1f9c320d2522.shtml","2025-11-27","全国公共资源交易平台","政务云"
"313","佛山市信息网络中心佛山市电子政务云管理平台改造项目（系统开发服务）结果公告","http://www.ggzy.gov.cn/information/html/a/440000/0202/202511/26/0044649d6cf31bbd4f69a6771794af7b8cf9.shtml","2025-11-26","全国公共资源交易平台","政务云"
"314","济南新旧动能转换起步区管理委员会数字城市部2025年济南起步区政务云服务项目废标公告","http://www.ggzy.gov.cn/information/html/a/370000/0204/202511/26/00377a159717fb32428bbe9dbd003cb89a5d.shtml","2025-11-26","全国公共资源交易平台","政务云"
"315","横琴粤澳深度合作区商事服务局关于合作区国产化政务云租赁服务（2025年）的采购项目中标结果公告","http://www.ggzy.gov.cn/information/html/a/440000/0202/202511/26/0044808121c6d9684aaebd46cdd86661bb69.shtml","2025-11-26","全国公共资源交易平台","政务云"
"316","潍坊市农业农村局政务云服务资源采购项目合同备案","http://www.ggzy.gov.cn/information/html/a/370000/0203/202511/26/0037a16a7d1f100246d8a3346029f087a4e3.shtml","2025-11-26","全国公共资源交易平台","政务云"
"317","牡丹江市营商环境建设监督局牡丹江市政务云资源服务综合效能评估和12345热线服务绩效评估竞争性磋商公告","http://www.ggzy.gov.cn/information/html/a/230000/0201/202511/26/002378a111074d9d4e28bf93f072c43d1117.shtml","2025-11-26","全国公共资源交易平台","政务云"
"318","金华市数据局金华市一体化智能化公共数据平台政务云资源服务等运维服务项目合同","http://www.ggzy.gov.cn/information/html/a/330000/0203/202511/26/003308f7da0b7c9e41088870d9cf918b3a7d.shtml","2025-11-26","全国公共资源交易平台","政务云"
"319","卫辉市行政审批和政务信息管理局卫辉市2025年政务云服务采购项目成交公告","http://www.ggzy.gov.cn/information/html/a/410000/0202/202511/26/004171c313b24c6947f5a28882ee0532386d.shtml","2025-11-26","全国公共资源交易平台","政务云"
"320","龙港市政务服务中心关于2025年龙港市政务云服务采购项目的公开招标公告","http://www.ggzy.gov.cn/information/html/a/330000/0201/202511/26/00331c76ddd8ce38406ba9f9bd7d0df51408.shtml","2025-11-26","全国公共资源交易平台","政务云"
"321","2025年合肥高新区政务云服务第3包项目成交结果公告","http://www.ggzy.gov.cn/information/html/a/340000/0202/202511/26/0034e8827ba57a7c4de89e2073f50259a55f.shtml","2025-11-26","全国公共资源交易平台","政务云"
"322","2025年合肥高新区政务云服务第1包项目成交结果公告","http://www.ggzy.gov.cn/information/html/a/340000/0202/202511/26/0034d88cbdd3d5ed497f8c8090d95baa7870.shtml","2025-11-26","全国公共资源交易平台","政务云"
"323","2025年合肥高新区政务云服务第2包项目成交结果公告","http://www.ggzy.gov.cn/information/html/a/340000/0202/202511/26/0034a4bbd688f03b4763b23caf4f1f64a40b.shtml","2025-11-26","全国公共资源交易平台","政务云"
"324","山东省滨州市大数据中心数字政府综合改革政务云网一体化提升项目中标公示","http://www.ggzy.gov.cn/information/html/a/370000/0202/202511/25/00379afe713fddd84b57b417508328d58f2d.shtml","2025-11-25","全国公共资源交易平台","政务云"
"325","新一代政务云（功能拓展和数据开发平台）（基础设施标段）维保中标公告采购包1","http://www.ggzy.gov.cn/information/html/a/320000/0202/202511/25/0032629ee9f3076d4253ade45229f6c2b5f5.shtml","2025-11-25","全国公共资源交易平台","政务云"
"326","金华市数据局金华市一体化智能化公共数据平台政务云资源服务等运维服务项目合同","http://www.ggzy.gov.cn/information/html/a/330000/0203/202511/25/0033eb7c3a2be781444f8eb74cfb02d2721f.shtml","2025-11-25","全国公共资源交易平台","政务云"
"327","浙江省政府采购中心关于省数据局省本级政务云服务-云服务项目中标(成交)结果公告","http://www.ggzy.gov.cn/information/html/a/330000/0202/202511/25/0033afc2317505d94807a4ee62bd139b8608.shtml","2025-11-25","全国公共资源交易平台","政务云"
"328","济宁市2025年度市级政务云安全能力提升项目","http://www.ggzy.gov.cn/information/html/a/370000/0203/202511/24/0037904ace8d04094580a4907bc445e5924b.shtml","2025-11-24","全国公共资源交易平台","政务云"
"329","济宁市2025年度市级政务云安全能力提升项目","http://www.ggzy.gov.cn/information/html/a/370000/0203/202511/24/0037f2989da03e0847eb9b0e58cc6450f1a2.shtml","2025-11-24","全国公共资源交易平台","政务云"
"330","北京市大数据中心2025-2026年京办服务能力提升及政务云资源购买服务项目（政务云部分）招标公告","http://www.ggzy.gov.cn/information/html/a/110000/0201/202511/24/00110ae391f3ba4a41cda339b71727fdc0f4.shtml","2025-11-24","全国公共资源交易平台","政务云"
"331","京办服务能力提升及政务云资源购买服务项目（软件服务）公开招标公告","http://www.ggzy.gov.cn/information/html/a/110000/0201/202511/24/0011990368e4b741432ba1b7ccd1c851f735.shtml","2025-11-24","全国公共资源交易平台","政务云"
"332","济宁市政务云资源综合监管系统项目成交结果更正公告","http://www.ggzy.gov.cn/information/html/a/370000/0204/202511/24/0037f7d93e7385584fa7afcb37f6ad0cfe10.shtml","2025-11-24","全国公共资源交易平台","政务云"
"333","2025年运营商政务云租用服务项目中标公告采购包2","http://www.ggzy.gov.cn/information/html/a/320000/0202/202511/21/00323f789342cf6b44378c7aff610c7b2b26.shtml","2025-11-21","全国公共资源交易平台","政务云"
"334","遂昌县智慧体育项目合同","http://www.ggzy.gov.cn/information/html/a/330000/0203/202512/02/003333ead1b754b04686893bd273d395e406.shtml","2025-12-02","全国公共资源交易平台","智慧"
"335","天津市宝坻区第一中学&nbsp;宝坻一中智慧黑板、录播系统等设备采购项目&nbsp;(项目编号:ZXHT-2025-1010)中标公告","http://www.ggzy.gov.cn/information/html/a/120000/0202/202512/02/0012114c76aa009e49728290862668c699ac.shtml","2025-12-02","全国公共资源交易平台","智慧"
"336","智慧教学中心建设项目中标结果公告","http://www.ggzy.gov.cn/information/html/a/220000/0202/202512/02/00222808819072c3403582f23e7a51f14f38.shtml","2025-12-02","全国公共资源交易平台","智慧"
"337","浙江省肿瘤医院智慧放疗系统升级建设项目合同","http://www.ggzy.gov.cn/information/html/a/330000/0203/202512/02/0033017013077acb4bceac04f364a7a8da36.shtml","2025-12-02","全国公共资源交易平台","智慧"
"338","珲春市城鑫企业管理有限公司关于珲春市（含示范区）智慧路灯、数字化升级改造能源托管服务项目的公开招标公告","http://www.ggzy.gov.cn/information/html/a/220000/0201/202512/02/0022907cdad5aaa140148708a75a1a45a81c.shtml","2025-12-02","全国公共资源交易平台","智慧"
"339","德昌县永郎镇老碾中心完全小学采购智慧黑板、网络教室、办公电脑打印机等中标（成交）结果公告","http://www.ggzy.gov.cn/information/html/a/510000/0202/202512/02/005169cf4f12282546459e36979972d1134d.shtml","2025-12-02","全国公共资源交易平台","智慧"
"340","江西明台项目咨询管理有限公司关于江西外语外贸职业学院智慧物流生产性实训项目服务（项目编号：JXMT【2025】C280-1）第二次竞争性磋商采购公告","http://www.ggzy.gov.cn/information/html/a/360000/0201/202512/02/0036dea196586ccc4ff681cddb63d74543a1.shtml","2025-12-02","全国公共资源交易平台","智慧"
"341","江西六禧招标咨询有限公司关于江西省信丰县人民医院智慧药房自动发药系统采购项目（项目编号：JXLX2025-XF-G008）的电子化公开招标公告（不见面开标）","http://www.ggzy.gov.cn/information/html/a/360000/0201/202512/01/00361970b24020514c3db19ec8367dbb15de.shtml","2025-12-02","全国公共资源交易平台","智慧"
"342","遂宁市数据局智慧中心安全设备续保和指挥大厅网络优化竞争性磋商公告","http://www.ggzy.gov.cn/information/html/a/510000/0201/202512/02/00518c27c7ec0bf04129838c0818baf948d0.shtml","2025-12-01","全国公共资源交易平台","智慧"
"343","甘南县教育局甘南县教育系统智慧教室设备采购招标公告","http://www.ggzy.gov.cn/information/html/a/230000/0201/202512/01/002396e937aa20254179a3497b9cb58b9e0d.shtml","2025-12-01","全国公共资源交易平台","智慧"
"344","大田美人茶茶园智慧化改造提升项目竞争性磋商公告","http://www.ggzy.gov.cn/information/html/a/350000/0201/202512/01/00357b5e2917d160476f90add0427fc0fc39.shtml","2025-12-01","全国公共资源交易平台","智慧"
"345","深圳理工大学智慧校园项目工程监理服务中标(成交)结果公示","http://www.ggzy.gov.cn/information/html/a/440000/0202/202512/01/0044b1d9e410b0d149899b79975b48c51b61.shtml","2025-12-01","全国公共资源交易平台","智慧"
"346","自贡市精神卫生中心临床技能中心智慧管理系统采购项目招标公告","http://www.ggzy.gov.cn/information/html/a/510000/0201/202512/01/005170598830ea3541c297e55993ed234b8c.shtml","2025-12-01","全国公共资源交易平台","智慧"
"347","智慧教室建设项目","http://www.ggzy.gov.cn/information/html/a/630000/0203/202512/01/0063e285c4179c4048dba0070d8b032acb75.shtml","2025-12-01","全国公共资源交易平台","智慧"
"348","枣阳市现代农业产业园智慧农田建设项目公告","http://www.ggzy.gov.cn/information/html/a/420000/0201/202512/02/00426d920a71d3b24f449f42b0f4d9fa7a30.shtml","2025-12-01","全国公共资源交易平台","智慧"
"349","新疆医科大学第五附属医院智慧医院（容灾主机及防火墙）项目中标(成交)结果公告","http://www.ggzy.gov.cn/information/html/a/650000/0202/202512/01/0065d8516d563f1e4f509eefaab84b8f6e90.shtml","2025-12-01","全国公共资源交易平台","智慧"
"350","新疆大学计算机科学与技术学院AI+专业及8门基础版智慧课程建设项目（三次）的更正公告","http://www.ggzy.gov.cn/information/html/a/650000/0204/202512/01/00655a7408bc498741c2abdaa9a372c49da3.shtml","2025-12-01","全国公共资源交易平台","智慧"
"351","广西国力招标有限公司关于广西医科大学2025年智慧课程建设服务采购项目（GXZC2025-G3-003251-GLZB）的中标结果公告","http://www.ggzy.gov.cn/information/html/a/450000/0202/202512/01/004507ea250f29ee4233ad1d50ad3784cf67.shtml","2025-12-01","全国公共资源交易平台","智慧"
"352","专项业务类-达州市智慧住建综合管理信息平台运维服务项目(二次)","http://www.ggzy.gov.cn/information/html/a/510000/0203/202512/01/005150b3fcd8f4334c51aa06d71e8013a4f2.shtml","2025-12-01","全国公共资源交易平台","智慧"
"353","邳州市殡葬管理所邳州市智慧殡葬服务平台二期项目竞争性磋商成交结果公告采购包1","http://www.ggzy.gov.cn/information/html/a/320000/0202/202512/01/00322bd794f7565a4531a2e0b3573d5f76ae.shtml","2025-12-01","全国公共资源交易平台","智慧"
"354","全国智慧海洋与大数据技术应用行业产教融合共同体建设与运营&nbsp;[GZSW25156FC4033]中标公告","http://www.ggzy.gov.cn/information/html/a/440000/0202/202512/01/0044cd8b12816a064049873cf0add50a1a56.shtml","2025-12-01","全国公共资源交易平台","智慧"
"355","石家庄幼儿师范高等专科学校智慧托育实训室项目中标结果公告","http://www.ggzy.gov.cn/information/html/a/130000/0202/202512/01/001353daf4c04f8149bf93271420c875f3d4.shtml","2025-12-01","全国公共资源交易平台","智慧"
"356","中国共产党德阳市委员会党史研究室德阳市智慧党史陈列室收藏保护区建设招标公告","http://www.ggzy.gov.cn/information/html/a/510000/0201/202512/01/0051123b95b51faf471392e46afe13842384.shtml","2025-12-01","全国公共资源交易平台","智慧"
"357","第八届“环华西国际智慧医谷”产业发展大会执行服务项目","http://www.ggzy.gov.cn/information/html/a/510000/0203/202512/01/005129d8b23be0054fef99cc0aa7b8508090.shtml","2025-12-01","全国公共资源交易平台","智慧"
"358","中小学智慧黑板采购竞争性磋商公告","http://www.ggzy.gov.cn/information/html/a/350000/0201/202512/01/00358696c1b6aa284ef492fb02c096a55e7e.shtml","2025-12-01","全国公共资源交易平台","智慧"
"359","苏州市吴江区勤工俭学与装备管理办公室关于吴江智慧教育2025年硬件运维服务的成交结果公告采购包1","http://www.ggzy.gov.cn/information/html/a/320000/0202/202512/01/0032b25d6f021624430a9f70ff5af2362721.shtml","2025-12-01","全国公共资源交易平台","智慧"
"360","虞城县林业发展服务中心河南虞城周商永运河国家湿地公园智慧监测系统项目结果公告","http://www.ggzy.gov.cn/information/html/a/410000/0202/202512/01/0041596384387be7429d986ef946c71e76d9.shtml","2025-12-01","全国公共资源交易平台","智慧"
"361","天津外国语大学听见智慧办公系统采购项目_第1包","http://www.ggzy.gov.cn/information/html/a/120000/0203/202512/01/001263d4a835f660422bafde2e22ac13b5c9.shtml","2025-12-01","全国公共资源交易平台","智慧"
"362","烟台市生态环境局黄渤海入海排污口智慧监管平台适配迁移合同","http://www.ggzy.gov.cn/information/html/a/370000/0203/202512/01/0037cdd63c996a9343c99b5ec6ec249ce4ac.shtml","2025-12-01","全国公共资源交易平台","智慧"
"363","庆阳职业技术学院省级智慧教育标杆校建设项目（第一阶段）002合同","http://www.ggzy.gov.cn/information/html/a/620000/0203/202512/01/00628667d3a7deb8461abc7ea90d8f1cb5d5.shtml","2025-12-01","全国公共资源交易平台","智慧"
"364","庆阳职业技术学院省级智慧教育标杆校建设项目（第一阶段）001合同","http://www.ggzy.gov.cn/information/html/a/620000/0203/202512/01/0062d2d022b5e21c44cf81f770124e826337.shtml","2025-12-01","全国公共资源交易平台","智慧"
"365","湖北信息工程学校“智慧校园”网络系统密码改造项目竞争性谈判公告","http://www.ggzy.gov.cn/information/html/a/420000/0201/202512/02/00427f2aaaaa0fc44271b42c450d8284a8d9.shtml","2025-12-01","全国公共资源交易平台","智慧"
"366","四川省骨科医院财务智慧化建设项目中标（成交）结果公告","http://www.ggzy.gov.cn/information/html/a/510000/0202/202512/01/005122637d07e7e04b4ba9d85433d39c2e1d.shtml","2025-12-01","全国公共资源交易平台","智慧"
"367","成都市智慧蓉城住建城运分中心（成都市住房和城乡建设信息档案中心）数据库账号密码安全管理系统建设项目(二次)中标（成交）结果公告","http://www.ggzy.gov.cn/information/html/a/510000/0202/202512/01/005190967231e2574248a950b7ec6a00e1a5.shtml","2025-12-01","全国公共资源交易平台","智慧"
"368","智慧校园软硬件运维服务及网络安全服务(CQS25C02238)竞争性磋商公告","http://www.ggzy.gov.cn/information/html/a/500000/0201/202512/01/00507c6dc171fe614623b79b92e895c75d3e.shtml","2025-12-01","全国公共资源交易平台","智慧"
"369","宁夏大学附属中学智慧作业系统学生自主学习终端套装采购项目中标公告","http://www.ggzy.gov.cn/information/html/a/640000/0202/202512/01/0064518c89708e98425bafbd7edf67e57692.shtml","2025-12-01","全国公共资源交易平台","智慧"
"370","三台县农业农村局四川省生猪生产智慧管理平台试点项目竞争性磋商公告","http://www.ggzy.gov.cn/information/html/a/510000/0201/202512/01/00516e85a280df2148819f6b4930d0850f3b.shtml","2025-12-01","全国公共资源交易平台","智慧"
"371","伊春市中级人民法院智慧融合法庭设备采购中标（成交）结果公告","http://www.ggzy.gov.cn/information/html/a/230000/0202/202512/01/0023e512465a46634335aae6039be3a23087.shtml","2025-12-01","全国公共资源交易平台","智慧"
"372","“智慧民防”应急与城运一体化平台项目的采购文件更正公告","http://www.ggzy.gov.cn/information/html/a/310000/0204/202512/01/0031eda4487e0d844448a16814bff654bc9c.shtml","2025-12-01","全国公共资源交易平台","智慧"
"373","公立医院高质量发展示范项目-长春市中心医院智慧医院能力提升项目-业务应用软件及相关配套硬件更正公告","http://www.ggzy.gov.cn/information/html/a/220000/0204/202512/01/00225f2af06812bf4b67b81256e81c4b13db.shtml","2025-12-01","全国公共资源交易平台","智慧"
"374","墨竹工卡县南京实验小学、扎西岗南京希望小学新建云计算机教室及补充监控点位采购项目（二次）磋商公告","http://www.ggzy.gov.cn/information/html/a/540000/0201/202511/28/0054a9ed77d47019402b9ddff3ee5535d375.shtml","2025-11-28","全国公共资源交易平台","云计算"
"375","闵行区教育局云计算服务采购(25年运维)的合同","http://www.ggzy.gov.cn/information/html/a/310000/0203/202511/27/0031c98a42709f834bd489b927083149b632.shtml","2025-11-27","全国公共资源交易平台","云计算"
"376","山东商业职业技术学院云计算技术与应用系——物联网工业数据采集与处理应用开发平台及工业物联网数据可视化管理平台及智能物联网行业应用场景创新平台(2)公开招标公告","http://www.ggzy.gov.cn/information/html/a/370000/0201/202511/27/0037a25b9276476f4a59849e17f1f39a922a.shtml","2025-11-27","全国公共资源交易平台","云计算"
"377","德阳市中西医结合医院2025年云计算服务中标（成交）结果公告","http://www.ggzy.gov.cn/information/html/a/510000/0202/202511/26/005183ed67b6348d48aab4a6fb699c38f537.shtml","2025-11-26","全国公共资源交易平台","云计算"
"378","山东商业职业技术学院云计算技术与应用系——物联网工业数据采集与处理应用开发平台及工业物联网数据可视化管理平台及智能物联网行业应用场景创新平台终止公告","http://www.ggzy.gov.cn/information/html/a/370000/0204/202511/26/003706fc52d0df7c45d5a55cae045dbed03a.shtml","2025-11-26","全国公共资源交易平台","云计算"
"379","天津电子信息职业技术学院第二期“双高计划”云计算技术创新基地项目_第1包","http://www.ggzy.gov.cn/information/html/a/120000/0203/202511/26/00129289a35998f748b7bc11d9ea98fd35d6.shtml","2025-11-26","全国公共资源交易平台","云计算"
"380","江西省机电设备招标有限公司关于江西生物科技职业学院信息工程系云计算综合实训室项目（项目编号：JXTC2025070324）电子化竞争性谈判公告","http://www.ggzy.gov.cn/information/html/a/360000/0201/202511/25/0036ea2de329a8d6412ca122be98ac1236e5.shtml","2025-11-26","全国公共资源交易平台","云计算"
"381","江苏省常州技师学院云计算工学一体实训工作站项目中标（成交）结果公告采购包1","http://www.ggzy.gov.cn/information/html/a/320000/0202/202511/25/003268aa04a5a9174d5e94b2816bf596bd3d.shtml","2025-11-25","全国公共资源交易平台","云计算"
"382","山东商业职业技术学院山东商业职业技术学院云计算技术与应用系——物联网行业应用工程实践操作平台及智能物联网边缘计算科研创新平台更正公告","http://www.ggzy.gov.cn/information/html/a/370000/0204/202511/25/0037a7c60599b825485dbe3c48e92d39a0d3.shtml","2025-11-25","全国公共资源交易平台","云计算"
"383","鲲鹏云计算实训室教学设备采购及安装项目采购结果公告","http://www.ggzy.gov.cn/information/html/a/610000/0202/202511/25/006184f9352f90e2432a8b6f9fca88bd3ec4.shtml","2025-11-25","全国公共资源交易平台","云计算"
"384","桐城师范高等专科学校云计算产教融合中心建设项目竞争性谈判公告","http://www.ggzy.gov.cn/information/html/a/340000/0201/202511/21/003475f0538397b24e4290bc1a0acfc540a6.shtml","2025-11-21","全国公共资源交易平台","云计算"
"385","国家超级计算深圳中心（深圳云计算中心）机房配套设施运维服务项目中标（成交）结果公告","http://www.ggzy.gov.cn/information/html/a/440000/0202/202511/21/0044496ba6dcb3604e0bafd0186408ba959f.shtml","2025-11-21","全国公共资源交易平台","云计算"
"386","关于云计算服务的框架协议合同","http://www.ggzy.gov.cn/information/html/a/310000/0203/202511/21/00319018b82fa5d448299b1eeeeaf90568df.shtml","2025-11-21","全国公共资源交易平台","云计算"
"387","天津电子信息职业技术学院&nbsp;天津电子信息职业技术学院第二期“双高计划”云计算技术创新基地项目&nbsp;(项目编号:SHGP-2025-A584)中标公告","http://www.ggzy.gov.cn/information/html/a/120000/0202/202511/20/00128cbcf3e6473b498e8d9b21d3cba09b8b.shtml","2025-11-20","全国公共资源交易平台","云计算"
"388","山东商业职业技术学院云计算技术与应用系——物联网行业应用工程实践操作平台及智能物联网边缘计算科研创新平台公开招标公告","http://www.ggzy.gov.cn/information/html/a/370000/0201/202511/20/003792d2131dc5d6495e855d35d545a9e621.shtml","2025-11-20","全国公共资源交易平台","云计算"
"389","创新型AI数智人才培养基地—云计算创新人才培养实训平台(重新采购第1次)项目招标公告","http://www.ggzy.gov.cn/information/html/a/440000/0201/202511/20/00442294a5d83c534604964c2ffa06df89f9.shtml","2025-11-19","全国公共资源交易平台","云计算"
"390","长治市人民政府信息中心基于云计算的集约化政府网站群平台技术支撑运维服务结果公告","http://www.ggzy.gov.cn/information/html/a/140000/0202/202511/19/0014429aa0d1138043308cff4da5c509b353.shtml","2025-11-19","全国公共资源交易平台","云计算"
"391","四川天府新区智慧城市运行局云计算服务（浪潮云）采购项目中标（成交）结果公告","http://www.ggzy.gov.cn/information/html/a/510000/0202/202511/19/0051804e63db4277400d8005c86c3ce03182.shtml","2025-11-19","全国公共资源交易平台","云计算"
"392","四川天府新区智慧城市运行局云计算服务（鲲鹏云）采购项目中标（成交）结果公告","http://www.ggzy.gov.cn/information/html/a/510000/0202/202511/19/0051609897b5b4404b488b7590bab2d7df8c.shtml","2025-11-19","全国公共资源交易平台","云计算"
"393","山东商业职业技术学院云计算技术与应用系—AI赋能创新实践条件建设项目（11740）公开招标公告","http://www.ggzy.gov.cn/information/html/a/370000/0201/202511/19/00375abaa28d74f44116bbf51a9b9f6969b8.shtml","2025-11-19","全国公共资源交易平台","云计算"
"394","创新型AI数智人才培养基地—云计算创新人才培养实训平台项目招标失败公告","http://www.ggzy.gov.cn/information/html/a/440000/0204/202511/19/0044cf7c21eeb6d14945b5473b2a7f6d07d2.shtml","2025-11-18","全国公共资源交易平台","云计算"
"395","常州市中心血站云计算资源租赁采购公告","http://www.ggzy.gov.cn/information/html/a/320000/0201/202511/18/00324a43296ea395489887a727ceaba8d6b7.shtml","2025-11-18","全国公共资源交易平台","云计算"
"396","伊金霍洛旗大数据中心平安“伊金霍洛”城域网云存储、云计算服务项目招标公告.html","http://www.ggzy.gov.cn/information/html/a/150000/0201/202511/21/0015d7bd41699975434fa71892d6254bcfa9.shtml","2025-11-18","全国公共资源交易平台","云计算"
"397","怀来县职业技术教育中心云计算运维专班人才培养服务项目公开招标公告","http://www.ggzy.gov.cn/information/html/a/130000/0201/202511/17/001316501759699c452e850ba5227f6dc875.shtml","2025-11-17","全国公共资源交易平台","云计算"
"398","山东商业职业技术学院云计算技术与应用系——物联网工业数据采集与处理应用开发平台及工业物联网数据可视化管理平台及智能物联网行业应用场景创新平台公开招标公告","http://www.ggzy.gov.cn/information/html/a/370000/0201/202511/17/003776ed1b5e9c6b44bb83e51755918cc751.shtml","2025-11-17","全国公共资源交易平台","云计算"
"399","酒泉云计算(大数据)中心(2-1机房、2-2机房)节能降碳设备更新改造及联合运营项目","http://www.ggzy.gov.cn/information/html/a/620000/0201/202511/14/0062e7ceab899e42421e9c1138965a33729b.shtml","2025-11-14","全国公共资源交易平台","云计算"
"400","关于云计算服务的框架协议合同","http://www.ggzy.gov.cn/information/html/a/310000/0203/202511/13/00318adf77c4c8b54f698bbc73d5d81ce734.shtml","2025-11-13","全国公共资源交易平台","云计算"
"401","2025年无线电云计算服务(二期）的公开招标公告","http://www.ggzy.gov.cn/information/html/a/310000/0201/202511/13/0031c4d1d1b05ca04c2b888f0efa2deda07e.shtml","2025-11-13","全国公共资源交易平台","云计算"
"402","德阳市数据局2025年德阳市市级信息化项目云计算服务项目招标公告","http://www.ggzy.gov.cn/information/html/a/510000/0201/202511/12/00517c8534bbeae34d469d5a133ed3c0fbeb.shtml","2025-11-11","全国公共资源交易平台","云计算"
"403","墨竹工卡县南京实验小学、扎西岗南京希望小学新建云计算机教室及补充监控点位采购项目磋商公告","http://www.ggzy.gov.cn/information/html/a/540000/0201/202511/11/0054bcef0a00b17e4445ab0b30392114280e.shtml","2025-11-11","全国公共资源交易平台","云计算"
"404","四川天府新区智慧城市运行局云计算服务（新华三云）采购项目中标（成交）结果公告","http://www.ggzy.gov.cn/information/html/a/510000/0202/202511/11/0051923c44f1636b4704976527aa24ad0e9c.shtml","2025-11-11","全国公共资源交易平台","云计算"
"405","江苏省常州技师学院云计算工学一体实训工作站项目竞争性磋商公告","http://www.ggzy.gov.cn/information/html/a/320000/0201/202511/11/0032e13acc6cd45d49eca76b1d039dc731df.shtml","2025-11-11","全国公共资源交易平台","云计算"
"406","关于云计算服务的框架协议合同","http://www.ggzy.gov.cn/information/html/a/310000/0203/202511/11/0031c1261ba1aed24625afda980a68cf40aa.shtml","2025-11-11","全国公共资源交易平台","云计算"
"407","闵行区教育局云计算服务采购(25年运维)的中标（成交）结果公告","http://www.ggzy.gov.cn/information/html/a/310000/0202/202511/11/003142aa5624e6b348528d23569f3de5275b.shtml","2025-11-11","全国公共资源交易平台","云计算"
"408","实训云计算平台及教学空间综合服务平台(CQS25A04446)中标（成交）结果公告","http://www.ggzy.gov.cn/information/html/a/500000/0202/202511/11/0050035cd23fcc344549b4d31e4feb1412ae.shtml","2025-11-11","全国公共资源交易平台","云计算"
"409","唐山市丰润区教育局唐山市丰润区小学和部分初中云计算机教室项目公开招标公告（异地+双盲）","http://www.ggzy.gov.cn/information/html/a/130000/0201/202511/11/001315a1ec2913414e738b53246922a87756.shtml","2025-11-11","全国公共资源交易平台","云计算"
"410","甘肃交通职业技术学院实训教学设备更新项目——云计算教科研服务设备升级项目（三期）项目中标公告","http://www.ggzy.gov.cn/information/html/a/620000/0202/202511/11/00620f020ae498784f6db428c70a61bc830c.shtml","2025-11-11","全国公共资源交易平台","云计算"
"411","关于国家超级计算深圳中心（深圳云计算中心）机房配套设施运维服务项目的更正公告","http://www.ggzy.gov.cn/information/html/a/440000/0204/202511/10/0044052bf0ac5cee4f8aa537d9450d678c40.shtml","2025-11-10","全国公共资源交易平台","云计算"
"412","密云区智慧办公平台建设项目基础软件开发服务、云计算服务中标公告","http://www.ggzy.gov.cn/information/html/a/110000/0202/202511/10/001151a44a28342d4340b64a23d9f2bc56fd.shtml","2025-11-10","全国公共资源交易平台","云计算"
"413","云计算认证实训室建设项目(二次)","http://www.ggzy.gov.cn/information/html/a/440000/0203/202511/09/00442863384c00534fefba3018041d419965.shtml","2025-11-09","全国公共资源交易平台","云计算"
"414","广东科学技术职业学院建筑智能化技术科研实训平台采购","http://www.ggzy.gov.cn/information/html/a/440000/0203/202512/02/0044d9d29cd7062647df84ad9b7d43d8da47.shtml","2025-12-02","全国公共资源交易平台","广东"
"415","广东省粤东技师学院一体化教室信息化设备采购项目(二次)","http://www.ggzy.gov.cn/information/html/a/440000/0203/202512/02/00445b512cb7909241efa3ec7bf5fe548fd5.shtml","2025-12-01","全国公共资源交易平台","广东"
"416","广东医科大学附属医院2025年医疗设备采购项目（二十）招标公告","http://www.ggzy.gov.cn/information/html/a/440000/0201/202512/01/0044bf526766ae5744cfb1c2e06c1a8c1e08.shtml","2025-12-01","全国公共资源交易平台","广东"
"417","广东药科大学食品科学学院体式显微镜等采购项目（GZSW25156HG4013）结果公告","http://www.ggzy.gov.cn/information/html/a/440000/0202/202512/01/0044981e1452e8c8445fbc924f0bb42916ea.shtml","2025-12-01","全国公共资源交易平台","广东"
"418","广东药科大学药学院高效液相色谱仪等教学仪器采购项目（0877-25GZTP4ZC0745）中标公告","http://www.ggzy.gov.cn/information/html/a/440000/0202/202512/01/0044be9e0fb642ac4674adbc2abf30ee09e2.shtml","2025-12-01","全国公共资源交易平台","广东"
"419","广东省农业质量安全检测中心项目仪器设备采购结果更正公告（第一次）","http://www.ggzy.gov.cn/information/html/a/440000/0204/202512/01/0044f1479f0eaf1341a09fc91835af89d49e.shtml","2025-12-01","全国公共资源交易平台","广东"
"420","广东广播电视台超高清智慧新闻制播平台项目结果公告","http://www.ggzy.gov.cn/information/html/a/440000/0202/202512/01/0044901777a7c97e4c2abf11a1090e4a4527.shtml","2025-12-01","全国公共资源交易平台","广东"
"421","广东广播电视台8讯道4K超高清XR演播室系统项目结果公告","http://www.ggzy.gov.cn/information/html/a/440000/0202/202512/01/0044699478d8c5b046cda7a78dcaa4baa329.shtml","2025-12-01","全国公共资源交易平台","广东"
"422","广东广播电视台融媒数智云原生平台项目（软硬件及总集成等服务）结果公告","http://www.ggzy.gov.cn/information/html/a/440000/0202/202512/01/0044278d4dceb9124712b6e475c462ef404f.shtml","2025-12-01","全国公共资源交易平台","广东"
"423","广东医科大学附属医院2025年医疗设备采购项目（二十一）招标公告","http://www.ggzy.gov.cn/information/html/a/440000/0201/202512/01/00443bb20809c09b45518bf2ff7d5d5d170b.shtml","2025-12-01","全国公共资源交易平台","广东"
"424","广东省设计暴雨洪水研究及查算手册编制采购包2结果公告","http://www.ggzy.gov.cn/information/html/a/440000/0202/202512/01/00442d69be807fcd423b8f400f564d854874.shtml","2025-12-01","全国公共资源交易平台","广东"
"425","广东省设计暴雨洪水研究及查算手册编制采购包1结果公告","http://www.ggzy.gov.cn/information/html/a/440000/0202/202512/01/00446c815023d92a424a8c27c1c7bb20d5e1.shtml","2025-12-01","全国公共资源交易平台","广东"
"426","广东松山职业技术学院曲江校区物业管理服务项目结果公告","http://www.ggzy.gov.cn/information/html/a/440000/0202/202512/01/00442492c4c74371400ea1f13772f1dc3192.shtml","2025-12-01","全国公共资源交易平台","广东"
"427","先进能源科学与技术广东省实验室靶站一回路冷却水系统采购项目招标公告","http://www.ggzy.gov.cn/information/html/a/440000/0201/202512/01/0044800b36769a3440509944bcbf6837c29e.shtml","2025-12-01","全国公共资源交易平台","广东"
"428","2025年广东省城镇燃气供应站等安全专项评估项目竞争性磋商公告","http://www.ggzy.gov.cn/information/html/a/440000/0201/202512/01/00440f8b57d74e834d368228489aa67662fb.shtml","2025-12-01","全国公共资源交易平台","广东"
"429","广东省农业农村厅2026-2027年度机关食堂餐饮材料配送服务采购项目结果公告","http://www.ggzy.gov.cn/information/html/a/440000/0202/202512/01/0044a2862e3c16bc41f894e72661a3705e28.shtml","2025-12-01","全国公共资源交易平台","广东"
"430","省市场监管局广东省市场监管统计分析系统改造及运营服务（2025年）项目","http://www.ggzy.gov.cn/information/html/a/440000/0203/202512/01/0044c5c141581c934b5da19a69b0f0230003.shtml","2025-12-01","全国公共资源交易平台","广东"
"431","广东职业技术学院高明校区景观提升改造项目（一期）","http://www.ggzy.gov.cn/information/html/a/440000/0203/202512/01/004400bf5d50125949e583ff9ecca86a22d1.shtml","2025-12-01","全国公共资源交易平台","广东"
"432","2026年度广东省惠州监狱（广东省广裕集团惠州实业有限公司）服务外包项目结果公告","http://www.ggzy.gov.cn/information/html/a/440000/0202/202512/01/004442b23c8a01bd4d23a8f1d71f7186d0c1.shtml","2025-12-01","全国公共资源交易平台","广东"
"433","广东省县域医共体医疗设备更新项目（原中央苏区）——彩色多普勒超声诊断仪","http://www.ggzy.gov.cn/information/html/a/440000/0203/202512/01/004465385bdc924a41df85e1b99feab96f9b.shtml","2025-12-01","全国公共资源交易平台","广东"
"434","广东省县域医共体医疗设备更新项目（原中央苏区）——彩色多普勒超声诊断仪（便携式）","http://www.ggzy.gov.cn/information/html/a/440000/0203/202512/01/0044260b7dcbcdd242be8894045c96ada4ba.shtml","2025-12-01","全国公共资源交易平台","广东"
"435","广东省市场监管局粤标准系统开发及运维服务（2025年）招标公告","http://www.ggzy.gov.cn/information/html/a/440000/0201/202512/01/004475d81ead7ef94108baf2c44572839626.shtml","2025-12-01","全国公共资源交易平台","广东"
"436","广东省中医院信息化设备采购项目结果公告","http://www.ggzy.gov.cn/information/html/a/440000/0202/202512/01/0044d648ac21923b45e1b5785318ced240a0.shtml","2025-12-01","全国公共资源交易平台","广东"
"437","广东省中医院信息化设备采购项目结果公告","http://www.ggzy.gov.cn/information/html/a/440000/0202/202512/01/0044aafc32c9443e45a7a4b64173f3936a12.shtml","2025-12-01","全国公共资源交易平台","广东"
"438","广东省中医院信息化设备采购项目结果公告","http://www.ggzy.gov.cn/information/html/a/440000/0202/202512/01/00446f441dc41b2245faab9cdc23e39533e9.shtml","2025-12-01","全国公共资源交易平台","广东"
"439","黄浦区广东路192-246号上海文物商店房屋修缮改造工程的中标（成交）结果公告","http://www.ggzy.gov.cn/information/html/a/310000/0202/202511/28/0031454a0ec8bd4f47449ed94c1e4f80ed25.shtml","2025-11-28","全国公共资源交易平台","广东"
"440","广东职业技术学院国双高项目：智能机器人纺织协同创新实训基地","http://www.ggzy.gov.cn/information/html/a/440000/0203/202511/27/0044fe75497bc33c44658280a7d9f572cf18.shtml","2025-11-27","全国公共资源交易平台","广东"
"441","广东省全域土地综合整治涉及生态保护红线优化机制研究","http://www.ggzy.gov.cn/information/html/a/440000/0203/202511/27/0044d047d9925cfb4b31b80f0a5c690332af.shtml","2025-11-27","全国公共资源交易平台","广东"
"442","广东医科大学附属医院全院医疗区电梯定点维保项目（项目编号：0724-2511Z1977823）公开招标公告","http://www.ggzy.gov.cn/information/html/a/440000/0201/202511/27/0044480b0d467a724a0e974690539366961f.shtml","2025-11-27","全国公共资源交易平台","广东"
"443","广东省审计厅2026年政务信息化运维运营、网络安全运营及政务信息化系统测评服务项目采购更正公告（第一次）","http://www.ggzy.gov.cn/information/html/a/440000/0204/202511/27/0044d830444cc03249449147e02318e327c9.shtml","2025-11-27","全国公共资源交易平台","广东"
"444","先进能源科学与技术广东省实验室SIMM项目常规直流电缆采购项目","http://www.ggzy.gov.cn/information/html/a/440000/0203/202511/27/00443e586250caef49ea87e9384256f8b9e3.shtml","2025-11-27","全国公共资源交易平台","广东"
"445","广东番禺中学附属幼儿园2026年综合服务采购项目招标公告","http://www.ggzy.gov.cn/information/html/a/440000/0201/202511/27/00446f0778cd74454c1fbcac4f802d2c7707.shtml","2025-11-27","全国公共资源交易平台","广东"
"446","广东环境保护工程职业学院核心交换机及DNS设备采购项目（GZSW25156HG3249）结果公告","http://www.ggzy.gov.cn/information/html/a/440000/0202/202511/27/00449df17c3f60b14222830f837ce88ca081.shtml","2025-11-27","全国公共资源交易平台","广东"
"447","广东环境保护工程职业学院核心交换机及DNS设备采购项目（GZSW25156HG3249）结果公告","http://www.ggzy.gov.cn/information/html/a/440000/0202/202511/27/004403761afe113b4a99862d55b76c0dbaed.shtml","2025-11-27","全国公共资源交易平台","广东"
"448","广东省番禺监狱2025-2027年物业管理服务项目合同","http://www.ggzy.gov.cn/information/html/a/440000/0203/202511/27/0044c216096ca4fd45af8ca38a0c2858fe05.shtml","2025-11-27","全国公共资源交易平台","广东"
"449","广东省药品检验所2025年实验耗材采购项目（第二批）(二次)","http://www.ggzy.gov.cn/information/html/a/440000/0203/202511/27/0044aa15f226d5754325ab4938e081048cde.shtml","2025-11-27","全国公共资源交易平台","广东"
"450","广东广播电视台4K超高清版权综合管理系统[JGB202509S015]结果公告","http://www.ggzy.gov.cn/information/html/a/440000/0202/202511/27/00444e894e603b67417e9aad3a2bf093fdfa.shtml","2025-11-27","全国公共资源交易平台","广东"
"451","广东省现代农业装备研究院浮标波浪传感器采购项目结果公告","http://www.ggzy.gov.cn/information/html/a/440000/0202/202511/27/0044713253d3b8f54373817368ceb44217f8.shtml","2025-11-27","全国公共资源交易平台","广东"
"452","广东省现代农业装备研究院浮标气象传感器采购项目结果公告","http://www.ggzy.gov.cn/information/html/a/440000/0202/202511/27/004406a0d0de36e241b191eb2c86f0a02bf8.shtml","2025-11-27","全国公共资源交易平台","广东"
"453","广东省人民医院珠海医院（珠海市金湾中心医院）医疗设备整体维保服务采购项目（项目编号：0724-2531ZH403716）中标公告","http://www.ggzy.gov.cn/information/html/a/440000/0202/202511/27/0044ed8ffc2a49c844c784ead557b59982f2.shtml","2025-11-27","全国公共资源交易平台","广东"
"454","天津市血液中心私有云安全服务项目&nbsp;(项目编号:TGPC-2025-D-1260)公开招标公告","http://www.ggzy.gov.cn/information/html/a/120000/0201/202511/27/0012589d965539ba4287b5be864a70c8c0cf.shtml","2025-11-27","全国公共资源交易平台","私有云"
"455","滁州职业技术学院私有云平台项目更正公告","http://www.ggzy.gov.cn/information/html/a/340000/0201/202511/25/00344a1415593292445e86c1be929e2599eb.shtml","2025-11-25","全国公共资源交易平台","私有云"
"456","滁州职业技术学院私有云平台项目更正公告","http://www.ggzy.gov.cn/information/html/a/340000/0204/202511/25/00341f4ca32f69a340d48d04b626335aea36.shtml","2025-11-25","全国公共资源交易平台","私有云"
"457","枣庄经济学校校园私有云改造项目成交公告","http://www.ggzy.gov.cn/information/html/a/370000/0202/202511/21/003778038bf099c3488593f99e8f0eb05c1c.shtml","2025-11-21","全国公共资源交易平台","私有云"
"458","浙江汇永工程咨询有限公司关于台州技师学院私有云实训室（平台）采购项目中标(成交)结果公告","http://www.ggzy.gov.cn/information/html/a/330000/0202/202511/20/0033c2a88456f4e94855a5c325c1bdcf7ac4.shtml","2025-11-20","全国公共资源交易平台","私有云"
"459","业务系统私有云资源池建设项目结果公告","http://www.ggzy.gov.cn/information/html/a/440000/0202/202511/18/0044fd8e0611d1134866aa30f5d1a165a3c0.shtml","2025-11-18","全国公共资源交易平台","私有云"
"460","超融合私有云存储平台扩容升级成交结果公告","http://www.ggzy.gov.cn/information/html/a/370000/0202/202511/11/0037f340f34a52fc4710befc89b1327ce385.shtml","2025-11-11","全国公共资源交易平台","私有云"
"461","滁州职业技术学院私有云平台项目招标公告","http://www.ggzy.gov.cn/information/html/a/340000/0201/202511/11/0034a04c62af89a04af9a2f744e411329de4.shtml","2025-11-11","全国公共资源交易平台","私有云"
"462","校园私有云改造竞争性磋商公告","http://www.ggzy.gov.cn/information/html/a/370000/0201/202511/07/003752c37ddf554c495abd08c1cad0619954.shtml","2025-11-07","全国公共资源交易平台","私有云"
"463","广州市花都区人民医院2025私有云一期扩容采购项目","http://www.ggzy.gov.cn/information/html/a/440000/0203/202511/06/0044d921b3ee59b242dba1d7b1f48a130cda.shtml","2025-11-06","全国公共资源交易平台","私有云"
"464","浙江交通职业技术学院航海技术专业资源库平台船员考试练习系统（船员智练云）合同","http://www.ggzy.gov.cn/information/html/a/330000/0203/202512/02/00331a48d41ad9d54cdc98a96ba0b7d8a465.shtml","2025-12-02","全国公共资源交易平台","云"
"465","江西合胜合招标咨询有限公司关于江西工业贸易职业技术学院网络安全云防护服务外包项目（项目编号：HSH2025C119）竞争性磋商成交公告","http://www.ggzy.gov.cn/information/html/a/360000/0202/202512/02/00368a163cf37ddc40e9894e5c0dcdaa1c3d.shtml","2025-12-02","全国公共资源交易平台","云"
"466","长治市第十三中学校新校区配套设备云机房项目合同","http://www.ggzy.gov.cn/information/html/a/140000/0203/202512/02/0014c098f70f24c84827969833ed02cedefa.shtml","2025-12-01","全国公共资源交易平台","云"
"467","烟台市120急救指挥中心烟台市“云急救”综合救治服务平台建设暨120调度指挥系统升级项目（预采购）中","http://www.ggzy.gov.cn/information/html/a/370000/0204/202512/01/00379cc50fcfbce54d6a87b364ba259f2413.shtml","2025-12-01","全国公共资源交易平台","云"
"468","三峡云平台运维服务设计方案咨询项目中标公示","http://www.ggzy.gov.cn/information/html/a/420000/0202/202512/02/004246357da227144e3eaeedbdf72eafbbd0.shtml","2025-12-01","全国公共资源交易平台","云"
"469","左云县公共实训基地项目监理合同","http://www.ggzy.gov.cn/information/html/a/140000/0203/202512/01/0014a72ec1274f30465396249c3e9bbfd3b6.shtml","2025-12-01","全国公共资源交易平台","云"
"470","云之龙咨询集团有限公司关于1.5T医用磁共振成像系统采购（重2）YLZC2025-G1-990334-YZLZ&nbsp;中标结果公告","http://www.ggzy.gov.cn/information/html/a/450000/0202/202512/01/0045dcc355537aa44a30a786e2c850e07481.shtml","2025-12-01","全国公共资源交易平台","云"
"471","云之龙咨询集团有限公司关于2025&nbsp;年中央财政林业草原生态保护恢复资金一广西山口红树林国际重要湿地保护与恢复项目-生境修复治理及项目管理成效监测（GXZC2025-C3-003224-YZLZ）更正公告（四）","http://www.ggzy.gov.cn/information/html/a/450000/0204/202512/01/00454cfcfaf1c8814e8b8780ad33c4d21f13.shtml","2025-12-01","全国公共资源交易平台","云"
"472","云之龙咨询集团有限公司关于麻醉科设备一批采购（LZZC2025-G1-990858-YZLZ）公开招标公告","http://www.ggzy.gov.cn/information/html/a/450000/0201/202512/01/0045c4dc3a4f1c684b859e99cd6bf3e2bf65.shtml","2025-12-01","全国公共资源交易平台","云"
"473","友爱镇子云村基础设施沟渠建设农村公益事业项目","http://www.ggzy.gov.cn/information/html/a/510000/0201/202512/01/005108e60d9727774d779a62d449d787bf94.shtml","2025-12-01","全国公共资源交易平台","云"
"474","云之龙咨询集团有限公司关于柳州市人民医院全自动琼脂糖凝胶电泳仪及配套试剂采购（LZZC2025-G1-990899-YZLZ）公开招标公告","http://www.ggzy.gov.cn/information/html/a/450000/0201/202512/01/0045c2082f5a72194bd8a9b6a1427d690037.shtml","2025-12-01","全国公共资源交易平台","云"
"475","云之龙咨询集团有限公司NNZC2025-C3-991372-YZLZ出租交通行业服务质量第三方考核竞争性磋商公告","http://www.ggzy.gov.cn/information/html/a/450000/0201/202512/01/00451272831f028c4dea87ea55904c485a16.shtml","2025-12-01","全国公共资源交易平台","云"
"476","花果山大道振云社区段沿街环境整治工程成交公告采购包1","http://www.ggzy.gov.cn/information/html/a/320000/0202/202512/01/00327909bb8d508e404ea8e2edc5a76c9ebd.shtml","2025-12-01","全国公共资源交易平台","云"
"477","四川省公安厅交通管理总队云哨语音外呼线路租赁服务(二次)招标公告","http://www.ggzy.gov.cn/information/html/a/510000/0201/202512/01/0051b42f2f4e92bf40eea8ec3cb3d77b900a.shtml","2025-12-01","全国公共资源交易平台","云"
"478","胶州市中云街道办事处中云街道非直供电小区改造管廊配套工程成交公告","http://www.ggzy.gov.cn/information/html/a/370000/0202/202512/01/0037558151e28180443894cd0e6f24dcfc4e.shtml","2025-12-01","全国公共资源交易平台","云"
"479","甘南州住房公积金管理中心国产化桌面云建设项目公告","http://www.ggzy.gov.cn/information/html/a/620000/0201/202512/01/006257aea63989384aa89d1d5bb488b95a62.shtml","2025-12-01","全国公共资源交易平台","云"
"480","深圳市公安局龙岗分局2025年辅警云终端综合通信服务中标公告","http://www.ggzy.gov.cn/information/html/a/440000/0202/202512/01/0044c42188e3620341d3bda70850df23ac76.shtml","2025-12-01","全国公共资源交易平台","云"
"481","云落生活垃圾填埋场渗滤液浓缩液外运处理项目结果公告","http://www.ggzy.gov.cn/information/html/a/440000/0202/202512/01/00442603e9841067457da183c3da52523f35.shtml","2025-12-01","全国公共资源交易平台","云"
"482","灌云县2025年度省级水利发展资金水利工程维修养护项目(专门面向中小企业)采购公告","http://www.ggzy.gov.cn/information/html/a/320000/0201/202512/01/003229c7d856fc804252b820032867a633c9.shtml","2025-12-01","全国公共资源交易平台","云"
"483","翠屏区李端镇云顶社区岩门子崩塌排危除险工程项目更正公告","http://www.ggzy.gov.cn/information/html/a/510000/0204/202512/01/00516b16d83ba1144a5dbdf4ea56ab673e9b.shtml","2025-12-01","全国公共资源交易平台","云"
"484","惠东县平山街道、九龙峰增光片区排水防涝系统提质增效工程项目（第一期子项一：平山青云片区排水防涝系统提质增效工程）检验监测服务采购项目结果公告","http://www.ggzy.gov.cn/information/html/a/440000/0202/202512/01/0044bbda2d313e90443684f98a52f20867ea.shtml","2025-12-01","全国公共资源交易平台","云"
"485","云之龙咨询集团有限公司关于法医病理鉴定、法医临床鉴定、法医毒物鉴定服务采购项目的更正公告","http://www.ggzy.gov.cn/information/html/a/450000/0204/202512/01/00457cc71578692c4a75bb6479b4b7309896.shtml","2025-12-01","全国公共资源交易平台","云"
"486","江津区中医院云桌面服务项目(JJQ25C00088)公开招标公告","http://www.ggzy.gov.cn/information/html/a/500000/0201/202512/01/0050624f7de5aaaa407ea451a02b5045bd9b.shtml","2025-12-01","全国公共资源交易平台","云"
"487","连云港市2025年土壤污染重点监管单位周边监测项目采购公告","http://www.ggzy.gov.cn/information/html/a/320000/0201/202512/01/0032de89cb8da7fb4427879a586719670ba5.shtml","2025-12-01","全国公共资源交易平台","云"
"488","江苏省中医院连云港医院制剂室设备一批采购公告","http://www.ggzy.gov.cn/information/html/a/320000/0201/202512/01/00325a59d02789664f64a494339089699a31.shtml","2025-12-01","全国公共资源交易平台","云"
"489","连云港市妇幼保健院高频电灼仪采购项目采购公告","http://www.ggzy.gov.cn/information/html/a/320000/0201/202512/01/0032e6ab0c1e84814f7bad2d56753ecbd61b.shtml","2025-12-01","全国公共资源交易平台","云"
"490","广州市白云区拘留所后勤服务采购项目（CZ2025-1409）结果公告","http://www.ggzy.gov.cn/information/html/a/440000/0202/202512/01/00440225f366cdbc4a2387c07c8337f74c12.shtml","2025-12-01","全国公共资源交易平台","云"
"491","云之龙咨询集团有限公司&nbsp;梧州市心电诊断中心心电图机采购（WZZC2025-G1-990313-YZLZ）&nbsp;公开招标公告（远程异地评标）","http://www.ggzy.gov.cn/information/html/a/450000/0201/202512/01/0045ca45c4cd976542a490eb1a5997701983.shtml","2025-12-01","全国公共资源交易平台","云"
"492","镇宁自治县云鹤殡葬有限责任公司食堂食材配送服务及食堂劳务外包用工服务（A包：食堂食材配送服务)、（B包：食堂劳务外包用工服务）","http://www.ggzy.gov.cn/information/html/a/520000/0201/202512/01/0052c7ae9bc8b90649008d92413bec8c9fb2.shtml","2025-12-01","全国公共资源交易平台","云"
"493","政法系统应用平台（云资源服务）项目单一来源公告","http://www.ggzy.gov.cn/information/html/a/620000/0201/202512/01/006216af9bce82c4430e833ae733c362abd0.shtml","2025-12-01","全国公共资源交易平台","云"
"494","云之龙咨询集团有限公司广西壮族自治区安全生产资格考试服务采购（GXZC2025-G3-003163-YZLZ）中标公告","http://www.ggzy.gov.cn/information/html/a/450000/0202/202512/01/0045fbad111b0b3b4c968b614c61460183dd.shtml","2025-12-01","全国公共资源交易平台","云"
"495","数字喀斯特时空AI云平台采购项目的竞争性谈判公告","http://www.ggzy.gov.cn/information/html/a/520000/0201/202512/01/0052ff2446e31ac94268b53191487c45ea45.shtml","2025-12-01","全国公共资源交易平台","云"
"496","云之龙咨询集团有限公司NNZC2025-C3-991372-YZLZ&nbsp;出租交通行业服务质量第三方考核竞争性磋商公告","http://www.ggzy.gov.cn/information/html/a/450000/0201/202512/01/0045dbff01e7217a418f86ff8d2fb01082a7.shtml","2025-12-01","全国公共资源交易平台","云"
"497","连云港市优先监管地块重点监测项目采购公告(二)","http://www.ggzy.gov.cn/information/html/a/320000/0201/202512/01/0032676a3ccd459646e1ae32ab30944c47ce.shtml","2025-12-01","全国公共资源交易平台","云"
"498","云之龙咨询集团有限公司梧州市心电诊断中心心电图机采购（WZZC2025-G1-990313-YZLZ）公开招标公告（远程异地评标）","http://www.ggzy.gov.cn/information/html/a/450000/0201/202512/01/00459d44cbcccfc44f39b4623554c3fc5d9f.shtml","2025-12-01","全国公共资源交易平台","云"
"499","灌云县森林火灾智能监测预警系统提升项目采购公告","http://www.ggzy.gov.cn/information/html/a/320000/0201/202512/01/0032ce457d62febc49958c1716914af301b5.shtml","2025-12-01","全国公共资源交易平台","云"
"500","云之龙咨询集团有限公司医院治安管理服务项目（GXZC2025-G3-003447-YZLZ）招标公告","http://www.ggzy.gov.cn/information/html/a/450000/0201/202512/01/00455ea68c5d404e49a784c6d062a6061c3f.shtml","2025-12-01","全国公共资源交易平台","云"
"501","【阜新市城区分公司智慧场景建设商超类（好又多超市）项目设备采购项目】废标公告","https://www.chinapost.com.cn/html1/report/2512/184-1.htm","2025-12-01","中国邮政","智慧"
"502","【石家庄邮电职业技术学院（中国邮政集团有限公司培训中心）智慧扩音与音频处理设备采购】比选公告","https://www.chinapost.com.cn/html1/report/25111/325-1.htm","2025-11-28","中国邮政","智慧"
"503","【中国邮政集团有限公司阜新市分公司阜蒙县智慧场景建设商超类（旺客隆超市）设备采购项目】流标公告","https://www.chinapost.com.cn/html1/report/25111/435-1.htm","2025-11-28","中国邮政","智慧"
"504","【阜新市城区分公司智慧场景建设商超类（嘉乐多超市）项目设备采购项目】流标公告","https://www.chinapost.com.cn/html1/report/25111/436-1.htm","2025-11-28","中国邮政","智慧"
"505","中国邮政储蓄银行四川省分行眉山洪雅县人民医院智慧医院建设技术服务项目中标候选人公示","https://www.chinapost.com.cn/html1/report/2511/9820-1.htm","2025-11-27","中国邮政","智慧"
"506","中国邮政集团有限公司天门市分公司开展智慧场景运营专项营销活动项目采购项目公开比选公告","https://www.chinapost.com.cn/html1/report/2511/9748-1.htm","2025-11-26","中国邮政","智慧"
"507","【中国邮政集团有限公司温州市分公司2025年温州市菜篮子集团有限公司智慧场景采购项目（第二次）】招标公告","https://www.chinapost.com.cn/html1/report/2511/9398-1.htm","2025-11-26","中国邮政","智慧"
"508","【中国邮政集团有限公司温州市分公司2025年温州市菜篮子集团有限公司智慧场景采购项目】流标公告","https://www.chinapost.com.cn/html1/report/2511/8890-1.htm","2025-11-25","中国邮政","智慧"
"509","【四川邮政智慧客户管理平台开发及营销助手2025年新增功能开发项目】中标结果公告","https://www.chinapost.com.cn/html1/report/2511/8371-1.htm","2025-11-24","中国邮政","智慧"
"510","2025年广东信源文化科技有限公司金版学案 同步优学智慧作业零星购买选比公告","https://www.chinapost.com.cn/html1/report/2511/7738-1.htm","2025-11-21","中国邮政","智慧"
"511","2025年广东信源文化科技有限公司金版学案 同步优学智慧作业零星购买选比公告","https://www.chinapost.com.cn/html1/report/2511/6203-1.htm","2025-11-18","中国邮政","智慧"
"512","邮政展示“智慧+融合”模式","https://www.chinapost.com.cn/html1/report/2511/5416-1.htm","2025-11-17","中国邮政","智慧"
"513","【锦州市分公司智慧场景建设软硬件（商超批发类）采购】废标公告","https://www.chinapost.com.cn/html1/report/2511/5882-1.htm","2025-11-17","中国邮政","智慧"
"514","徐州邮政智慧物流中心（徐州邮件处理中心二期）工程施工招标公告","https://www.chinapost.com.cn/html1/report/2511/5289-1.htm","2025-11-14","中国邮政","智慧"
"515","财富管理远程投顾交互系统配套智慧屏采购需求公开征求意见公告","https://www.chinapost.com.cn/html1/report/2511/5176-1.htm","2025-11-14","中国邮政","智慧"
"516","【四川邮政智慧客户管理平台开发及营销助手2025年新增功能开发项目】中标候选人公示","https://www.chinapost.com.cn/html1/report/2511/4501-1.htm","2025-11-13","中国邮政","智慧"
"517","【中国邮政集团有限公司合肥市分公司邻几智慧场景收银机设备采购项目】招标公告","https://www.chinapost.com.cn/html1/report/2511/4456-1.htm","2025-11-13","中国邮政","智慧"
"518","【菏泽市分公司郓城、定陶、成武智慧场景建设采购项目】采前公示","https://www.chinapost.com.cn/html1/report/2511/3604-1.htm","2025-11-11","中国邮政","智慧"
"519","中国邮政储蓄银行安徽省分行零售客户企业微信智慧运营服务采购项目成交结果公告","https://www.chinapost.com.cn/html1/report/2511/3423-1.htm","2025-11-11","中国邮政","智慧"
"520","【中国邮政集团有限公司辽阳市分公司智慧场景建设（辽阳市太子河区好物省多多折扣仓百货超市、辽阳光华超市、辽阳灯塔大商家超市）项目】招标公告","https://www.chinapost.com.cn/html1/report/2511/2073-1.htm","2025-11-07","中国邮政","智慧"
"521","【中国邮政集团有限公司云南省昆明邮区中心分拣设备备品备件采购项目】采前公示","https://www.chinapost.com.cn/html1/report/2512/346-1.htm","2025-12-01","中国邮政","云"
"522","【中国邮政集团有限公司云南省昆明邮区中心分拣设备备品备件采购项目】采前公示","https://www.chinapost.com.cn/html1/report/2512/347-1.htm","2025-12-01","中国邮政","云"
"523","关于2024年集团公司党组第二批巡视中国邮政储蓄银行云南省分行党委整改进展情况的通报","https://www.chinapost.com.cn/html1/report/2512/197-1.htm","2025-12-01","中国邮政","云"
"524","中国邮政云霄、东山、诏安县分公司2026-2027年度物业服务外包询比公告","https://www.chinapost.com.cn/html1/report/2512/383-1.htm","2025-12-01","中国邮政","云"
"525","中国邮政集团有限公司长沙市分公司本部中邮云仓生产垃圾处理清运及消纳服务采购项目比选公告","https://www.chinapost.com.cn/html1/report/2512/520-1.htm","2025-12-01","中国邮政","云"
"526","【2025年湖北邮政代理金融云柜中心机房网络设备项目】成交候选人公示","https://www.chinapost.com.cn/html1/report/2512/336-1.htm","2025-12-01","中国邮政","云"
"527","【中国邮政集团有限公司云南省分公司客服中心客服环节业务外包采购项目】变更公告","https://www.chinapost.com.cn/html1/report/25111/879-1.htm","2025-11-30","中国邮政","云"
"528","云南邮政打造俄向跨境寄递新通道","https://www.chinapost.com.cn/html1/report/25111/352-1.htm","2025-11-28","中国邮政","云"
"529","【中国邮政集团有限公司云南省昆明邮区中心消防系统设施维护保养服务采购项目】招标公告","https://www.chinapost.com.cn/html1/report/25111/386-1.htm","2025-11-28","中国邮政","云"
"530","【中国邮政集团有限公司云南省昆明邮区中心业务单式供应商采购项目】招标公告","https://www.chinapost.com.cn/html1/report/25111/413-1.htm","2025-11-28","中国邮政","云"
"531","中国邮政储蓄银行股份有限公司宁波分行2025年云喇叭设备及相关服务采购项目（第二次）成交公告","https://www.chinapost.com.cn/html1/report/25111/616-1.htm","2025-11-28","中国邮政","云"
"532","【中国邮政集团有限公司江苏省分公司2025-2028年连云港法院集约送达服务外包项目（二次）】招标公告","https://www.chinapost.com.cn/html1/report/25111/316-1.htm","2025-11-28","中国邮政","云"
"533","中国邮政集团有限公司云浮市分公司2025年汽车维修保养服务采购项目（第二次）成交候选人公示","https://www.chinapost.com.cn/html1/report/25111/579-1.htm","2025-11-28","中国邮政","云"
"534","中国邮政航空有限责任公司广州白云国际机场特种车辆等服务合作项目事前公示","https://www.chinapost.com.cn/html1/report/25111/37-1.htm","2025-11-27","中国邮政","云"
"535","云浮市分行2026-2027年各一级支行辖属网点保安值守服务采购项目中标结果公示","https://www.chinapost.com.cn/html1/report/2511/9903-1.htm","2025-11-27","中国邮政","云"
"536","【中国邮政集团有限公司江苏省分公司2026-2027年连云港市分公司（赣榆、灌南）包裹快递揽收业务外包】招标公告","https://www.chinapost.com.cn/html1/report/25111/147-1.htm","2025-11-27","中国邮政","云"
"537","中国邮政集团有限公司云浮市分公司2025年汽车维修保养服务采购项目（第二次）（标段三）失败公告","https://www.chinapost.com.cn/html1/report/2511/9955-1.htm","2025-11-27","中国邮政","云"
"538","云浮市分行2026-2027年物业后勤综合服务项目（第二次）中标结果公示","https://www.chinapost.com.cn/html1/report/2511/9636-1.htm","2025-11-26","中国邮政","云"
"539","中国邮政集团有限公司江苏省分公司2026-2028年连云港市分公司赣榆内部处理业务外包项目中标候选人公示","https://www.chinapost.com.cn/html1/report/2511/8887-1.htm","2025-11-25","中国邮政","云"
"540","中国邮政集团有限公司云浮市分公司2025年跨年度旺季营销咨询辅导项目成交候选人公示","https://www.chinapost.com.cn/html1/report/2511/9042-1.htm","2025-11-25","中国邮政","云"
"541","【《中国邮政报》社有限公司互联网专线服务项目】招标公告","https://www.chinapost.com.cn/html1/report/25111/482-1.htm","2025-11-28","中国邮政","专线"
"542","中国邮政储蓄银行股份有限公司江苏省分行2025-2026年全省VPN专线集中采购项目中标结果公示","https://www.chinapost.com.cn/html1/report/2511/9817-1.htm","2025-11-27","中国邮政","专线"
"543","中国邮政储蓄银行股份有限公司青海省分行网络线路租赁服务采购项目（第3次招标）（标段一数字专线服务）","https://www.chinapost.com.cn/html1/report/2511/9201-1.htm","2025-11-25","中国邮政","专线"
"544","中国邮政储蓄银行股份有限公司青海省分行网络线路租赁服务采购项目（标段一数字专线服务）（第2次）流标公告","https://www.chinapost.com.cn/html1/report/2511/8880-1.htm","2025-11-25","中国邮政","专线"
"545","云南邮政“昆明—伊斯坦布尔”国际航空货运专线成功首航","https://www.chinapost.com.cn/html1/report/2511/8204-1.htm","2025-11-24","中国邮政","专线"
"546","中国邮政集团有限公司常州市分公司2026年办公网专线租赁服务项目招标公告","https://www.chinapost.com.cn/html1/report/2511/8337-1.htm","2025-11-24","中国邮政","专线"
"547","中国邮政储蓄银行股份有限公司南京市分行2026年五区支行上缴业务库武装押运专线服务项目(第2次招标)公开招标公告","https://www.chinapost.com.cn/html1/report/2511/7792-1.htm","2025-11-21","中国邮政","专线"
"548","中国邮政速递物流股份有限公司2026-2028年度寄递事业部专线类通信线路集中采购项目 竞争性磋商公告","https://www.chinapost.com.cn/html1/report/2511/7885-1.htm","2025-11-21","中国邮政","专线"
"549","【中国邮政集团有限公司济宁市分公司全市数据专线租用项目（二次）】招标公告","https://www.chinapost.com.cn/html1/report/2511/7171-1.htm","2025-11-20","中国邮政","专线"
"550","中国邮政集团有限公司济宁市分公司全市数据专线租用项目废标公告","https://www.chinapost.com.cn/html1/report/2511/7105-1.htm","2025-11-20","中国邮政","专线"
"551","【中国邮政速递物流股份有限公司2026-2028年度寄递事业部专线类通信线路集中采购项目】废标公告","https://www.chinapost.com.cn/html1/report/2511/7372-1.htm","2025-11-20","中国邮政","专线"
"552","中国邮政储蓄银行股份有限公司六安市分行互联网网络专线租赁服务采购项目成交结果公告","https://www.chinapost.com.cn/html1/report/2511/1718-1.htm","2025-11-06","中国邮政","专线"
"553","中国邮政储蓄银行股份有限公司南京市分行2026年五区支行上缴业务库武装押运专线服务项目公开招标公告","https://www.chinapost.com.cn/html1/report/2511/1189-1.htm","2025-11-05","中国邮政","专线"
"554","中国邮政速递物流股份有限公司2026-2028年度寄递事业部专线类通信线路集中采购项目 竞争性磋商公告","https://www.chinapost.com.cn/html1/report/2511/782-1.htm","2025-11-04","中国邮政","专线"
"555","中国邮政储蓄银行股份有限公司青海省分行网络线路租赁服务采购项目（标段一数字专线服务）(第2次)公开招标公告","https://www.chinapost.com.cn/html1/report/2511/518-1.htm","2025-11-03","中国邮政","专线"
"556","中国邮政集团有限公司广东省分公司2025年省中心硬件资源池和AI基础服务平台项目采前公示公告","https://www.chinapost.com.cn/html1/report/2511/3185-1.htm","2025-11-10","中国邮政","公有云"
"557","广东邮政圆满完成十五运会服务保障工作","https://www.chinapost.com.cn/html1/report/2512/33-1.htm","2025-12-01","中国邮政","广东"
"558","广东邮政快包业务实现量收双增","https://www.chinapost.com.cn/html1/report/2512/75-1.htm","2025-12-01","中国邮政","广东"
"559","【中国邮政集团有限公司广东省广州邮区中心2025年党建宣传品设计及印制采购项目(第二次)】招标公告","https://www.chinapost.com.cn/html1/report/25111/513-1.htm","2025-11-28","中国邮政","广东"
"560","广东信源文化科技有限公司2025年新能源厢式面包货车项目（第二次）比选公告","https://www.chinapost.com.cn/html1/report/25111/758-1.htm","2025-11-28","中国邮政","广东"
"561","【中国邮政集团有限公司广东省分公司人才发展中心2025年架空电缆埋地改造项目】公开竞争性磋商公告","https://www.chinapost.com.cn/html1/report/25111/347-1.htm","2025-11-28","中国邮政","广东"
"562","中国邮政储蓄银行股份有限公司广东省分行2026年-2027年信用卡进件处理业务外包服务项目招标公告","https://www.chinapost.com.cn/html1/report/25111/755-1.htm","2025-11-28","中国邮政","广东"
"563","中国邮政储蓄银行股份有限公司2026年广东省分行公众号及企微运营服务商项目招标公告","https://www.chinapost.com.cn/html1/report/25111/756-1.htm","2025-11-28","中国邮政","广东"
"564","中国邮政储蓄银行股份有限公司广东省分行2025年全省办公场地消防设施年度检测服务项目招标公告","https://www.chinapost.com.cn/html1/report/25111/769-1.htm","2025-11-28","中国邮政","广东"
"565","广东信源文化科技有限公司2025年新能源厢式面包货车项目失败公告","https://www.chinapost.com.cn/html1/report/25111/688-1.htm","2025-11-28","中国邮政","广东"
"566","【中国邮政集团有限公司广东省分公司人才发展中心2025年学生宿舍加装洗漱盆项目】中标候选人公示","https://www.chinapost.com.cn/html1/report/25111/342-1.htm","2025-11-28","中国邮政","广东"
"567","中国邮政集团有限公司广东省分公司2026年广东邮政电力市场化交易采购项目成交候选人公示","https://www.chinapost.com.cn/html1/report/25111/772-1.htm","2025-11-28","中国邮政","广东"
"568","中国邮政集团有限公司广东省分公司2025年广东邮政国内寄递业务和物流业务仓配一体化作业服务入围采购增补供应商项目入围候选人公示","https://www.chinapost.com.cn/html1/report/25111/798-1.htm","2025-11-28","中国邮政","广东"
"569","中国邮政集团有限公司广东省分公司人才发展中心2025年全省邮政培训教学视频课件摄制采购项目（第二次）成交候选人公示","https://www.chinapost.com.cn/html1/report/25111/845-1.htm","2025-11-28","中国邮政","广东"
"570","【中国邮政集团有限公司广东省广州邮区中心2025年党建宣传品设计及印制采购项目】失败公告","https://www.chinapost.com.cn/html1/report/2511/9859-1.htm","2025-11-27","中国邮政","广东"
"571","【中国邮政集团有限公司广东省分公司人才发展中心2025年室外篮球场翻新项目】竞争性磋商公告","https://www.chinapost.com.cn/html1/report/2511/9804-1.htm","2025-11-27","中国邮政","广东"
"572","【中国邮政集团有限公司广东省分公司2025年广东邮政市趟之东莞市分公司委办运输采购项目（第三次）】招标公告","https://www.chinapost.com.cn/html1/report/2511/9830-1.htm","2025-11-27","中国邮政","广东"
"573","2025年广东信源文化科技公司95克华夏太阳（特规）双胶纸1092*990MM零星购买项目反向竞拍公告","https://www.chinapost.com.cn/html1/report/2511/9895-1.htm","2025-11-27","中国邮政","广东"
"574","中国邮政集团有限公司广东省分公司2025年肇庆市分公司生产摩托车项目（第二次）失败公告","https://www.chinapost.com.cn/html1/report/2511/9943-1.htm","2025-11-27","中国邮政","广东"
"575","【广东信源文化科技有限公司高速插页机生产线设备采购项目】中标候选人公示","https://www.chinapost.com.cn/html1/report/2511/9894-1.htm","2025-11-27","中国邮政","广东"
"576","中国邮政集团有限公司广东省分公司2025年肇庆市分公司寄递大客户驻点业务外包服务采购项目中标候选人公示","https://www.chinapost.com.cn/html1/report/2511/9933-1.htm","2025-11-27","中国邮政","广东"
"577","中国邮政储蓄银行攀枝花市人力资源和社会保障局短信平台使用服务项目(第2次招标)公开招标公告","https://www.chinapost.com.cn/html1/report/2512/141-1.htm","2025-12-01","中国邮政","短信"
"578","中国邮政储蓄银行攀枝花市人力资源和社会保障局短信平台使用服务项目流标公告","https://www.chinapost.com.cn/html1/report/25111/313-1.htm","2025-11-28","中国邮政","短信"
"579","【中国邮政集团有限公司盐城市分公司2025-2026年金融跨年度竞赛期间三网短信宣传项目】招标公告","https://www.chinapost.com.cn/html1/report/2511/9715-1.htm","2025-11-26","中国邮政","短信"
"580","中国邮政储蓄银行益阳市分行投放中国移动、中国电信专属客户短信服务项目（标段一）单一来源采前公示","https://www.chinapost.com.cn/html1/report/2511/9607-1.htm","2025-11-26","中国邮政","短信"
"581","【中国邮政集团有限公司淮安市分公司短信宣传服务采购项目（第二次）】中标候选人公示","https://www.chinapost.com.cn/html1/report/2511/9120-1.htm","2025-11-25","中国邮政","短信"
"582","中国邮政储蓄银行攀枝花市人力资源和社会保障局短信平台使用服务项目公开招标公告","https://www.chinapost.com.cn/html1/report/2511/7289-1.htm","2025-11-20","中国邮政","短信"
"583","【中国邮政集团有限公司东莞市分公司2025年短信平台服务采购项目】中标候选人公示","https://www.chinapost.com.cn/html1/report/2511/5929-1.htm","2025-11-17","中国邮政","短信"
"584","中国邮政储蓄银行益阳市分行投放中国移动、中国电信专属客户短信服务项目（第二次）流标公告","https://www.chinapost.com.cn/html1/report/2511/2981-1.htm","2025-11-10","中国邮政","短信"
"585","【中国邮政集团有限公司东莞市分公司2025年短信平台服务采购项目】竞争性磋商公告","https://www.chinapost.com.cn/html1/report/2511/2341-1.htm","2025-11-07","中国邮政","短信"
"586","【中国邮政集团有限公司淮安市分公司短信宣传服务采购项目（第二次）】招标公告","https://www.chinapost.com.cn/html1/report/2511/770-1.htm","2025-11-04","中国邮政","短信"
"587","北京市“智慧人社”（二期）人事人才业务系统建设项目-中标公告","https://ctbpsp.com/#/bulletinDetail?uuid=7c18b9e8-2fb1-4910-a740-5efed440d95e&inpvalue=%E7%9F%AD%E4%BF%A1&dataSource=0&tenderAgency=","2025-12-02","全国招标公告公示","智慧"
"588","预算一体化智慧资产统筹管理平台项目--第二包公用房系统（二次）招标公告","https://ctbpsp.com/#/bulletinDetail?uuid=17410ad4-80f4-4c01-9e02-820276cfdd87&inpvalue=%E7%9F%AD%E4%BF%A1&dataSource=0&tenderAgency=","2025-12-02","全国招标公告公示","智慧"
"589","中国工商银行天津市分行与天津市河西区卫健委智慧医院信息化改造合作项目招标公告","https://ctbpsp.com/#/bulletinDetail?uuid=a66716c7-c4d0-465c-92b1-5ba8c1f055f4&inpvalue=%E7%9F%AD%E4%BF%A1&dataSource=0&tenderAgency=","2025-12-02","全国招标公告公示","智慧"
"590","坊子区智慧农业示范园项目中标结果公告","https://ctbpsp.com/#/bulletinDetail?uuid=0087d141-3b75-4596-b53c-b1214ca0b63c&inpvalue=%E7%9F%AD%E4%BF%A1&dataSource=0&tenderAgency=","2025-12-02","全国招标公告公示","智慧"
"591","武汉国家航天产业基地智慧数字产业园区天元中路(龙翔路-双龙东路)新建工程第三方检测成交结果公告","https://ctbpsp.com/#/bulletinDetail?uuid=257e082e-034f-40ef-b48c-038a8a3c4ea7&inpvalue=%E7%9F%AD%E4%BF%A1&dataSource=0&tenderAgency=","2025-12-02","全国招标公告公示","智慧"
"592","《四川智慧能源单元推广应用09142》项目VRV空调接口通信模块成交公告","https://ctbpsp.com/#/bulletinDetail?uuid=6c8ce99a-56c7-48cd-b851-69b376e04430&inpvalue=%E7%9F%AD%E4%BF%A1&dataSource=0&tenderAgency=","2025-12-02","全国招标公告公示","智慧"
"593","2025年中国电信泉州分公司惠安县智慧路灯综合管理系统项目成交候选人公示","https://ctbpsp.com/#/bulletinDetail?uuid=24ebe6e0-ee9a-4f2a-87b1-c7c8b7537a95&inpvalue=%E7%9F%AD%E4%BF%A1&dataSource=0&tenderAgency=","2025-12-02","全国招标公告公示","智慧"
"594","洛阳市民政局洛阳殡仪馆扩建改造项目智慧殡葬一期（洛阳殡仪馆便民综合业务服务管理平台项目）建设项目（二次）更正公告","https://ctbpsp.com/#/bulletinDetail?uuid=f11a34b4-4681-4b3f-aec9-ba0ccd944bce&inpvalue=%E7%9F%AD%E4%BF%A1&dataSource=0&tenderAgency=","2025-12-02","全国招标公告公示","智慧"
"595","中国电信股份有限公司湖北分公司大院智慧园区AI+智惠安防建设项目成交候选人公示","https://ctbpsp.com/#/bulletinDetail?uuid=705c7602-1b6a-48fb-8dd0-29056f112355&inpvalue=%E7%9F%AD%E4%BF%A1&dataSource=0&tenderAgency=","2025-12-02","全国招标公告公示","智慧"
"596","中铁二十五局集团有限公司铜川渭北智慧物流产业园二期建设工程项目EPC总承包项目经理部（锅炉、供水等）设备招标公告","https://ctbpsp.com/#/bulletinDetail?uuid=c0b406ff-bb8d-44ff-aa07-5cb6cf1d8405&inpvalue=%E7%9F%AD%E4%BF%A1&dataSource=0&tenderAgency=","2025-12-02","全国招标公告公示","智慧"
"597","中国电信四川公司2025年天府云计算中心二期安全三同时评价服务项目（第二次）询比公告","https://ctbpsp.com/#/bulletinDetail?uuid=1ab6d6ff-55d9-466c-b6c6-8134be78bc21&inpvalue=%E7%9F%AD%E4%BF%A1&dataSource=0&tenderAgency=","2025-12-01","全国招标公告公示","云计算"
"598","深圳国能紫荆云计算有限公司2026年电力交易服务项目候选人公示","https://ctbpsp.com/#/bulletinDetail?uuid=7a7b1009-77b3-4fc0-ab33-e4200e70572a&inpvalue=%E7%9F%AD%E4%BF%A1&dataSource=0&tenderAgency=","2025-12-01","全国招标公告公示","云计算"
"599","中铁八局电务公司克拉玛依云计算产业园区标准化厂房改造项目（一期）工程总承包项目电伴热带询价采购","https://ctbpsp.com/#/bulletinDetail?uuid=5c14da90-8614-41ef-be2d-f1ee22370d95&inpvalue=%E7%9F%AD%E4%BF%A1&dataSource=0&tenderAgency=","2025-12-01","全国招标公告公示","云计算"
"600","云之龙咨询集团有限公司关于玉林市第一人民医院X射线计算机体层摄影设备机维保服务采购项目YZLYL2025-C3-333-YLQT竞争性磋商公告","https://ctbpsp.com/#/bulletinDetail?uuid=607b656a-dc4c-406b-8456-e113bf52f1a1&inpvalue=%E7%9F%AD%E4%BF%A1&dataSource=0&tenderAgency=","2025-12-01","全国招标公告公示","云计算"
"601","中国电信股份有限公司江苏分公司2026年思科及超聚变云计算设备维保服务采购项目","https://ctbpsp.com/#/bulletinDetail?uuid=175d31f1-c731-42d0-9976-6299fbe4a919&inpvalue=%E7%9F%AD%E4%BF%A1&dataSource=0&tenderAgency=","2025-12-01","全国招标公告公示","云计算"
"602","中国电信股份有限公司云计算内蒙古分公司2025年-2027年风冷机组设备维保项目询比公告","https://ctbpsp.com/#/bulletinDetail?uuid=154a46fc-30ac-4ba0-9040-68625e1c09ba&inpvalue=%E7%9F%AD%E4%BF%A1&dataSource=0&tenderAgency=","2025-12-01","全国招标公告公示","云计算"
"603","中国电信中部云计算数据中心（经开云基地）A1四楼机电配套项目-市电引入部分工程成交候选人公示","https://ctbpsp.com/#/bulletinDetail?uuid=4094fe38-d2f8-4ad0-9efb-b185fc0ea501&inpvalue=%E7%9F%AD%E4%BF%A1&dataSource=0&tenderAgency=","2025-12-01","全国招标公告公示","云计算"
"604","锐驰项目管理有限公司关于国产云计算服务器及配套软件项目（项目编号：RC-PX-2025-64）询价公告","https://ctbpsp.com/#/bulletinDetail?uuid=6a9749f0-71e5-408d-bc01-b92423755821&inpvalue=%E7%9F%AD%E4%BF%A1&dataSource=0&tenderAgency=","2025-12-01","全国招标公告公示","云计算"
"605","中国电信北海分公司2025年四川路云计算数据中心发电机系统改造施工服务采购项目成交候选人公示","https://ctbpsp.com/#/bulletinDetail?uuid=512f3c6d-eb3d-46c7-b2d7-aa677c59a6d0&inpvalue=%E7%9F%AD%E4%BF%A1&dataSource=0&tenderAgency=","2025-12-01","全国招标公告公示","云计算"
"606","中科（济南）超级云计算中心EPC项目（一期） 中标公示","https://ctbpsp.com/#/bulletinDetail?uuid=eebe1b8e-9d1d-4050-9bf6-fe3a9eaec1ea&inpvalue=%E7%9F%AD%E4%BF%A1&dataSource=0&tenderAgency=","2025-12-01","全国招标公告公示","云计算"
"607","天翼云2025年私有化即时通讯安全工具产品软件许可采购项目成交候选人公示","https://ctbpsp.com/#/bulletinDetail?uuid=87b85216-2bd9-4f0b-ad62-d02da87395ab&inpvalue=%E7%9F%AD%E4%BF%A1&dataSource=0&tenderAgency=","2025-11-28","全国招标公告公示","私有云"
"608","北京银行2025年私有云软件服务采购项目招标公告","https://ctbpsp.com/#/bulletinDetail?uuid=174f8932-9b9a-4a8d-a796-fb25b12d178c&inpvalue=%E7%9F%AD%E4%BF%A1&dataSource=0&tenderAgency=","2025-11-28","全国招标公告公示","私有云"
"609","中国电信股份有限公司镇江分公司2025年扬中电信DHWY管理系统及私有云建设项目招标公告","https://ctbpsp.com/#/bulletinDetail?uuid=6b7de64f-09be-4918-8a23-ddc5aa9cce02&inpvalue=%E7%9F%AD%E4%BF%A1&dataSource=0&tenderAgency=","2025-11-28","全国招标公告公示","私有云"
"610","2025年中国联通包头市行政审批政务服务与数据管理局私有云新建工程-政务网扩容项目 - 变更公告","https://ctbpsp.com/#/bulletinDetail?uuid=e865ceb4-3ecd-43e4-86c8-b593e98f0099&inpvalue=%E7%9F%AD%E4%BF%A1&dataSource=0&tenderAgency=","2025-11-28","全国招标公告公示","私有云"
"611","2025年中国联通包头市行政审批政务服务与数据管理局私有云新建工程机房改造及基础配套设施项目 - 询比采购公告","https://ctbpsp.com/#/bulletinDetail?uuid=d5697757-4b15-41ec-a132-389d74f0db33&inpvalue=%E7%9F%AD%E4%BF%A1&dataSource=0&tenderAgency=","2025-11-28","全国招标公告公示","私有云"
"612","中国电信天津分公司2025-2026年省公司私有云项目集成服务集中采购项目（重新）招标公告","https://ctbpsp.com/#/bulletinDetail?uuid=3235c59d-7ca1-4ab8-9637-ee839217dc37&inpvalue=%E7%9F%AD%E4%BF%A1&dataSource=0&tenderAgency=","2025-11-28","全国招标公告公示","私有云"
"613","河南日报社私有云（媒体集群资源池）建设项目-公开招标公告","https://ctbpsp.com/#/bulletinDetail?uuid=65a2e4e4-f2d1-4db7-835c-f4f90651fe0c&inpvalue=%E7%9F%AD%E4%BF%A1&dataSource=0&tenderAgency=","2025-11-28","全国招标公告公示","私有云"
"614","中国电信天津分公司2025年X私有云建设工程应用软件采购项目询比结果公示","https://ctbpsp.com/#/bulletinDetail?uuid=6789431e-d8db-41d8-ac91-75f3541378de&inpvalue=%E7%9F%AD%E4%BF%A1&dataSource=0&tenderAgency=","2025-11-28","全国招标公告公示","私有云"
"615","北京市政交通一卡通私有云平台版本升级项目招标公告","https://ctbpsp.com/#/bulletinDetail?uuid=0aab5e95-7db4-4ebc-bbe5-7091922ef2c3&inpvalue=%E7%9F%AD%E4%BF%A1&dataSource=0&tenderAgency=","2025-11-28","全国招标公告公示","私有云"
"616","北京市政交通一卡通私有云平台版本升级项目招标公告","https://ctbpsp.com/#/bulletinDetail?uuid=3bd165f7-e088-46fe-8794-b64b7b8651c5&inpvalue=%E7%9F%AD%E4%BF%A1&dataSource=0&tenderAgency=","2025-11-28","全国招标公告公示","私有云"
"617","2025年财务公司公有云租赁项目中标结果公告","https://ctbpsp.com/#/bulletinDetail?uuid=b512bd18-ad8e-4608-89de-563526922f65&inpvalue=%E7%9F%AD%E4%BF%A1&dataSource=0&tenderAgency=","2025-12-02","全国招标公告公示","公有云"
"618","南方电网互联网服务有限公司2026年公有云资源及相关服务采购项目招标公告","https://ctbpsp.com/#/bulletinDetail?uuid=392129f2-c030-44d8-909b-84b19d77f308&inpvalue=%E7%9F%AD%E4%BF%A1&dataSource=0&tenderAgency=","2025-12-01","全国招标公告公示","公有云"
"619","南方电网互联网服务有限公司2026年公有云资源及相关服务采购项目招标公告","https://ctbpsp.com/#/bulletinDetail?uuid=601e1a00-0fec-42d7-89cc-350da7a79bdf&inpvalue=%E7%9F%AD%E4%BF%A1&dataSource=0&tenderAgency=","2025-12-01","全国招标公告公示","公有云"
"620","潇湘晨报晨视频智慧媒体运营系统（公有云服务三期）采购中标结果公告","https://ctbpsp.com/#/bulletinDetail?uuid=78056387-7f54-4696-b489-fd4455af02a1&inpvalue=%E7%9F%AD%E4%BF%A1&dataSource=0&tenderAgency=","2025-11-28","全国招标公告公示","公有云"
"621","2025年财务公司公有云租赁项目中标候选人公示","https://ctbpsp.com/#/bulletinDetail?uuid=7d10d54a-a97d-4370-a1d6-5fbcdfff25c5&inpvalue=%E7%9F%AD%E4%BF%A1&dataSource=0&tenderAgency=","2025-11-28","全国招标公告公示","公有云"
"622","熊猫基地票务系统公有云资源租赁采购项目中选公告","https://ctbpsp.com/#/bulletinDetail?uuid=a1431372-3cde-4cd9-9b20-7e03438dce66&inpvalue=%E7%9F%AD%E4%BF%A1&dataSource=0&tenderAgency=","2025-11-27","全国招标公告公示","公有云"
"623","深航AI算力资源租赁（公有云资源池）采购项目中标结果公告","https://ctbpsp.com/#/bulletinDetail?uuid=dda437f9-c9f0-4991-b925-941fd0c83186&inpvalue=%E7%9F%AD%E4%BF%A1&dataSource=0&tenderAgency=","2025-11-27","全国招标公告公示","公有云"
"624","江西省安澜工程咨询有限公司关于江西江投数字经济技术有限公司（项目编号：ALCG-2025-024 ）数字化建设项目一期项目—公有云资源及安全服务租赁项目竞争性磋商公告","https://ctbpsp.com/#/bulletinDetail?uuid=d595b9a5-92fa-460e-a1ce-46c6aeba44b2&inpvalue=%E7%9F%AD%E4%BF%A1&dataSource=0&tenderAgency=","2025-11-27","全国招标公告公示","公有云"
"625","江苏中烟工业有限责任公司2026-2028年公有云服务采购项目中标候选人变更公示","https://ctbpsp.com/#/bulletinDetail?uuid=ea52a891-2b1d-4844-a414-83e30352b42c&inpvalue=%E7%9F%AD%E4%BF%A1&dataSource=0&tenderAgency=","2025-11-26","全国招标公告公示","公有云"
"626","2025年南方电网数字平台科技（广东）有限公司公有云标识解析公共服务软件项目公开招标中标公告","https://ctbpsp.com/#/bulletinDetail?uuid=d63efac2-095e-4f11-80fc-dd78e31305b9&inpvalue=%E7%9F%AD%E4%BF%A1&dataSource=0&tenderAgency=","2025-11-25","全国招标公告公示","公有云"
"627","资阳市“四川云教”地方频道建设服务采购项目成交公告","https://ctbpsp.com/#/bulletinDetail?uuid=2bb3e3ec-2331-47a3-9f1d-87961c9ac79e&inpvalue=%E7%9F%AD%E4%BF%A1&dataSource=0&tenderAgency=","2025-12-02","全国招标公告公示","云"
"628","2025年中国电信三亚分公司云安全管理平台运维服务项目-询比公告","https://ctbpsp.com/#/bulletinDetail?uuid=63baac2a-51b1-494d-9fb9-0a3c6f99f8b2&inpvalue=%E7%9F%AD%E4%BF%A1&dataSource=0&tenderAgency=","2025-12-02","全国招标公告公示","云"
"629","云南省泸江个旧市段治理工程勘察设计 成交结果公告","https://ctbpsp.com/#/bulletinDetail?uuid=6025cc30-19a3-4553-b284-d806c9af206a&inpvalue=%E7%9F%AD%E4%BF%A1&dataSource=0&tenderAgency=","2025-12-02","全国招标公告公示","云"
"630","南苑湿地城中村改造项目A区非宅文化设施地块、通久步云拆除工程中标结果公示","https://ctbpsp.com/#/bulletinDetail?uuid=1530d196-b9bb-4c18-85e1-831f9a7327e2&inpvalue=%E7%9F%AD%E4%BF%A1&dataSource=0&tenderAgency=","2025-12-02","全国招标公告公示","云"
"631","云南白药集团股份有限公司2026年-2028年建设项目造价咨询服务单位入围项目 中标候选人公示","https://ctbpsp.com/#/bulletinDetail?uuid=229c1c9c-2625-4eeb-bcfa-d5f1487e281a&inpvalue=%E7%9F%AD%E4%BF%A1&dataSource=0&tenderAgency=","2025-12-02","全国招标公告公示","云"
"632","云南罗平产业园区高端食品制造基地标准厂房及配套设施建设项目（往复式提升机采购安装工程）(二次)","https://ctbpsp.com/#/bulletinDetail?uuid=cc554553-858b-4853-895e-151a50e4f68c&inpvalue=%E7%9F%AD%E4%BF%A1&dataSource=0&tenderAgency=","2025-12-02","全国招标公告公示","云"
"633","闵行区X86云平台运维服务项目成交候选人公示","https://ctbpsp.com/#/bulletinDetail?uuid=e3a1fd70-20c9-40f3-ad99-ab0d9258747d&inpvalue=%E7%9F%AD%E4%BF%A1&dataSource=0&tenderAgency=","2025-12-02","全国招标公告公示","云"
"634","云南交投集团云岭建设有限公司2025年第四批通用物资（锚具）采购中标候选人公示","https://ctbpsp.com/#/bulletinDetail?uuid=8b440750-f60c-4c31-96a5-138ffe55cd2d&inpvalue=%E7%9F%AD%E4%BF%A1&dataSource=0&tenderAgency=","2025-12-02","全国招标公告公示","云"
"635","云南交投集团云岭建设有限公司2025年第四批通用物资（防水板）采购中标候选人公示","https://ctbpsp.com/#/bulletinDetail?uuid=02e46b8e-fe13-4a3d-aa61-3e140232b5ab&inpvalue=%E7%9F%AD%E4%BF%A1&dataSource=0&tenderAgency=","2025-12-02","全国招标公告公示","云"
"636","云南交投集团云岭建设有限公司2025年第四批通用物资（钢筋焊网）采购中标候选人公示","https://ctbpsp.com/#/bulletinDetail?uuid=415f0f5f-eaed-41bd-bf88-ff1b91b0f8d9&inpvalue=%E7%9F%AD%E4%BF%A1&dataSource=0&tenderAgency=","2025-12-02","全国招标公告公示","云"
"637","中国人寿保险股份有限公司广东省分公司柜面自助终端采购项目中标结果公示","https://ctbpsp.com/#/bulletinDetail?uuid=ff7bcfe5-3f4a-4bd8-bcc5-3de2286dfb03&inpvalue=%E7%9F%AD%E4%BF%A1&dataSource=0&tenderAgency=","2025-12-02","全国招标公告公示","广东"
"638","广东遂溪农村商业银行股份有限公司车辆维修服务供应商遴选项目招标公告","https://ctbpsp.com/#/bulletinDetail?uuid=e2245b1f-c71c-4f10-99cd-d83d336305a3&inpvalue=%E7%9F%AD%E4%BF%A1&dataSource=0&tenderAgency=","2025-12-02","全国招标公告公示","广东"
"639","广东烟草湛江市有限公司2025-2028年库存卷烟及联合工房建筑物财产保险采购项目（二次招标）中标候选人公示","https://ctbpsp.com/#/bulletinDetail?uuid=49b89ad7-7180-491c-bcd9-b261f33a111a&inpvalue=%E7%9F%AD%E4%BF%A1&dataSource=0&tenderAgency=","2025-12-02","全国招标公告公示","广东"
"640","粤港澳大湾区（广东·惠州）绿色农产品生产供应基地仓储物流中心设备更新项目（第一批）-标准化塑料托盘采购中标候选人公示","https://ctbpsp.com/#/bulletinDetail?uuid=fd095e0f-48f6-4ef5-a1f8-baab0b426b4c&inpvalue=%E7%9F%AD%E4%BF%A1&dataSource=0&tenderAgency=","2025-12-02","全国招标公告公示","广东"
"641","部引黄工程、三江片区、阜淮铁路、宜涪高铁1、宁夏中卫、揭惠铁路、神瓦铁路、长沙轨道、平陆旅游公路、广东阳东、延榆铁路、宜涪高铁12标、夏河制梁场、珠海大道、深汕铁路项目 自购物资集中采购招标 评标结果公示","https://ctbpsp.com/#/bulletinDetail?uuid=c9915618-8630-4832-be02-9cf63ea0119d&inpvalue=%E7%9F%AD%E4%BF%A1&dataSource=0&tenderAgency=","2025-12-02","全国招标公告公示","广东"
"642","中国石油天然气股份有限公司广东销售公司2025-2026年度非油商品供应商准入项目（第二期）(变更)","https://ctbpsp.com/#/bulletinDetail?uuid=1fad3c54-5a19-43bd-bdbf-d4a773654648&inpvalue=%E7%9F%AD%E4%BF%A1&dataSource=0&tenderAgency=","2025-12-02","全国招标公告公示","广东"
"643","梅州平远至福建武平高速公路（广东段）_梅州平远至福建武平高速公路（广东段）施工监理招标","https://ctbpsp.com/#/bulletinDetail?uuid=f70bfcb1-f2f6-43cf-9900-18a9a5806721&inpvalue=%E7%9F%AD%E4%BF%A1&dataSource=0&tenderAgency=","2025-12-02","全国招标公告公示","广东"
"644","梅州平远至福建武平高速公路（广东段）_梅州平远至福建武平高速公路（广东段）中心试验室试验检测服务招标","https://ctbpsp.com/#/bulletinDetail?uuid=06031d8a-7706-42f8-8648-e1213f3e02c9&inpvalue=%E7%9F%AD%E4%BF%A1&dataSource=0&tenderAgency=","2025-12-02","全国招标公告公示","广东"
"645","广东省全民国防教育基地（二期）全过程咨询服务","https://ctbpsp.com/#/bulletinDetail?uuid=70eeb340-dcac-407f-813f-7bfb2389c6e5&inpvalue=%E7%9F%AD%E4%BF%A1&dataSource=0&tenderAgency=","2025-12-02","全国招标公告公示","广东"
"646","佛山公司比亚迪（合肥-广东）整车运输项目","https://ctbpsp.com/#/bulletinDetail?uuid=64311d93-7304-45da-8311-705b916b9803&inpvalue=%E7%9F%AD%E4%BF%A1&dataSource=0&tenderAgency=","2025-12-01","全国招标公告公示","广东"
"647","短信服务采购项目","https://ctbpsp.com/#/bulletinDetail?uuid=bbf8ff76-269b-4e53-a144-af745cd61e8f&inpvalue=%E7%9F%AD%E4%BF%A1&dataSource=0&tenderAgency=","2025-12-02","全国招标公告公示","短信"
"648","短信平台服务结果公告（采购包1）","https://ctbpsp.com/#/bulletinDetail?uuid=8b568334-12a3-4575-b95a-e018fc523f35&inpvalue=%E7%9F%AD%E4%BF%A1&dataSource=0&tenderAgency=","2025-12-01","全国招标公告公示","短信"
"649","2025年甘肃电信短信互通网关、业务网关、互通网关路由器超期服役隐患整治工程标包1成交候选人公示","https://ctbpsp.com/#/bulletinDetail?uuid=9555d05f-6aa0-4373-b1b4-b5cbff7b1fe7&inpvalue=%E7%9F%AD%E4%BF%A1&dataSource=0&tenderAgency=","2025-12-01","全国招标公告公示","短信"
"650","短信平台服务（二次）采购公告","https://ctbpsp.com/#/bulletinDetail?uuid=d7af64e4-92f2-4316-82a0-6cf6a90d04cf&inpvalue=%E7%9F%AD%E4%BF%A1&dataSource=0&tenderAgency=","2025-12-01","全国招标公告公示","短信"
"651","2025年短信服务项目询比公告","https://ctbpsp.com/#/bulletinDetail?uuid=200da832-3896-456f-91df-da2a529eeb68&inpvalue=%E7%9F%AD%E4%BF%A1&dataSource=0&tenderAgency=","2025-12-01","全国招标公告公示","短信"
"652","2025年中国联通内蒙古分公司短信互通网关更新改造工程（硬件部分）询比采购公告","https://ctbpsp.com/#/bulletinDetail?uuid=6ccc4638-02de-4285-b439-b606cd046549&inpvalue=%E7%9F%AD%E4%BF%A1&dataSource=0&tenderAgency=","2025-12-01","全国招标公告公示","短信"
"653","中国铁塔股份有限公司浙江省分公司2025年杭州市分公司秸秆禁烧全域监管项目短信服务采购项目（第二次）-采购失败公示","https://ctbpsp.com/#/bulletinDetail?uuid=ef8a5076-1d4e-4306-8b4f-c57cc12477a6&inpvalue=%E7%9F%AD%E4%BF%A1&dataSource=0&tenderAgency=","2025-12-01","全国招标公告公示","短信"
"654","中信银行信用卡中心关于金融类优选增值服务系列产品采购项目（短信宝、盗无忧、账户安全险）延期公告","https://ctbpsp.com/#/bulletinDetail?uuid=8ff0e372-bb37-405d-97b4-44345bd239b2&inpvalue=%E7%9F%AD%E4%BF%A1&dataSource=0&tenderAgency=","2025-12-01","全国招标公告公示","短信"
"655","南京脑科医院（脑科院区）患者服务短信平台成交结果公告","https://ctbpsp.com/#/bulletinDetail?uuid=ca7a7f4d-42ab-4b6e-a207-c6bd50b6e365&inpvalue=%E7%9F%AD%E4%BF%A1&dataSource=0&tenderAgency=","2025-12-01","全国招标公告公示","短信"
"656","2025年度福建省12345政务服务便民热线短信服务项目成交结果公示","https://ctbpsp.com/#/bulletinDetail?uuid=fb436bcd-ede9-4bf6-bcee-3dfc29153186&inpvalue=%E7%9F%AD%E4%BF%A1&dataSource=0&tenderAgency=","2025-12-01","全国招标公告公示","短信"
"657","中国电信海南州分公司政务云国产化改造项目变更公告","https://ctbpsp.com/#/bulletinDetail?uuid=fe034756-34a3-4367-8e25-7db53ae5bd10&inpvalue=%E7%9F%AD%E4%BF%A1&dataSource=0&tenderAgency=","2025-12-01","全国招标公告公示","政务云"
"658","中国电信海南州分公司政务云国产化改造项目招标公告","https://ctbpsp.com/#/bulletinDetail?uuid=c4ba9434-7408-4edb-aa77-38615ec3e782&inpvalue=%E7%9F%AD%E4%BF%A1&dataSource=0&tenderAgency=","2025-12-01","全国招标公告公示","政务云"
"659","宁夏回族自治区退役军人事务厅购买政务云安全及商用密码增值服务项目中标公示","https://ctbpsp.com/#/bulletinDetail?uuid=38adb2d3-ba02-4b83-b6c3-13ed8d9daf67&inpvalue=%E7%9F%AD%E4%BF%A1&dataSource=0&tenderAgency=","2025-12-01","全国招标公告公示","政务云"
"660","四川省人民检察院政务云安全资源租用项目单一来源公示","https://ctbpsp.com/#/bulletinDetail?uuid=db158f3a-cead-4415-8b73-23cc7b832386&inpvalue=%E7%9F%AD%E4%BF%A1&dataSource=0&tenderAgency=","2025-12-01","全国招标公告公示","政务云"
"661","滨海高新区高新“智慧大脑”政务云安全运营服务项目竞争性磋商公告","https://ctbpsp.com/#/bulletinDetail?uuid=29e43586-6c8e-4a54-a609-d6c8c69bd159&inpvalue=%E7%9F%AD%E4%BF%A1&dataSource=0&tenderAgency=","2025-12-01","全国招标公告公示","政务云"
"662","中电智安科技有限公司2025年某单位应用平台政务云资源项目技术服务（第二次）","https://ctbpsp.com/#/bulletinDetail?uuid=a48f221d-7b20-438c-92f9-3a85978d17fc&inpvalue=%E7%9F%AD%E4%BF%A1&dataSource=0&tenderAgency=","2025-11-30","全国招标公告公示","政务云"
"663","中国电信杭州分公司2025年杭州市政务云平台第一期建设项目招标公告","https://ctbpsp.com/#/bulletinDetail?uuid=919f342a-d611-4151-8dc7-b564b9064c1c&inpvalue=%E7%9F%AD%E4%BF%A1&dataSource=0&tenderAgency=","2025-11-28","全国招标公告公示","政务云"
"664","山城云政务专区基础资源池（一期）项目硬件采购项目（第二次）公示","https://ctbpsp.com/#/bulletinDetail?uuid=22dbf267-6a7b-42e1-a055-150ad1e6fc2f&inpvalue=%E7%9F%AD%E4%BF%A1&dataSource=0&tenderAgency=","2025-11-28","全国招标公告公示","政务云"
"665","2025年中国电信上海公司面向政务云环境智能故障根因定位与趋势预测系统研究项目成交候选人公示","https://ctbpsp.com/#/bulletinDetail?uuid=a975cc6b-68ef-4001-acea-18a784601803&inpvalue=%E7%9F%AD%E4%BF%A1&dataSource=0&tenderAgency=","2025-11-28","全国招标公告公示","政务云"
"666","2025年中国电信上海公司面向异构云网融合环境的端到端全要素业务质量感知技术研究及其在政务云场景的应用研发项目成交候选人公示","https://ctbpsp.com/#/bulletinDetail?uuid=28d34770-f0d9-4a62-9730-eb6d1b9e7b2f&inpvalue=%E7%9F%AD%E4%BF%A1&dataSource=0&tenderAgency=","2025-11-28","全国招标公告公示","政务云"
"667","陕西华铁氟橡塑制品有限公司专线工程招标公告","https://ctbpsp.com/#/bulletinDetail?uuid=4c6ab94d-03a3-4f27-b811-1f25b8ba897b&inpvalue=%E7%9F%AD%E4%BF%A1&dataSource=0&tenderAgency=","2025-12-02","全国招标公告公示","专线"
"668","蒙城农商银行业务专线链路及联网监控网络服务采购项目（二次）招标公告","https://ctbpsp.com/#/bulletinDetail?uuid=3752eb00-3b26-4293-b5dd-83287edaa793&inpvalue=%E7%9F%AD%E4%BF%A1&dataSource=0&tenderAgency=","2025-12-01","全国招标公告公示","专线"
"669","广发银行股份有限公司南京分行网络专线服务采购项目采购公告","https://ctbpsp.com/#/bulletinDetail?uuid=e8eafae0-0991-46d4-878e-8aeedb330da8&inpvalue=%E7%9F%AD%E4%BF%A1&dataSource=0&tenderAgency=","2025-12-01","全国招标公告公示","专线"
"670","中国铁塔北京市分公司2025年传输专线采购项目（二次）终止公告","https://ctbpsp.com/#/bulletinDetail?uuid=55e4b6a0-35d0-465f-b5b4-782a21295d27&inpvalue=%E7%9F%AD%E4%BF%A1&dataSource=0&tenderAgency=","2025-12-01","全国招标公告公示","专线"
"671","《G0616项目总包部互联网专线服务》（中标结果公告）","https://ctbpsp.com/#/bulletinDetail?uuid=170941ef-2363-4b6d-b843-3ba78c6f8388&inpvalue=%E7%9F%AD%E4%BF%A1&dataSource=0&tenderAgency=","2025-12-01","全国招标公告公示","专线"
"672","中铁五局集团有限公司广元元宝山铁路专线项目部经理部物资采购招标（二次挂网）中标候选人公示","https://ctbpsp.com/#/bulletinDetail?uuid=6f389748-b142-453e-b138-ef6857b720c8&inpvalue=%E7%9F%AD%E4%BF%A1&dataSource=0&tenderAgency=","2025-12-01","全国招标公告公示","专线"
"673","国家民用空间基础设施“十三五”陆地观测卫星地面系统—云专线链路采购招标公告","https://ctbpsp.com/#/bulletinDetail?uuid=ee531d72-bf8a-420c-9e77-a99c879224e0&inpvalue=%E7%9F%AD%E4%BF%A1&dataSource=0&tenderAgency=","2025-12-01","全国招标公告公示","专线"
"674","中国铁塔股份有限公司商洛市分公司2025年专线服务框架采购项目-成交结果公示","https://ctbpsp.com/#/bulletinDetail?uuid=9d59279b-19a4-44b6-b02b-8f121b7be5f7&inpvalue=%E7%9F%AD%E4%BF%A1&dataSource=0&tenderAgency=","2025-12-01","全国招标公告公示","专线"
"675","武汉市江夏区交通运输综合执法大队专线采购项目成交结果公示","https://ctbpsp.com/#/bulletinDetail?uuid=7f842aa2-a69e-4801-acb1-a07cf858c648&inpvalue=%E7%9F%AD%E4%BF%A1&dataSource=0&tenderAgency=","2025-12-01","全国招标公告公示","专线"
"676","蒙城农商银行业务专线链路及联网监控网络服务采购项目（二次）招标公告","https://ctbpsp.com/#/bulletinDetail?uuid=cd335e04-2786-4eaa-8bd5-aa1bce3fa80a&inpvalue=%E7%9F%AD%E4%BF%A1&dataSource=0&tenderAgency=","2025-12-01","全国招标公告公示","专线"
