customer_id,package_type,open_status,service_type,phone_service,tenure_months,monthly_charges
7590-VHVEG,月付套餐,在网,宽带 DSL,未开通电话,1,29.85
5575-GNVDE,一年合约,在网,宽带 DSL,已开通电话,34,56.95
3668-QPYBK,月付套餐,已流失,宽带 DSL,已开通电话,2,53.85
7795-CFOCW,一年合约,在网,宽带 DSL,未开通电话,45,42.3
9237-HQITU,月付套餐,已流失,光纤,已开通电话,2,70.7
9305-CDSKC,月付套餐,已流失,光纤,已开通电话,8,99.65
1452-KIOVK,月付套餐,在网,光纤,已开通电话,22,89.1
6713-OKOMC,月付套餐,在网,宽带 DSL,未开通电话,10,29.75
7892-POOKP,月付套餐,已流失,光纤,已开通电话,28,104.8
6388-TABGU,一年合约,在网,宽带 DSL,已开通电话,62,56.15
9763-GRSKD,月付套餐,在网,宽带 DSL,已开通电话,13,49.95
7469-LKBCI,两年合约,在网,未开通互联网,已开通电话,16,18.95
8091-TTVAX,一年合约,在网,光纤,已开通电话,58,100.35
0280-XJGEX,月付套餐,已流失,光纤,已开通电话,49,103.7
5129-JLPIS,月付套餐,在网,光纤,已开通电话,25,105.5
3655-SNQYZ,两年合约,在网,光纤,已开通电话,69,113.25
8191-XWSZG,一年合约,在网,未开通互联网,已开通电话,52,20.65
9959-WOFKT,两年合约,在网,光纤,已开通电话,71,106.7
4190-MFLUW,月付套餐,已流失,宽带 DSL,已开通电话,10,55.2
4183-MYFRB,月付套餐,在网,光纤,已开通电话,21,90.05
8779-QRDMV,月付套餐,已流失,宽带 DSL,未开通电话,1,39.65
1680-VDCWW,一年合约,在网,未开通互联网,已开通电话,12,19.8
1066-JKSGK,月付套餐,已流失,未开通互联网,已开通电话,1,20.15
3638-WEABW,两年合约,在网,宽带 DSL,已开通电话,58,59.9
6322-HRPFA,月付套餐,在网,宽带 DSL,已开通电话,49,59.6
6865-JZNKO,月付套餐,在网,宽带 DSL,已开通电话,30,55.3
6467-CHFZW,月付套餐,已流失,光纤,已开通电话,47,99.35
8665-UTDHZ,月付套餐,已流失,宽带 DSL,未开通电话,1,30.2
5248-YGIJN,两年合约,在网,宽带 DSL,已开通电话,72,90.25
8773-HHUOZ,月付套餐,已流失,宽带 DSL,已开通电话,17,64.7
3841-NFECX,两年合约,在网,光纤,已开通电话,71,96.35
4929-XIHVW,月付套餐,在网,光纤,已开通电话,2,95.5
6827-IEAUQ,一年合约,在网,宽带 DSL,已开通电话,27,66.15
7310-EGVHZ,月付套餐,在网,未开通互联网,已开通电话,1,20.2
3413-BMNZE,月付套餐,在网,宽带 DSL,已开通电话,1,45.25
6234-RAAPL,两年合约,在网,光纤,已开通电话,72,99.9
6047-YHPVI,月付套餐,已流失,光纤,已开通电话,5,69.7
6572-ADKRS,月付套餐,在网,光纤,已开通电话,46,74.8
5380-WJKOV,月付套餐,已流失,光纤,已开通电话,34,106.35
8168-UQWWF,月付套餐,已流失,光纤,已开通电话,11,97.85
8865-TNMNX,一年合约,在网,宽带 DSL,已开通电话,10,49.55
9489-DEDVP,两年合约,在网,宽带 DSL,已开通电话,70,69.2
9867-JCZSP,一年合约,在网,未开通互联网,已开通电话,17,20.75
4671-VJLCL,两年合约,在网,宽带 DSL,已开通电话,63,79.85
4080-IIARD,月付套餐,在网,宽带 DSL,已开通电话,13,76.2
3714-NTNFO,月付套餐,在网,光纤,已开通电话,49,84.5
5948-UJZLF,月付套餐,在网,宽带 DSL,已开通电话,2,49.25
7760-OYPDY,月付套餐,已流失,光纤,已开通电话,2,80.65
7639-LIAYI,两年合约,在网,宽带 DSL,已开通电话,52,79.75
2954-PIBKO,两年合约,在网,宽带 DSL,已开通电话,69,64.15
8012-SOUDQ,月付套餐,在网,光纤,已开通电话,43,90.25
9420-LOJKX,月付套餐,已流失,光纤,已开通电话,15,99.1
6575-SUVOI,月付套餐,在网,宽带 DSL,已开通电话,25,69.5
7495-OOKFY,月付套餐,已流失,光纤,已开通电话,8,80.65
4667-QONEA,一年合约,在网,宽带 DSL,已开通电话,60,74.85
1658-BYGOY,月付套餐,已流失,光纤,已开通电话,18,95.45
8769-KKTPH,一年合约,在网,光纤,已开通电话,63,99.65
5067-XJQFU,一年合约,在网,光纤,已开通电话,66,108.45
3957-SQXML,两年合约,在网,未开通互联网,已开通电话,34,24.95
5954-BDFSG,两年合约,在网,光纤,已开通电话,72,107.5
0434-CSFON,月付套餐,在网,光纤,已开通电话,47,100.5
1215-FIGMP,月付套餐,在网,光纤,已开通电话,60,89.9
0526-SXDJP,两年合约,在网,宽带 DSL,未开通电话,72,42.1
0557-ASKVU,一年合约,在网,宽带 DSL,已开通电话,18,54.4
5698-BQJOH,月付套餐,已流失,光纤,已开通电话,9,94.4
5122-CYFXA,月付套餐,在网,宽带 DSL,已开通电话,3,75.3
8627-ZYGSZ,一年合约,在网,光纤,已开通电话,47,78.9
3410-YOQBQ,两年合约,在网,宽带 DSL,已开通电话,31,79.2
3170-NMYVV,两年合约,在网,未开通互联网,已开通电话,50,20.15
7410-OIEDU,月付套餐,在网,光纤,已开通电话,10,79.85
2273-QCKXA,月付套餐,在网,宽带 DSL,已开通电话,1,49.05
0731-EBJQB,一年合约,在网,未开通互联网,已开通电话,52,20.4
1891-QRQSA,两年合约,在网,光纤,已开通电话,64,111.6
8028-PNXHQ,两年合约,在网,未开通互联网,已开通电话,62,24.25
5630-AHZIL,月付套餐,在网,宽带 DSL,已开通电话,3,64.5
2673-CXQEU,一年合约,在网,光纤,已开通电话,56,110.5
6416-JNVRK,一年合约,在网,宽带 DSL,已开通电话,46,55.65
5590-ZSKRV,月付套餐,在网,宽带 DSL,已开通电话,8,54.65
0191-ZHSKZ,月付套餐,在网,宽带 DSL,已开通电话,30,74.75
3887-PBQAO,一年合约,在网,未开通互联网,已开通电话,45,25.9
5919-TMRGD,月付套餐,已流失,光纤,已开通电话,1,79.35
8108-UXRQN,月付套餐,在网,宽带 DSL,未开通电话,11,50.55
9191-MYQKX,月付套餐,已流失,光纤,已开通电话,7,75.15
9919-YLNNG,月付套餐,在网,光纤,已开通电话,42,103.8
0318-ZOPWS,两年合约,在网,未开通互联网,已开通电话,49,20.15
4445-ZJNMU,月付套餐,在网,光纤,已开通电话,9,99.3
4808-YNLEU,一年合约,在网,宽带 DSL,已开通电话,35,62.15
1862-QRWPE,两年合约,在网,未开通互联网,已开通电话,48,20.65
2796-NNUFI,两年合约,在网,未开通互联网,已开通电话,46,19.95
3016-KSVCP,月付套餐,在网,宽带 DSL,未开通电话,29,33.75
4767-HZZHQ,月付套餐,在网,光纤,已开通电话,30,82.05
2424-WVHPL,月付套餐,在网,光纤,已开通电话,1,74.7
7233-PAHHL,两年合约,在网,宽带 DSL,已开通电话,66,84
6067-NGCEU,月付套餐,在网,光纤,已开通电话,65,111.05
9848-JQJTX,两年合约,在网,光纤,已开通电话,72,100.9
8637-XJIVR,月付套餐,已流失,光纤,已开通电话,12,78.95
9803-FTJCG,一年合约,在网,宽带 DSL,已开通电话,71,66.85
0278-YXOOG,月付套餐,已流失,未开通互联网,已开通电话,5,21.05
3212-KXOCR,两年合约,在网,未开通互联网,已开通电话,52,21
4598-XLKNJ,月付套餐,已流失,光纤,已开通电话,25,98.5
6380-ARCEH,月付套餐,在网,未开通互联网,已开通电话,1,20.2
3679-XASPY,月付套餐,在网,未开通互联网,已开通电话,1,19.45
7123-WQUHX,一年合约,在网,光纤,已开通电话,38,95
5386-THSLQ,一年合约,在网,宽带 DSL,未开通电话,66,45.55
3192-NQECA,两年合约,已流失,光纤,已开通电话,68,110
6180-YBIQI,月付套餐,在网,宽带 DSL,未开通电话,5,24.3
6728-DKUCO,一年合约,在网,光纤,已开通电话,72,104.15
9750-BOOHV,一年合约,在网,宽带 DSL,未开通电话,32,30.15
8597-CWYHH,一年合约,在网,光纤,已开通电话,43,94.35
2848-YXSMW,两年合约,在网,未开通互联网,已开通电话,72,19.4
0486-HECZI,月付套餐,已流失,光纤,已开通电话,55,96.75
4549-ZDQYY,一年合约,在网,宽带 DSL,已开通电话,52,57.95
5712-AHQNN,月付套餐,在网,光纤,已开通电话,43,91.65
4846-WHAFZ,月付套餐,已流失,光纤,已开通电话,37,76.5
5256-SKJGO,两年合约,在网,宽带 DSL,未开通电话,64,54.6
3071-VBYPO,月付套餐,在网,光纤,已开通电话,3,89.85
9560-BBZXK,两年合约,在网,宽带 DSL,未开通电话,36,31.05
5299-RULOA,月付套餐,已流失,光纤,已开通电话,10,100.25
8402-OOOHJ,两年合约,在网,未开通互联网,已开通电话,41,20.65
9445-ZUEQE,月付套餐,在网,光纤,已开通电话,27,85.2
1091-SOZGA,一年合约,在网,光纤,已开通电话,56,99.8
2928-HLDBA,月付套餐,在网,未开通互联网,已开通电话,6,20.7
0404-SWRVG,月付套餐,已流失,光纤,已开通电话,3,74.4
6497-TILVL,月付套餐,在网,宽带 DSL,已开通电话,7,50.7
7219-TLZHO,月付套餐,在网,未开通互联网,已开通电话,4,20.85
4622-YNKIJ,两年合约,在网,光纤,已开通电话,33,88.95
4412-YLTKF,月付套餐,已流失,光纤,已开通电话,27,78.05
6734-PSBAW,两年合约,在网,未开通互联网,已开通电话,72,23.55
3930-ZGWVE,月付套餐,在网,未开通互联网,已开通电话,1,19.75
2639-UGMAZ,一年合约,在网,宽带 DSL,未开通电话,71,56.45
2876-GZYZC,月付套餐,在网,光纤,已开通电话,13,85.95
6207-WIOLX,月付套餐,已流失,宽带 DSL,未开通电话,25,58.6
8587-XYZSF,两年合约,在网,宽带 DSL,已开通电话,67,50.55
3091-FYHKI,月付套餐,已流失,宽带 DSL,未开通电话,1,35.45
2372-HWUHI,月付套餐,已流失,宽带 DSL,已开通电话,2,44.35
7799-LGRDP,两年合约,在网,未开通互联网,已开通电话,43,25.7
7850-VWJUU,月付套餐,在网,光纤,已开通电话,23,75
3774-VBNXY,两年合约,在网,未开通互联网,已开通电话,64,20.2
6217-KDYWC,两年合约,在网,未开通互联网,已开通电话,57,19.6
0390-DCFDQ,月付套餐,已流失,光纤,已开通电话,1,70.45
3146-MSEGF,两年合约,在网,宽带 DSL,已开通电话,72,88.05
4080-OGPJL,月付套餐,已流失,宽带 DSL,已开通电话,8,71.15
1095-WGNGG,两年合约,在网,光纤,已开通电话,61,101.05
2636-SJDOU,一年合约,在网,光纤,已开通电话,64,84.3
1131-QQZEB,两年合约,在网,未开通互联网,已开通电话,71,23.95
5716-EZXZN,两年合约,在网,光纤,已开通电话,65,99.05
6837-BJYDQ,一年合约,在网,未开通互联网,已开通电话,3,19.6
2135-RXIHG,月付套餐,已流失,宽带 DSL,已开通电话,1,45.65
6440-DKQGE,一年合约,在网,宽带 DSL,已开通电话,30,64.5
3466-BYAVD,月付套餐,在网,宽带 DSL,已开通电话,15,69.5
3780-YVMFA,月付套餐,在网,宽带 DSL,已开通电话,8,68.55
3874-EQOEP,月付套餐,已流失,光纤,已开通电话,7,95
1679-JRFBR,一年合约,在网,光纤,已开通电话,70,108.15
9073-ZZIAY,两年合约,在网,宽带 DSL,已开通电话,62,86.1
3077-RSNTJ,月付套餐,在网,未开通互联网,已开通电话,6,19.7
6551-GNYDG,月付套餐,在网,光纤,已开通电话,14,80.9
9167-APMXZ,月付套餐,在网,光纤,已开通电话,22,84.15
2749-CTKAJ,一年合约,在网,未开通互联网,已开通电话,22,20.15
6371-NZYEG,两年合约,在网,宽带 DSL,已开通电话,16,64.25
7554-NEWDD,两年合约,在网,未开通互联网,已开通电话,10,25.7
8992-VONJD,月付套餐,在网,宽带 DSL,已开通电话,13,56
0867-MKZVY,月付套餐,已流失,光纤,已开通电话,20,82.4
4482-EWFMI,月付套餐,在网,光纤,已开通电话,2,69.7
4648-YPBTM,两年合约,在网,宽带 DSL,已开通电话,53,73.9
2907-ILJBN,一年合约,在网,未开通互联网,已开通电话,11,20.6
6345-FZOQH,两年合约,在网,未开通互联网,已开通电话,69,19.9
3376-BMGFE,月付套餐,已流失,光纤,已开通电话,4,70.9
5997-OPVFA,两年合约,在网,宽带 DSL,已开通电话,72,89.05
3445-HXXGF,月付套餐,已流失,宽带 DSL,未开通电话,58,45.3
1159-WFSGR,月付套餐,在网,未开通互联网,已开通电话,16,20.4
7654-YWJUF,一年合约,在网,光纤,已开通电话,43,84.25
1875-QIVME,月付套餐,已流失,光纤,已开通电话,2,104.4
6727-IOTLZ,两年合约,在网,宽带 DSL,已开通电话,14,81.95
0691-JVSYA,一年合约,已流失,光纤,已开通电话,53,94.85
5918-VUKWP,一年合约,在网,未开通互联网,已开通电话,32,20.55
1744-JHKYS,月付套餐,在网,未开通互联网,已开通电话,34,24.7
2656-FMOKZ,月付套餐,已流失,光纤,已开通电话,15,74.45
2070-FNEXE,月付套餐,已流失,光纤,已开通电话,7,76.45
5947-SGKCL,月付套餐,在网,光纤,已开通电话,15,105.35
3712-PKXZA,一年合约,在网,未开通互联网,已开通电话,61,20.55
6317-YPKDH,月付套餐,已流失,宽带 DSL,未开通电话,1,29.95
6582-OIVSP,月付套餐,在网,宽带 DSL,已开通电话,1,45.3
9367-WXLCH,月付套餐,已流失,光纤,已开通电话,8,84.5
5524-KHNJP,一年合约,在网,宽带 DSL,已开通电话,33,74.75
1918-ZBFQJ,月付套餐,已流失,光纤,已开通电话,13,79.25
1024-GUALD,月付套餐,已流失,宽带 DSL,未开通电话,1,24.8
4827-USJHP,月付套餐,在网,宽带 DSL,已开通电话,20,51.8
8167-GJLRN,月付套餐,在网,宽带 DSL,未开通电话,3,30.4
0956-SYCWG,一年合约,在网,未开通互联网,已开通电话,13,19.65
8017-UVSZU,月付套餐,在网,宽带 DSL,已开通电话,40,56.6
7100-FQPRV,一年合约,在网,宽带 DSL,已开通电话,43,71.9
2472-OVKUP,月付套餐,已流失,光纤,已开通电话,6,91
2984-RGEYA,两年合约,在网,未开通互联网,已开通电话,69,19.75
9680-NIAUV,两年合约,在网,光纤,已开通电话,72,109.7
2146-EGVDT,两年合约,在网,未开通互联网,已开通电话,59,19.3
2604-IJPDU,月付套餐,在网,光纤,已开通电话,20,96.55
9178-JHUVJ,两年合约,在网,未开通互联网,已开通电话,24,24.1
6168-YBYNP,月付套餐,在网,光纤,已开通电话,59,111.35
7255-SSFBC,两年合约,在网,光纤,已开通电话,72,112.25
3645-DEYGF,月付套餐,在网,未开通互联网,已开通电话,1,20.75
9323-HGFWY,一年合约,在网,光纤,已开通电话,27,101.9
8544-GOQSH,月付套餐,在网,光纤,已开通电话,14,80.05
3363-DTIVD,两年合约,在网,光纤,已开通电话,71,105.55
7018-WBJNK,月付套餐,在网,光纤,已开通电话,13,78.3
9142-KZXOP,月付套餐,在网,光纤,已开通电话,44,68.85
7674-YTAFD,一年合约,在网,光纤,已开通电话,33,79.95
6348-SNFUS,两年合约,在网,宽带 DSL,未开通电话,72,55.45
1285-OKIPP,月付套餐,已流失,光纤,已开通电话,1,79.9
7825-ECJRF,月付套餐,已流失,光纤,已开通电话,19,106.6
1347-KTTTA,一年合约,在网,光纤,已开通电话,64,102.45
7841-TZDMQ,月付套餐,已流失,宽带 DSL,已开通电话,2,46
4195-NZGTA,月付套餐,在网,宽带 DSL,未开通电话,1,25.25
7157-SMCFK,两年合约,在网,未开通互联网,已开通电话,61,19.75
4709-LKHYG,一年合约,在网,未开通互联网,已开通电话,29,20
2504-DSHIH,月付套餐,在网,光纤,已开通电话,23,86.8
0699-NDKJM,月付套餐,在网,宽带 DSL,未开通电话,57,58.75
9286-BHDQG,两年合约,在网,宽带 DSL,未开通电话,72,45.25
0230-WEQUW,两年合约,在网,宽带 DSL,未开通电话,66,56.6
2040-LDIWQ,两年合约,在网,宽带 DSL,已开通电话,65,84.2
6496-JDSSB,月付套餐,在网,光纤,已开通电话,8,80
9408-SSNVZ,月付套餐,已流失,光纤,已开通电话,4,70.15
4443-EMBNA,两年合约,在网,未开通互联网,已开通电话,71,24.75
6469-MRVET,一年合约,在网,未开通互联网,已开通电话,1,20.2
0742-MOABM,月付套餐,已流失,宽带 DSL,已开通电话,4,50.05
5961-VUSRV,一年合约,在网,未开通互联网,已开通电话,12,19.35
6778-JFCMK,一年合约,在网,宽带 DSL,未开通电话,24,50.6
6341-JVQGF,一年合约,在网,宽带 DSL,已开通电话,31,81.15
2232-DMLXU,月付套餐,已流失,宽带 DSL,已开通电话,1,55.2
4811-JBUVU,月付套餐,在网,光纤,已开通电话,30,89.9
0945-TSONX,两年合约,在网,宽带 DSL,已开通电话,47,85.3
2651-ZCBXV,两年合约,在网,光纤,已开通电话,54,108
3316-UWXUY,月付套餐,在网,光纤,已开通电话,50,93.5
8937-RDTHP,月付套餐,已流失,光纤,已开通电话,1,84.6
7083-MIOPC,两年合约,在网,未开通互联网,已开通电话,72,20.25
1984-GPTEH,月付套餐,在网,未开通互联网,已开通电话,29,25.15
1251-KRREG,月付套餐,已流失,宽带 DSL,已开通电话,2,54.4
0621-JFHOL,两年合约,在网,宽带 DSL,未开通电话,10,29.6
9903-LYSAB,月付套餐,在网,光纤,已开通电话,18,73.15
0094-OIFMO,月付套餐,已流失,光纤,已开通电话,11,95
9227-UAQFT,两年合约,在网,未开通互联网,已开通电话,16,19.75
7301-ABVAD,两年合约,在网,宽带 DSL,已开通电话,72,86.6
6614-FHDBO,两年合约,在网,光纤,已开通电话,72,109.2
7576-ASEJU,一年合约,在网,宽带 DSL,已开通电话,41,74.7
9058-HRZSV,月付套餐,在网,光纤,已开通电话,65,94.4
4522-AKYLR,月付套餐,在网,宽带 DSL,已开通电话,13,54.8
0221-WMXNQ,月付套餐,在网,光纤,已开通电话,4,75.35
0303-UNCIP,一年合约,在网,宽带 DSL,已开通电话,41,65
9947-OTFQU,月付套餐,已流失,光纤,已开通电话,15,74.4
0322-YINQP,月付套餐,已流失,宽带 DSL,已开通电话,1,48.55
0959-WHOKV,一年合约,在网,光纤,已开通电话,42,99
4075-JFPGR,一年合约,在网,光纤,已开通电话,51,93.5
4629-NRXKX,月付套餐,已流失,光纤,已开通电话,2,70.4
9514-JDSKI,月付套餐,已流失,宽带 DSL,未开通电话,1,40.2
3282-ZISZV,一年合约,在网,宽带 DSL,已开通电话,32,83.7
3675-YDUPJ,月付套餐,在网,未开通互联网,已开通电话,10,19.85
4111-BNXIF,两年合约,在网,宽带 DSL,未开通电话,67,59.55
7017-VFHAY,两年合约,在网,光纤,已开通电话,61,115.1
6655-LHBYW,一年合约,在网,光纤,已开通电话,50,114.35
4959-JOSRX,月付套餐,已流失,宽带 DSL,已开通电话,2,44.6
5046-NUHWD,月付套餐,在网,宽带 DSL,未开通电话,29,45
7273-TEFQD,月付套餐,已流失,宽带 DSL,未开通电话,3,41.15
3606-TWKGI,月付套餐,已流失,光纤,已开通电话,13,106.9
7529-ZDFXI,月付套餐,在网,光纤,已开通电话,57,89.85
7605-BDWDC,两年合约,在网,宽带 DSL,未开通电话,31,49.85
1950-KSVVJ,一年合约,在网,光纤,已开通电话,45,113.3
0123-CRBRT,两年合约,在网,宽带 DSL,已开通电话,61,88.1
6292-TOSSS,两年合约,在网,未开通互联网,已开通电话,50,24.9
3197-ARFOY,月付套餐,在网,光纤,已开通电话,19,105
6323-AYBRX,两年合约,已流失,未开通互联网,已开通电话,59,19.35
7014-ZZXAW,两年合约,在网,未开通互联网,已开通电话,71,24.25
4385-GZQXV,月付套餐,已流失,光纤,已开通电话,16,94.45
7633-MVPUY,两年合约,在网,宽带 DSL,已开通电话,57,59.75
6366-ZGQGL,月付套餐,已流失,宽带 DSL,未开通电话,1,24.8
4716-HHKQH,月付套餐,在网,光纤,已开通电话,20,107.05
5940-AHUHD,月付套餐,已流失,光纤,已开通电话,1,70.6
6432-TWQLB,月付套餐,已流失,光纤,已开通电话,5,85.4
4484-GLZOU,月付套餐,已流失,光纤,已开通电话,52,105.05
3179-GBRWV,月付套餐,在网,宽带 DSL,已开通电话,21,64.95
8645-KWHJO,月付套餐,在网,宽带 DSL,未开通电话,14,55
4130-MZLCC,月付套餐,在网,宽带 DSL,已开通电话,5,50.55
0314-TKOSI,月付套餐,在网,宽带 DSL,已开通电话,6,55.15
8229-MYEJZ,月付套餐,在网,宽带 DSL,已开通电话,10,51.2
2080-SRCDE,月付套餐,在网,未开通互联网,已开通电话,1,25.4
9577-WJVCQ,月付套餐,在网,宽带 DSL,已开通电话,68,54.45
9512-UIBFX,月付套餐,已流失,光纤,已开通电话,18,95.15
6202-DYYFX,一年合约,在网,光纤,已开通电话,22,76
3808-HFKDE,月付套餐,在网,宽带 DSL,已开通电话,20,44.35
5583-SXDAG,月付套餐,已流失,光纤,已开通电话,1,70
3488-PGMQJ,月付套餐,已流失,光纤,已开通电话,8,74.5
3580-REOAC,月付套餐,已流失,宽带 DSL,已开通电话,10,44.85
7534-BFESC,月付套餐,已流失,光纤,已开通电话,24,76.1
3727-OWVYD,一年合约,在网,宽带 DSL,已开通电话,35,61.2
2294-SALNE,一年合约,在网,光纤,已开通电话,23,86.8
4847-TAJYI,月付套餐,在网,光纤,已开通电话,6,89.35
1563-IWQEX,月付套餐,在网,未开通互联网,已开通电话,12,19.7
8203-XJZRC,月付套餐,在网,未开通互联网,已开通电话,1,20.25
6556-DBKZF,两年合约,在网,光纤,已开通电话,71,76.05
6851-WEFYX,月付套餐,在网,光纤,已开通电话,35,100.8
2985-JUUBZ,月付套餐,在网,宽带 DSL,已开通电话,40,74.55
6390-DSAZX,月付套餐,已流失,光纤,已开通电话,1,73.6
0895-LMRSF,一年合约,在网,宽带 DSL,已开通电话,23,64.9
8098-LLAZX,月付套餐,已流失,光纤,已开通电话,4,95.45
8266-VBFQL,月付套餐,在网,光纤,已开通电话,4,90.4
8181-YHCMF,两年合约,在网,宽带 DSL,未开通电话,68,60.3
2240-HSJQD,月付套餐,在网,光纤,已开通电话,38,81.85
1248-DYXUB,两年合约,在网,未开通互联网,已开通电话,52,24.8
0265-EDXBD,月付套餐,已流失,光纤,已开通电话,32,74.9
4115-BNPJY,两年合约,在网,宽带 DSL,已开通电话,29,75.55
3167-SNQPL,月付套餐,在网,光纤,已开通电话,38,101.15
4091-TVOCN,一年合约,在网,宽带 DSL,已开通电话,48,78.75
1098-TDVUQ,月付套餐,在网,未开通互联网,已开通电话,1,19.25
7277-OZCGZ,月付套餐,在网,光纤,已开通电话,22,89.05
1557-EMYVT,两年合约,在网,光纤,已开通电话,43,115.05
2799-ARNLO,月付套餐,在网,光纤,已开通电话,5,69.35
7563-BIUPC,月付套餐,已流失,光纤,已开通电话,5,80.6
5027-YOCXN,一年合约,在网,光纤,已开通电话,51,110.05
3973-SKMLN,两年合约,在网,未开通互联网,已开通电话,71,19.9
2321-OMBXY,一年合约,已流失,宽带 DSL,已开通电话,38,80.3
2840-XANRC,月付套餐,已流失,光纤,已开通电话,24,93.15
6745-JEFZB,月付套餐,在网,光纤,已开通电话,35,91.5
5020-ZSTTY,一年合约,已流失,宽带 DSL,已开通电话,54,82.45
9880-TDQAC,两年合约,在网,宽带 DSL,未开通电话,72,60
8705-WZCYL,月付套餐,在网,宽带 DSL,已开通电话,1,44.8
7102-JJVTX,一年合约,在网,宽带 DSL,已开通电话,9,48.6
8626-PTQGE,两年合约,在网,宽带 DSL,未开通电话,69,60.05
4983-CLMLV,月付套餐,在网,光纤,已开通电话,52,102.7
5701-YVSVF,月付套餐,在网,光纤,已开通电话,11,82.9
5804-LEPIM,月付套餐,已流失,光纤,已开通电话,2,70.35
5697-GOMBF,月付套餐,在网,宽带 DSL,未开通电话,28,35.9
2739-CACDQ,月付套餐,在网,光纤,已开通电话,17,82.65
9385-EHGDO,两年合约,在网,未开通互联网,已开通电话,35,19.85
9498-FIMXL,一年合约,在网,未开通互联网,已开通电话,8,19.2
2379-GYFLQ,一年合约,在网,光纤,已开通电话,46,94.9
0122-OAHPZ,月付套餐,已流失,光纤,已开通电话,7,73.85
2868-SNELZ,月付套餐,已流失,光纤,已开通电话,2,80.6
4322-RCYMT,一年合约,已流失,宽带 DSL,已开通电话,68,75.8
6680-NENYN,两年合约,已流失,光纤,已开通电话,43,104.6
2088-IEBAU,两年合约,在网,宽带 DSL,已开通电话,68,88.15
7982-VCELR,月付套餐,在网,光纤,已开通电话,36,94.8
1343-EHPYB,月付套餐,已流失,光纤,已开通电话,63,103.4
6035-BXTTY,月付套餐,在网,宽带 DSL,已开通电话,32,54.65
6885-PKOAM,两年合约,在网,宽带 DSL,已开通电话,71,85.75
7520-HQWJU,月付套餐,在网,宽带 DSL,已开通电话,66,67.45
9639-BUJXT,一年合约,在网,未开通互联网,已开通电话,63,20.5
5924-SNGKP,一年合约,在网,未开通互联网,已开通电话,41,20.25
0021-IKXGC,月付套餐,在网,光纤,已开通电话,1,72.1
2034-GDRCN,月付套餐,已流失,光纤,已开通电话,2,90.4
8966-SNIZF,两年合约,在网,未开通互联网,已开通电话,70,19.45
6243-OZGFH,月付套餐,在网,宽带 DSL,未开通电话,23,44.95
4654-DLAMQ,一年合约,在网,光纤,已开通电话,64,97
0513-RBGPE,两年合约,在网,宽带 DSL,已开通电话,37,62.8
5160-UXJED,一年合约,在网,宽带 DSL,已开通电话,17,44.6
4115-NZRKS,月付套餐,在网,光纤,已开通电话,7,89.15
0219-YTZUE,月付套餐,已流失,光纤,已开通电话,4,84.8
0623-IIHUG,月付套餐,已流失,宽带 DSL,未开通电话,21,41.9
4572-DVCGN,月付套餐,已流失,光纤,已开通电话,10,80.25
3351-NGXYI,月付套餐,在网,宽带 DSL,已开通电话,16,54.1
8984-EYLLL,两年合约,在网,光纤,已开通电话,64,105.25
9057-MSWCO,月付套餐,已流失,宽带 DSL,未开通电话,27,30.75
9833-TGFHX,一年合约,在网,光纤,已开通电话,42,97.1
9294-TDIPC,月付套餐,在网,未开通互联网,已开通电话,5,20.2
5229-DTFYB,两年合约,在网,光纤,已开通电话,41,98.8
0104-PPXDV,一年合约,在网,宽带 DSL,已开通电话,58,50.3
5176-LMJXE,两年合约,在网,未开通互联网,已开通电话,47,20.55
3583-KRKMD,月付套餐,在网,光纤,已开通电话,18,75.9
1010-DIAUQ,月付套餐,已流失,光纤,已开通电话,5,96.5
9069-LGEUL,月付套餐,在网,宽带 DSL,已开通电话,23,59.95
7302-ZHMHP,月付套餐,在网,未开通互联网,已开通电话,1,19.15
9571-EDEBV,一年合约,在网,光纤,已开通电话,71,98.65
3520-FJGCV,两年合约,在网,光纤,已开通电话,72,112.6
6563-VRERX,一年合约,在网,未开通互联网,已开通电话,33,20.6
0259-GBZSH,月付套餐,已流失,光纤,已开通电话,2,85.65
6122-EFVKN,两年合约,在网,宽带 DSL,未开通电话,24,35.75
2805-EDJPQ,一年合约,在网,光纤,已开通电话,56,99.75
6862-CQUMB,月付套餐,在网,光纤,已开通电话,37,96.1
7156-MXBJE,一年合约,在网,宽带 DSL,已开通电话,43,85.1
6158-HDPXZ,月付套餐,在网,宽带 DSL,未开通电话,1,25.35
9601-BRXPO,月付套餐,已流失,光纤,已开通电话,25,104.95
2863-IMQDR,两年合约,在网,宽带 DSL,已开通电话,61,89.65
5686-CMAWK,一年合约,在网,光纤,已开通电话,17,86.75
5651-CRHKQ,一年合约,在网,光纤,已开通电话,41,86.2
6905-NIQIN,月付套餐,已流失,宽带 DSL,已开通电话,1,50.65
8204-YJCLA,两年合约,在网,宽带 DSL,未开通电话,72,64.8
5167-ZFFMM,月付套餐,已流失,光纤,已开通电话,1,90.85
6583-SZVGP,两年合约,在网,光纤,已开通电话,48,108.1
4895-TMWIR,月付套餐,已流失,未开通互联网,已开通电话,11,19.95
0533-BNWKF,月付套餐,已流失,光纤,已开通电话,55,85.45
1708-PBBOA,一年合约,在网,宽带 DSL,未开通电话,42,54.75
8782-LKFPK,月付套餐,在网,光纤,已开通电话,44,90.4
5522-JBWMO,月付套餐,在网,宽带 DSL,已开通电话,1,44
3597-MVHJT,月付套餐,在网,光纤,已开通电话,27,95.6
9774-NRNAU,月付套餐,在网,宽带 DSL,已开通电话,27,84.8
0224-RLWWD,月付套餐,在网,宽带 DSL,已开通电话,2,44.3
9967-ATRFS,月付套餐,在网,未开通互联网,已开通电话,19,19.9
3951-NJCVI,月付套餐,在网,光纤,已开通电话,42,95.05
2977-CEBSX,两年合约,在网,宽带 DSL,已开通电话,66,90.05
0177-PXBAT,月付套餐,在网,光纤,已开通电话,33,109.9
6599-CEBNN,月付套餐,已流失,光纤,已开通电话,34,73.95
2519-ERQOJ,月付套餐,在网,宽带 DSL,未开通电话,33,54.6
5876-QMYLD,一年合约,在网,未开通互联网,已开通电话,23,20.05
2277-AXSDC,一年合约,在网,未开通互联网,已开通电话,32,19.75
9442-JTWDL,一年合约,在网,未开通互联网,已开通电话,11,20.05
0979-PHULV,月付套餐,已流失,光纤,已开通电话,69,99.45
3067-SVMTC,一年合约,在网,宽带 DSL,已开通电话,68,55.9
5495-GPSRW,两年合约,在网,未开通互联网,已开通电话,20,19.7
7606-BPHHN,两年合约,在网,未开通互联网,已开通电话,72,19.8
4742-DRORA,一年合约,在网,光纤,已开通电话,60,95.4
0111-KLBQG,月付套餐,在网,光纤,已开通电话,32,93.95
4800-VHZKI,月付套餐,已流失,未开通互联网,已开通电话,1,19.9
7989-CHGTL,月付套餐,已流失,未开通互联网,已开通电话,1,19.6
0334-GDDSO,月付套餐,已流失,光纤,已开通电话,3,81.35
4163-NCJAK,一年合约,在网,未开通互联网,已开通电话,46,24.45
5233-AOZUF,月付套餐,在网,光纤,已开通电话,29,74.95
5973-EJGDP,月付套餐,在网,光纤,已开通电话,51,87.35
1996-DBMUS,月付套餐,在网,光纤,已开通电话,48,70.65
7916-VCCPB,月付套餐,在网,光纤,已开通电话,16,73.25
4686-GEFRM,两年合约,在网,光纤,已开通电话,70,98.7
5249-QYHEX,两年合约,在网,未开通互联网,已开通电话,40,24.8
0578-SKVMF,月付套餐,已流失,光纤,已开通电话,22,83.3
5564-NEMQO,月付套餐,已流失,光纤,已开通电话,1,75.3
2233-FAGXV,月付套餐,在网,未开通互联网,已开通电话,5,24.3
5605-IYGFG,月付套餐,在网,光纤,已开通电话,7,69.85
7663-ZTEGJ,一年合约,在网,光纤,已开通电话,29,100.55
3935-TBRZZ,一年合约,在网,未开通互联网,已开通电话,44,25.7
8111-BKVDS,月付套餐,在网,宽带 DSL,未开通电话,10,40.7
2055-SIFSS,月付套餐,在网,宽带 DSL,已开通电话,55,51.65
2806-MLNTI,一年合约,在网,光纤,已开通电话,52,105.1
8734-DKSTZ,月付套餐,在网,光纤,已开通电话,10,85.95
4360-PNRQB,月付套餐,在网,光纤,已开通电话,18,75.6
6152-ONASV,一年合约,在网,宽带 DSL,已开通电话,68,58.25
9063-ZGTUY,月付套餐,已流失,未开通互联网,已开通电话,61,19.4
7781-HVGMK,两年合约,在网,宽带 DSL,未开通电话,72,65.2
2181-UAESM,月付套餐,在网,宽带 DSL,已开通电话,2,53.45
2957-LOLHO,月付套餐,已流失,宽带 DSL,已开通电话,12,45.4
6048-NJXHX,两年合约,在网,未开通互联网,已开通电话,41,19.75
2320-SLKMB,月付套餐,在网,宽带 DSL,未开通电话,26,44.45
4980-URKXC,一年合约,在网,未开通互联网,已开通电话,36,20.85
4376-KFVRS,两年合约,在网,光纤,已开通电话,72,114.05
5886-VLQVU,月付套餐,在网,光纤,已开通电话,35,89.85
3577-AMVUX,月付套餐,在网,宽带 DSL,已开通电话,1,55.05
0771-WLCLA,月付套餐,在网,光纤,已开通电话,16,112.95
5628-RKIFK,月付套餐,在网,光纤,已开通电话,49,101.55
0206-TBWLC,一年合约,在网,光纤,已开通电话,54,114.65
2937-FTHUR,月付套餐,在网,宽带 DSL,已开通电话,18,64.8
1910-FMXJM,月付套餐,在网,光纤,已开通电话,36,80.4
7752-XUSCI,月付套餐,已流失,光纤,已开通电话,60,105.9
4110-PFEUZ,月付套餐,已流失,光纤,已开通电话,1,69.55
0732-OCQOC,两年合约,在网,未开通互联网,已开通电话,52,25.05
5168-MSWXT,月付套餐,在网,光纤,已开通电话,8,94.75
1090-ESELR,两年合约,在网,光纤,已开通电话,72,105.5
8592-PLTMQ,一年合约,在网,未开通互联网,已开通电话,64,24.7
5760-WRAHC,月付套餐,在网,宽带 DSL,已开通电话,22,69.75
8847-GEOOQ,月付套餐,在网,宽带 DSL,未开通电话,60,60.2
0256-LTHVJ,月付套餐,已流失,光纤,已开通电话,28,81.05
4785-FCIFB,两年合约,在网,未开通互联网,已开通电话,61,24.4
8313-NDOIA,月付套餐,在网,光纤,已开通电话,24,104.15
5149-CUZUJ,一年合约,在网,光纤,已开通电话,28,92.9
0942-KOWSM,两年合约,在网,宽带 DSL,已开通电话,30,80.8
4237-CLSMM,月付套餐,在网,未开通互联网,已开通电话,2,20
1452-VOQCH,月付套餐,在网,光纤,已开通电话,1,75.1
4719-UMSIY,月付套餐,在网,未开通互联网,已开通电话,6,19.65
6614-VBEGU,月付套餐,在网,宽带 DSL,已开通电话,24,69.45
0880-TKATG,月付套餐,已流失,光纤,已开通电话,4,101.15
3811-VBYBZ,月付套餐,已流失,光纤,已开通电话,7,99.8
1480-BKXGA,两年合约,在网,光纤,已开通电话,72,116.05
2996-XAUVF,两年合约,在网,宽带 DSL,未开通电话,70,40.05
9076-AXYIK,两年合约,在网,光纤,已开通电话,64,102.1
5968-XQIVE,一年合约,在网,光纤,已开通电话,72,89.7
8896-RAZCR,两年合约,在网,未开通互联网,已开通电话,44,19.9
4640-UHDOS,月付套餐,已流失,宽带 DSL,已开通电话,13,55.95
4933-IKULF,一年合约,在网,未开通互联网,已开通电话,17,20.65
3583-EKAPL,月付套餐,已流失,宽带 DSL,已开通电话,1,55
1304-BCCFO,月付套餐,在网,宽带 DSL,已开通电话,9,70.05
4104-PVRPS,月付套餐,在网,宽带 DSL,已开通电话,24,53.6
9399-APLBT,月付套餐,已流失,光纤,已开通电话,1,74.7
2359-KMGLI,月付套餐,已流失,光纤,已开通电话,24,80.25
3780-DDGSE,月付套餐,在网,宽带 DSL,已开通电话,35,76.05
4431-EDMIQ,月付套餐,在网,宽带 DSL,已开通电话,7,75.7
0306-JAELE,月付套餐,已流失,光纤,已开通电话,5,96.1
6227-HWPWX,月付套餐,已流失,光纤,已开通电话,15,69
0486-LGCCH,两年合约,在网,未开通互联网,已开通电话,11,19.65
0447-BEMNG,月付套餐,已流失,宽带 DSL,未开通电话,48,45.3
4612-SSVHJ,月付套餐,在网,光纤,已开通电话,20,81.45
5168-MQQCA,一年合约,在网,光纤,已开通电话,72,108.5
5949-XIKAE,月付套餐,已流失,光纤,已开通电话,8,83.55
7971-HLVXI,两年合约,在网,光纤,已开通电话,72,84.5
9094-AZPHK,月付套餐,在网,光纤,已开通电话,15,100.15
3649-JPUGY,两年合约,在网,宽带 DSL,已开通电话,72,88.6
4472-LVYGI,两年合约,在网,宽带 DSL,未开通电话,0,52.55
8372-JUXUI,月付套餐,已流失,光纤,已开通电话,1,74.35
3552-CTCYF,两年合约,在网,光纤,已开通电话,63,104.8
6778-YSNIH,月付套餐,在网,宽带 DSL,已开通电话,2,59
0388-EOPEX,月付套餐,已流失,光纤,已开通电话,2,74.4
5756-OZRIO,一年合约,在网,宽带 DSL,已开通电话,61,64.05
6579-JPICP,月付套餐,在网,未开通互联网,已开通电话,1,20.4
8205-OTCHB,一年合约,已流失,宽带 DSL,未开通电话,22,43.75
4134-BSXLX,月付套餐,在网,宽带 DSL,已开通电话,28,60.9
0505-SPOOW,两年合约,在网,未开通互联网,已开通电话,70,19.8
6235-VDHOM,月付套餐,已流失,宽带 DSL,未开通电话,5,28.45
7783-YKGDV,月付套餐,已流失,光纤,已开通电话,12,99.7
4374-YMUSQ,一年合约,在网,光纤,已开通电话,34,116.25
4513-CXYIX,两年合约,在网,光纤,已开通电话,71,80.7
3957-HHLMR,一年合约,在网,宽带 DSL,已开通电话,70,65.2
7803-XOCCZ,月付套餐,在网,光纤,已开通电话,52,84.05
5736-YEJAX,两年合约,在网,宽带 DSL,已开通电话,69,79.45
5609-CEBID,月付套餐,已流失,光纤,已开通电话,20,94.1
8981-FJGLA,月付套餐,在网,光纤,已开通电话,11,78
7218-HKQFK,月付套餐,已流失,光纤,已开通电话,2,94.2
4636-QRJKY,月付套餐,已流失,光纤,已开通电话,6,80.5
1135-LMECX,月付套餐,在网,未开通互联网,已开通电话,1,19.85
4332-MUOEZ,一年合约,在网,光纤,已开通电话,20,94.3
8535-SFUTN,月付套餐,在网,光纤,已开通电话,61,106.45
5956-VKDTT,月付套餐,已流失,光纤,已开通电话,5,74.35
8677-HDZEE,月付套餐,在网,光纤,已开通电话,56,105.45
2475-MROZF,月付套餐,在网,光纤,已开通电话,30,95
9412-GHEEC,月付套餐,已流失,光纤,已开通电话,40,104.8
3482-ABPKK,一年合约,在网,宽带 DSL,已开通电话,28,54.3
6705-LXORM,月付套餐,在网,光纤,已开通电话,5,70.05
0257-ZESQC,月付套餐,已流失,光纤,已开通电话,27,75.2
7531-GQHME,月付套餐,在网,未开通互联网,已开通电话,12,20.05
5174-ITUMV,一年合约,在网,光纤,已开通电话,67,105.4
4109-CYRBD,月付套餐,在网,宽带 DSL,已开通电话,29,51.6
0913-XWSCN,月付套餐,在网,光纤,已开通电话,55,85.5
6825-UYPFK,月付套餐,已流失,光纤,已开通电话,23,75.6
8397-MVTAZ,月付套餐,已流失,光纤,已开通电话,34,100.05
0750-EBAIU,一年合约,在网,光纤,已开通电话,52,91.25
8606-CIQUL,两年合约,在网,光纤,已开通电话,72,115.75
3571-DPYUH,一年合约,在网,光纤,已开通电话,58,94.7
7601-GNDYK,两年合约,在网,未开通互联网,已开通电话,35,19.6
0356-OBMAC,两年合约,在网,光纤,已开通电话,56,99.9
8067-NIOYM,两年合约,在网,未开通互联网,已开通电话,24,21.1
1403-GYAFU,两年合约,在网,未开通互联网,已开通电话,70,20.05
4234-XTNEA,月付套餐,在网,光纤,已开通电话,2,79.95
1297-VQDRP,一年合约,在网,光纤,已开通电话,68,107.15
9282-IZGQK,月付套餐,已流失,光纤,已开通电话,1,85
5348-CAGXB,月付套餐,在网,光纤,已开通电话,12,89.55
0621-HJWXJ,月付套餐,在网,光纤,已开通电话,63,81.55
5844-QVTAT,一年合约,在网,宽带 DSL,已开通电话,33,58.45
8905-IAZPF,一年合约,在网,光纤,已开通电话,69,95.65
5394-MEITZ,两年合约,在网,宽带 DSL,已开通电话,60,80.6
6859-QNXIQ,两年合约,在网,光纤,已开通电话,72,113.1
2782-LFZVW,月付套餐,在网,宽带 DSL,已开通电话,11,58.95
2866-IKBTM,月付套餐,在网,未开通互联网,已开通电话,1,19.55
1342-JPNKI,月付套餐,已流失,光纤,已开通电话,10,86.05
2817-NTQDO,月付套餐,已流失,宽带 DSL,未开通电话,13,45.55
7129-AZJDE,一年合约,在网,光纤,已开通电话,34,78.95
6986-IJDHX,月付套餐,已流失,光纤,已开通电话,39,86.3
2560-PPCHE,一年合约,在网,光纤,已开通电话,65,105.05
4676-MQUEA,一年合约,在网,光纤,已开通电话,50,101.9
8138-EALND,月付套餐,在网,未开通互联网,已开通电话,15,19.75
3580-HYCSP,两年合约,在网,光纤,已开通电话,72,110.3
1352-HNSAW,两年合约,在网,光纤,已开通电话,72,115.6
2075-PUEPR,两年合约,在网,未开通互联网,已开通电话,55,19.35
1982-FEBTD,两年合约,在网,未开通互联网,已开通电话,23,25.6
5301-GAUUY,月付套餐,已流失,光纤,已开通电话,32,80.35
5791-KAJFD,一年合约,在网,宽带 DSL,已开通电话,56,68.75
2654-VBVPB,月付套餐,在网,未开通互联网,已开通电话,1,19.9
1154-HYWWO,一年合约,在网,宽带 DSL,已开通电话,38,70.6
2501-XWWTZ,月付套餐,在网,光纤,已开通电话,11,70.2
3716-UVSPD,月付套餐,在网,宽带 DSL,已开通电话,1,49.3
6815-ABQFQ,一年合约,在网,光纤,已开通电话,56,107.25
7343-EOBEU,月付套餐,在网,未开通互联网,已开通电话,3,23.6
3701-SFMUH,月付套餐,在网,宽带 DSL,已开通电话,7,69.7
6103-LIANB,两年合约,在网,光纤,已开通电话,59,99.5
7319-VENRZ,月付套餐,在网,宽带 DSL,已开通电话,7,64.3
5846-NEQVZ,两年合约,在网,宽带 DSL,已开通电话,71,70.85
6967-QIQRV,一年合约,在网,光纤,已开通电话,15,101.9
5781-RFZRP,两年合约,在网,宽带 DSL,已开通电话,71,73.5
0939-YAPAF,月付套餐,已流失,光纤,已开通电话,35,100.25
0308-IVGOK,一年合约,在网,宽带 DSL,未开通电话,11,40.4
7293-LSCDV,两年合约,在网,未开通互联网,已开通电话,60,19.25
7025-WCBNE,两年合约,在网,宽带 DSL,已开通电话,47,59.6
5756-JYOJT,一年合约,在网,宽带 DSL,已开通电话,11,64.9
4710-FDUIZ,一年合约,已流失,光纤,已开通电话,56,100.3
6030-REHUX,月付套餐,在网,光纤,已开通电话,28,110.85
9548-LIGTA,两年合约,在网,宽带 DSL,已开通电话,61,81.05
5150-LJNSR,一年合约,在网,光纤,已开通电话,31,98.05
8270-RKSAP,月付套餐,在网,光纤,已开通电话,9,70.5
6522-YRBXD,月付套餐,在网,光纤,已开通电话,35,94.55
2640-LYMOV,月付套餐,在网,未开通互联网,已开通电话,2,19.65
1218-VKFPE,月付套餐,已流失,未开通互联网,已开通电话,12,19
3627-FHKBK,月付套餐,已流失,光纤,已开通电话,1,75.3
2865-TCHJW,月付套餐,已流失,光纤,已开通电话,4,89.2
1423-BMPBQ,月付套餐,在网,未开通互联网,已开通电话,1,19
2393-DIVAI,月付套餐,在网,未开通互联网,已开通电话,3,20
5192-EBGOV,月付套餐,已流失,光纤,已开通电话,1,85.7
4568-KNYWR,两年合约,在网,宽带 DSL,已开通电话,52,63.25
8752-IMQOS,一年合约,在网,未开通互联网,已开通电话,5,20.1
0742-LAFQK,两年合约,在网,光纤,已开通电话,72,99.15
0795-LAFGP,两年合约,在网,宽带 DSL,已开通电话,71,90.4
0619-OLYUR,两年合约,在网,光纤,已开通电话,72,111.9
5512-IDZEI,一年合约,在网,未开通互联网,已开通电话,46,24.9
0459-SPZHJ,两年合约,在网,宽带 DSL,已开通电话,63,83.5
0215-BQKGS,月付套餐,在网,光纤,已开通电话,30,84.3
9244-ZVAPM,月付套餐,在网,宽带 DSL,已开通电话,1,45.6
0719-SYFRB,月付套餐,已流失,宽带 DSL,已开通电话,12,61.65
8208-EUMTE,两年合约,在网,宽带 DSL,未开通电话,16,54.85
5172-MIGPM,月付套餐,在网,宽带 DSL,已开通电话,4,65.55
1710-RCXUS,一年合约,在网,光纤,已开通电话,51,90.35
0374-FIUCA,两年合约,在网,未开通互联网,已开通电话,65,20.4
5839-SUYVZ,月付套餐,在网,光纤,已开通电话,16,74.55
5173-ZXXXL,一年合约,在网,未开通互联网,已开通电话,2,19.95
1096-ADRUX,一年合约,在网,光纤,已开通电话,66,74.25
2001-MCUUW,两年合约,在网,光纤,已开通电话,46,108.65
2731-GJRDG,一年合约,在网,光纤,已开通电话,32,109.55
4723-BEGSG,两年合约,在网,宽带 DSL,已开通电话,72,86.65
6516-NKQBO,两年合约,在网,宽带 DSL,已开通电话,38,81
8672-OAUPW,一年合约,在网,宽带 DSL,已开通电话,51,47.85
8207-DMRVL,两年合约,在网,光纤,已开通电话,72,114.55
3419-SNJJD,月付套餐,已流失,光纤,已开通电话,65,105.25
6543-CPZMK,月付套餐,已流失,宽带 DSL,未开通电话,9,29.95
4765-OXPPD,月付套餐,已流失,宽带 DSL,已开通电话,9,65
2804-ETQDK,两年合约,在网,未开通互联网,已开通电话,66,20.55
6689-VRRTK,一年合约,在网,光纤,已开通电话,44,109.8
7138-GIRSH,两年合约,在网,宽带 DSL,已开通电话,50,69.5
9396-ZSFLL,月付套餐,在网,宽带 DSL,已开通电话,15,48.85
6464-KEXXH,月付套餐,在网,宽带 DSL,未开通电话,8,25.25
7134-MJPDY,一年合约,在网,光纤,已开通电话,66,102.85
5240-CAOYT,月付套餐,在网,光纤,已开通电话,57,87.55
4059-IIEBK,月付套餐,在网,光纤,已开通电话,7,78.55
4881-JVQOD,月付套餐,在网,宽带 DSL,未开通电话,10,34.55
0516-UXRMT,一年合约,在网,光纤,已开通电话,62,92.05
4851-BQDNX,一年合约,在网,光纤,已开通电话,40,85.05
5148-HKFIR,两年合约,在网,未开通互联网,已开通电话,20,19.7
1009-IRMNA,月付套餐,已流失,未开通互联网,已开通电话,7,20
3003-CMDUU,月付套餐,在网,光纤,已开通电话,25,95.15
5016-IBERQ,月付套餐,在网,光纤,已开通电话,23,84.25
6797-UCJHZ,一年合约,在网,光纤,已开通电话,66,104.6
2469-DTSGX,两年合约,在网,光纤,已开通电话,72,111.65
4554-YGZIH,月付套餐,已流失,光纤,已开通电话,49,90.05
5099-BAILX,月付套餐,已流失,光纤,已开通电话,43,110.75
9931-KGHOA,月付套餐,在网,宽带 DSL,已开通电话,46,55
1775-KWJKQ,两年合约,在网,宽带 DSL,已开通电话,72,89.85
7665-VIGUD,一年合约,在网,未开通互联网,已开通电话,10,20.35
9411-TPQQV,一年合约,在网,宽带 DSL,未开通电话,40,54.55
7207-RMRDB,月付套餐,已流失,光纤,已开通电话,65,105.5
7954-MLBUN,两年合约,在网,光纤,已开通电话,31,99.45
2077-DDHJK,两年合约,在网,宽带 DSL,已开通电话,68,70.9
4913-EHYUI,一年合约,已流失,光纤,已开通电话,56,104.55
0195-IESCP,月付套餐,已流失,光纤,已开通电话,10,85.25
9574-BOSMD,两年合约,在网,未开通互联网,已开通电话,68,25.4
4580-TMHJU,月付套餐,已流失,宽带 DSL,已开通电话,43,56.15
0970-ETWGE,月付套餐,已流失,光纤,已开通电话,1,89.55
4908-XAXAY,一年合约,在网,光纤,已开通电话,49,89.85
8404-VLQFB,月付套餐,在网,未开通互联网,已开通电话,15,25.25
1626-ERCMM,月付套餐,已流失,光纤,已开通电话,20,94.55
0887-HJGAR,月付套餐,已流失,宽带 DSL,已开通电话,1,45.7
2391-IPLOP,一年合约,在网,宽带 DSL,已开通电话,50,69.65
5644-PDMZC,月付套餐,已流失,光纤,已开通电话,2,89.5
3509-GWQGF,月付套餐,在网,光纤,已开通电话,24,70
9576-ANLXO,月付套餐,已流失,光纤,已开通电话,3,69.55
2024-BASKD,月付套餐,已流失,光纤,已开通电话,1,74.6
5845-BZZIB,两年合约,在网,未开通互联网,已开通电话,35,20.1
1140-UKVZG,月付套餐,在网,未开通互联网,已开通电话,17,24.8
4160-AMJTL,月付套餐,已流失,未开通互联网,已开通电话,8,19.65
5183-SNMJQ,月付套餐,在网,光纤,已开通电话,10,95.1
8100-PNJMH,两年合约,在网,宽带 DSL,已开通电话,68,88.85
7838-LAZFO,一年合约,在网,宽带 DSL,已开通电话,45,78.8
4464-JCOLN,一年合约,已流失,未开通互联网,已开通电话,2,19.85
2085-JVGAD,月付套餐,在网,未开通互联网,已开通电话,37,20.35
5650-VDUDS,月付套餐,已流失,宽带 DSL,未开通电话,4,24.25
8095-WANWK,月付套餐,在网,宽带 DSL,已开通电话,10,45.25
3030-ZKIWL,月付套餐,在网,未开通互联网,已开通电话,1,20.05
9565-FLVCG,两年合约,在网,宽带 DSL,已开通电话,65,69.55
8755-OGKNA,两年合约,在网,未开通互联网,已开通电话,57,19.5
2800-VEQXM,月付套餐,在网,光纤,已开通电话,3,74.75
7538-GWHML,月付套餐,已流失,光纤,已开通电话,2,69.65
5533-RJFTJ,月付套餐,在网,宽带 DSL,未开通电话,49,30.2
3859-CVCET,月付套餐,已流失,宽带 DSL,已开通电话,4,45.65
0214-JHPFW,两年合约,在网,宽带 DSL,未开通电话,70,57.8
5642-MHDQT,一年合约,在网,未开通互联网,已开通电话,53,19.85
3088-FVYWK,两年合约,在网,未开通互联网,已开通电话,53,25.55
3276-HDUEG,月付套餐,已流失,光纤,已开通电话,1,75.05
9092-GDZKO,月付套餐,在网,未开通互联网,已开通电话,22,24.85
0823-HSCDJ,月付套餐,已流失,宽带 DSL,未开通电话,52,49.15
3729-OWRVL,两年合约,在网,光纤,已开通电话,65,110.35
2324-AALNO,一年合约,在网,未开通互联网,已开通电话,48,24.55
0822-GAVAP,月付套餐,已流失,宽带 DSL,未开通电话,2,34.7
5760-IFJOZ,月付套餐,在网,光纤,已开通电话,3,107.95
2826-UWHIS,月付套餐,在网,光纤,已开通电话,45,81.4
1448-PWKYE,月付套餐,已流失,光纤,已开通电话,1,80
7501-IWUNG,两年合约,在网,宽带 DSL,已开通电话,61,73.8
4957-TREIR,月付套餐,在网,宽带 DSL,已开通电话,3,64.4
7251-LJBQN,一年合约,在网,光纤,已开通电话,40,103.75
8040-MNRTF,月付套餐,在网,光纤,已开通电话,1,71.1
1536-HBSWP,月付套餐,在网,宽带 DSL,已开通电话,1,49.9
5313-FPXWG,一年合约,在网,未开通互联网,已开通电话,51,24.6
0067-DKWBL,月付套餐,已流失,宽带 DSL,已开通电话,2,49.25
0946-FKYTX,一年合约,在网,宽带 DSL,未开通电话,52,30.1
5076-YVXCM,月付套餐,在网,光纤,已开通电话,51,83.4
8262-COGGB,月付套餐,在网,未开通互联网,已开通电话,1,20.45
6663-JOCQO,一年合约,在网,宽带 DSL,已开通电话,31,75.25
9620-QJREV,一年合约,在网,未开通互联网,已开通电话,47,20.55
2276-YDAVZ,月付套餐,已流失,光纤,已开通电话,3,75.1
2682-KEVRP,一年合约,在网,未开通互联网,已开通电话,22,20.05
2480-JZOSN,月付套餐,在网,未开通互联网,已开通电话,1,20.65
0078-XZMHT,两年合约,在网,宽带 DSL,已开通电话,72,85.15
5896-NPFWW,月付套餐,已流失,宽带 DSL,已开通电话,3,50.15
9978-HYCIN,一年合约,在网,光纤,已开通电话,47,84.95
8338-QIUNR,两年合约,在网,宽带 DSL,已开通电话,72,66.5
1525-LNLOJ,两年合约,在网,宽带 DSL,已开通电话,66,63.3
9450-TRJUU,月付套餐,在网,光纤,已开通电话,35,83.15
1766-GKNMI,月付套餐,在网,光纤,已开通电话,29,84.9
6942-LBFDP,月付套餐,在网,未开通互联网,已开通电话,2,20.55
1456-TWCGB,月付套餐,在网,宽带 DSL,已开通电话,4,49.25
7133-VBDCG,月付套餐,已流失,光纤,已开通电话,25,79.85
7596-ZYWBB,两年合约,在网,宽带 DSL,已开通电话,65,59.6
8329-UTMVM,一年合约,在网,光纤,已开通电话,27,104.65
3014-WJKSM,月付套餐,在网,光纤,已开通电话,29,75.3
3347-YJZZE,月付套餐,在网,宽带 DSL,已开通电话,29,80.1
1029-QFBEN,月付套餐,已流失,未开通互联网,已开通电话,1,19.55
7929-DMBCV,月付套餐,在网,光纤,已开通电话,20,81
9661-JALZV,两年合约,在网,未开通互联网,已开通电话,58,24.7
5433-KYGHE,月付套餐,在网,光纤,已开通电话,14,86
4312-KFRXN,两年合约,在网,未开通互联网,已开通电话,72,25.4
5575-TPIZQ,月付套餐,在网,光纤,已开通电话,46,89.15
0114-IGABW,两年合约,在网,宽带 DSL,未开通电话,71,58.25
9944-AEXBM,月付套餐,在网,光纤,已开通电话,32,85.65
1853-ARAAQ,月付套餐,在网,宽带 DSL,未开通电话,26,50.35
6952-OMNWB,月付套餐,在网,光纤,已开通电话,68,80.35
4697-LUPSU,一年合约,在网,未开通互联网,已开通电话,2,20.2
8434-VGEQQ,两年合约,在网,未开通互联网,已开通电话,61,20.55
4952-YSOGZ,月付套餐,已流失,光纤,已开通电话,4,85.95
1589-AGTLK,月付套餐,已流失,宽带 DSL,已开通电话,3,45.35
5244-IRFIH,月付套餐,已流失,光纤,已开通电话,33,94.5
6549-YMFAW,月付套餐,在网,未开通互联网,已开通电话,9,21.25
4950-HKQTE,两年合约,在网,未开通互联网,已开通电话,22,26.25
6786-OBWQR,月付套餐,在网,光纤,已开通电话,5,80.85
2684-EIWEO,月付套餐,已流失,光纤,已开通电话,30,91.7
2753-JMMCV,两年合约,在网,宽带 DSL,已开通电话,65,74.2
6439-GTPCA,月付套餐,已流失,光纤,已开通电话,45,87.25
6621-YOBKI,月付套餐,在网,未开通互联网,已开通电话,5,20.35
1216-JWVUX,月付套餐,在网,光纤,已开通电话,25,75.5
7564-GHCVB,两年合约,在网,光纤,已开通电话,72,79.05
1173-NOEYG,月付套餐,在网,光纤,已开通电话,27,90.15
7595-EHCDL,月付套餐,在网,宽带 DSL,未开通电话,32,50.6
6647-ZEDXT,一年合约,在网,光纤,已开通电话,30,110.45
2521-NPUZR,两年合约,在网,光纤,已开通电话,70,101
1307-TVUFB,月付套餐,在网,光纤,已开通电话,42,79.35
7503-MIOGA,两年合约,在网,宽带 DSL,已开通电话,72,89.85
4381-MHQDC,两年合约,在网,宽带 DSL,已开通电话,47,65
6923-JHPMP,月付套餐,在网,光纤,已开通电话,2,80.45
5138-WVKYJ,月付套餐,已流失,光纤,已开通电话,10,98.55
4018-PPNDW,两年合约,在网,未开通互联网,已开通电话,61,24.1
1635-FJFCC,月付套餐,在网,宽带 DSL,已开通电话,5,44.05
2499-AJYUA,两年合约,在网,光纤,已开通电话,72,110.8
6919-ELBGL,两年合约,在网,光纤,已开通电话,72,114.95
3966-HRMZA,月付套餐,在网,光纤,已开通电话,3,75.05
6425-JWTDV,两年合约,在网,未开通互联网,已开通电话,48,19.25
8405-IGQFX,一年合约,在网,光纤,已开通电话,63,90.05
8224-IVVPA,月付套餐,在网,宽带 DSL,已开通电话,27,56.7
9477-LGWQI,两年合约,在网,宽带 DSL,已开通电话,70,80.15
1410-RSCMR,月付套餐,在网,宽带 DSL,已开通电话,7,71.35
3115-CZMZD,两年合约,在网,未开通互联网,已开通电话,0,20.25
0139-IVFJG,月付套餐,在网,光纤,已开通电话,2,90.35
6683-VLCTZ,月付套餐,已流失,光纤,已开通电话,20,98.55
5730-DBDSI,两年合约,在网,未开通互联网,已开通电话,66,19.7
0030-FNXPP,月付套餐,在网,未开通互联网,已开通电话,3,19.85
2189-WWOEW,月付套餐,已流失,光纤,已开通电话,15,85.9
5684-FJVYR,两年合约,在网,光纤,已开通电话,72,90.35
4013-GUXND,月付套餐,在网,未开通互联网,已开通电话,1,20.8
1894-IGFSG,月付套餐,已流失,光纤,已开通电话,22,89.25
7379-POKDZ,月付套餐,已流失,光纤,已开通电话,3,70.3
1266-NZYUI,两年合约,在网,宽带 DSL,已开通电话,72,66.85
7969-FFOWG,两年合约,在网,未开通互联网,已开通电话,65,19.9
4718-DHSMV,月付套餐,在网,宽带 DSL,未开通电话,11,35.8
5175-WLYXL,月付套餐,在网,光纤,已开通电话,22,78.85
7817-OMJNA,一年合约,在网,未开通互联网,已开通电话,14,20.4
8728-SKJLR,月付套餐,在网,光纤,已开通电话,41,74.25
3137-NYQQI,一年合约,在网,宽带 DSL,已开通电话,17,64.8
7706-DZNKK,月付套餐,在网,未开通互联网,已开通电话,11,20.45
0236-HFWSV,月付套餐,已流失,光纤,已开通电话,15,93.35
3900-AQPHZ,月付套餐,已流失,未开通互联网,已开通电话,1,19.9
5842-POCOP,月付套餐,已流失,光纤,已开通电话,5,88.9
2037-XJFUP,一年合约,已流失,光纤,已开通电话,33,95.8
8823-RLPWL,两年合约,在网,光纤,已开通电话,72,110.65
9505-SQFSW,月付套餐,在网,宽带 DSL,未开通电话,3,40.3
7314-OXENN,月付套餐,已流失,光纤,已开通电话,2,82
3758-CKOQL,一年合约,在网,光纤,已开通电话,59,107
0322-CHQRU,月付套餐,已流失,宽带 DSL,已开通电话,2,45.35
5676-CFLYY,两年合约,在网,宽带 DSL,已开通电话,71,73.35
7521-AFHAB,月付套餐,在网,宽带 DSL,已开通电话,5,44.8
0285-INHLN,月付套餐,在网,宽带 DSL,已开通电话,27,54.75
4678-DVQEO,月付套餐,已流失,宽带 DSL,已开通电话,1,52.2
5125-CNDSP,一年合约,在网,宽带 DSL,未开通电话,63,40.6
0691-IFBQW,一年合约,已流失,光纤,已开通电话,46,110
4992-LTJNE,两年合约,在网,宽带 DSL,已开通电话,72,55.3
2202-OUTMO,月付套餐,在网,宽带 DSL,已开通电话,34,60.85
0810-BDHAW,一年合约,在网,宽带 DSL,已开通电话,24,78.4
0229-LFJAF,两年合约,在网,宽带 DSL,已开通电话,72,69.65
7131-ZQZNK,两年合约,在网,宽带 DSL,未开通电话,60,59.85
3442-ZHHCC,一年合约,在网,宽带 DSL,已开通电话,68,76.9
5726-CVNYA,两年合约,在网,未开通互联网,已开通电话,8,19.85
9871-ELEYA,两年合约,在网,宽带 DSL,已开通电话,34,67.65
4257-GAESD,月付套餐,在网,宽带 DSL,未开通电话,6,45
5173-WXOQV,月付套餐,在网,宽带 DSL,已开通电话,2,64.2
2040-OBMLJ,一年合约,在网,光纤,已开通电话,31,81.7
6286-ZHAOK,月付套餐,在网,未开通互联网,已开通电话,20,25.55
3807-XHCJH,月付套餐,在网,未开通互联网,已开通电话,1,20
3009-JWMPU,一年合约,已流失,光纤,已开通电话,62,96.75
5671-RQRLP,两年合约,在网,光纤,已开通电话,70,75.65
1450-GALXR,月付套餐,已流失,光纤,已开通电话,10,98.5
8859-AXJZP,两年合约,在网,未开通互联网,已开通电话,39,23.8
3174-AKMAS,两年合约,在网,宽带 DSL,已开通电话,46,64.2
3138-BKYAV,月付套餐,已流失,光纤,已开通电话,6,85.35
9926-PJHDQ,两年合约,在网,宽带 DSL,已开通电话,72,76.8
7382-DFJTU,月付套餐,在网,宽带 DSL,已开通电话,18,55.2
2798-NYLMZ,两年合约,在网,光纤,已开通电话,71,108.55
4289-DTDKW,月付套餐,已流失,光纤,已开通电话,40,101.3
1820-TQVEV,月付套餐,已流失,光纤,已开通电话,1,69.55
2239-JALAW,一年合约,已流失,光纤,已开通电话,58,103.25
4853-RULSV,两年合约,已流失,光纤,已开通电话,70,104
8098-TDCBU,两年合约,在网,未开通互联网,已开通电话,42,25.25
3551-GAEGL,一年合约,在网,宽带 DSL,未开通电话,34,30.4
4785-NKHCX,月付套餐,在网,未开通互联网,已开通电话,5,20.05
3196-NVXLZ,月付套餐,在网,光纤,已开通电话,25,84.6
6275-YDUVO,月付套餐,已流失,光纤,已开通电话,2,86.2
0036-IHMOT,一年合约,在网,光纤,已开通电话,55,103.7
0115-TFERT,月付套餐,已流失,光纤,已开通电话,21,111.2
4178-EGMON,两年合约,在网,光纤,已开通电话,70,88
4220-TINQT,月付套餐,在网,光纤,已开通电话,61,106.35
5318-YKDPV,两年合约,在网,宽带 DSL,已开通电话,43,79.15
7975-TZMLR,一年合约,在网,光纤,已开通电话,47,103.1
0295-QVKPB,月付套餐,在网,宽带 DSL,已开通电话,5,63.95
4335-BSMJS,两年合约,在网,未开通互联网,已开通电话,62,25.8
2311-QYMUQ,月付套餐,已流失,光纤,已开通电话,16,89.45
3643-AHCFP,月付套餐,已流失,光纤,已开通电话,7,95.6
9146-JRIOX,月付套餐,在网,未开通互联网,已开通电话,14,25.55
3104-OWCGK,一年合约,已流失,光纤,已开通电话,60,90.95
5337-IIWKZ,月付套餐,在网,宽带 DSL,未开通电话,34,44.85
9101-BWFSS,一年合约,已流失,光纤,已开通电话,50,108.55
9650-VBUOG,两年合约,在网,未开通互联网,已开通电话,38,25.05
3487-EARAT,一年合约,在网,宽带 DSL,已开通电话,70,74.1
2672-TGEFF,月付套餐,在网,光纤,已开通电话,37,88.8
9231-ZJYAM,月付套餐,已流失,光纤,已开通电话,4,78.85
4250-WAROZ,月付套餐,在网,光纤,已开通电话,60,93.25
8184-WMOFI,一年合约,在网,宽带 DSL,已开通电话,62,71.4
6982-SSHFK,月付套餐,已流失,宽带 DSL,已开通电话,1,44.4
6092-QZVPP,月付套餐,在网,宽带 DSL,已开通电话,36,79.2
4625-LAMOB,两年合约,在网,未开通互联网,已开通电话,44,20.4
0727-BMPLR,一年合约,已流失,光纤,已开通电话,55,100
0392-BZIUW,两年合约,在网,光纤,已开通电话,72,105
1038-ZAGBI,一年合约,已流失,未开通互联网,已开通电话,12,19.8
6549-NNDYT,月付套餐,在网,宽带 DSL,未开通电话,13,30.85
3027-ZTDHO,月付套餐,已流失,光纤,已开通电话,1,89.9
0422-OHQHQ,一年合约,在网,未开通互联网,已开通电话,15,20.55
6916-HIJSE,两年合约,在网,宽带 DSL,已开通电话,65,84.85
2316-ESMLS,一年合约,在网,宽带 DSL,未开通电话,12,33.15
9778-OGKQZ,两年合约,在网,宽带 DSL,已开通电话,72,92
7408-OFWXJ,两年合约,在网,宽带 DSL,已开通电话,72,89.8
6007-TCTST,两年合约,在网,光纤,已开通电话,72,115.8
2252-NKNSI,两年合约,在网,宽带 DSL,已开通电话,52,85.15
8713-IGZSO,月付套餐,在网,未开通互联网,已开通电话,2,24.85
7905-TVXTA,月付套餐,在网,宽带 DSL,已开通电话,5,64.35
7695-PKLCZ,两年合约,在网,未开通互联网,已开通电话,68,20.5
2382-BCKQJ,一年合约,已流失,光纤,已开通电话,62,100.15
8374-UULRV,两年合约,在网,宽带 DSL,已开通电话,72,86.05
2207-NHRJK,月付套餐,已流失,宽带 DSL,已开通电话,1,50.8
3224-DFQNQ,一年合约,在网,光纤,已开通电话,66,89
5275-PMFUT,两年合约,在网,宽带 DSL,未开通电话,72,64.8
4795-UXVCJ,一年合约,在网,未开通互联网,已开通电话,26,19.8
9777-IQHWP,两年合约,在网,光纤,已开通电话,64,93.4
0947-MUGVO,月付套餐,已流失,光纤,已开通电话,20,73.65
9944-HKVVB,月付套餐,已流失,光纤,已开通电话,3,95.1
4124-MMETB,月付套餐,已流失,光纤,已开通电话,22,94.65
3671-SHRSP,月付套餐,已流失,光纤,已开通电话,4,80.6
0979-MOZQI,两年合约,在网,宽带 DSL,未开通电话,62,39
2732-ISEZX,月付套餐,在网,未开通互联网,已开通电话,5,20.5
3313-QKNKB,一年合约,已流失,光纤,已开通电话,59,85.55
0323-XWWTN,两年合约,在网,未开通互联网,已开通电话,3,26.4
1937-OTUKY,两年合约,在网,光纤,已开通电话,72,98.2
1573-LGXBA,一年合约,在网,光纤,已开通电话,57,97.55
1764-VUUMT,两年合约,在网,未开通互联网,已开通电话,66,19.95
5073-WXOYN,月付套餐,已流失,宽带 DSL,未开通电话,60,50.8
4713-ZBURT,两年合约,在网,光纤,已开通电话,45,99.7
3050-GBUSH,月付套餐,在网,宽带 DSL,未开通电话,3,34.8
0207-MDKNV,月付套餐,已流失,光纤,已开通电话,15,105.1
7876-AEHIG,一年合约,在网,宽带 DSL,未开通电话,51,60.15
7945-HLKEA,一年合约,在网,宽带 DSL,已开通电话,60,64.75
9342-VNIMQ,月付套餐,在网,宽带 DSL,已开通电话,33,54.65
9851-KIELU,月付套餐,已流失,光纤,已开通电话,10,110.1
3523-BRGUW,一年合约,在网,未开通互联网,已开通电话,26,19.3
3908-BLSYF,月付套餐,已流失,光纤,已开通电话,6,83.9
3199-NPKCN,一年合约,在网,光纤,已开通电话,67,111.25
5170-PTRKA,一年合约,在网,宽带 DSL,未开通电话,49,35.8
4661-NJEUX,月付套餐,在网,未开通互联网,已开通电话,1,20.05
2123-AGEEN,月付套餐,在网,光纤,已开通电话,7,84.35
1258-YMZNM,一年合约,在网,光纤,已开通电话,27,110.5
0048-LUMLS,一年合约,在网,光纤,已开通电话,37,91.2
7549-MYGPK,月付套餐,已流失,光纤,已开通电话,63,100.55
5898-IGSLP,月付套餐,在网,光纤,已开通电话,31,89.3
3804-RVTGV,月付套餐,已流失,光纤,已开通电话,50,103.85
6259-WJQLC,月付套餐,在网,光纤,已开通电话,32,81.1
9227-LUNBG,月付套餐,已流失,宽带 DSL,未开通电话,1,24.6
7997-EASSD,一年合约,在网,光纤,已开通电话,63,81.2
0730-KOAVE,月付套餐,在网,光纤,已开通电话,30,94.3
8975-SKGRX,两年合约,在网,光纤,已开通电话,71,116.1
0678-RLHVP,两年合约,在网,光纤,已开通电话,53,105.55
4315-MURBD,月付套餐,已流失,光纤,已开通电话,12,98.9
2267-FPIMA,月付套餐,在网,光纤,已开通电话,50,94.4
1051-GEJLJ,月付套餐,在网,未开通互联网,已开通电话,2,19.5
9734-YWGEX,月付套餐,已流失,光纤,已开通电话,9,98.3
2719-BDAQO,月付套餐,已流失,光纤,已开通电话,17,93.85
5285-MVEHD,一年合约,在网,光纤,已开通电话,56,105.6
0379-DJQHR,两年合约,在网,宽带 DSL,已开通电话,67,81.35
0781-LKXBR,月付套餐,已流失,光纤,已开通电话,9,100.5
5543-QDCRY,月付套餐,在网,宽带 DSL,已开通电话,4,56.4
0297-RBCSG,一年合约,在网,宽带 DSL,已开通电话,19,65.35
4694-PHWFW,月付套餐,在网,未开通互联网,已开通电话,8,19.95
0835-JKADZ,两年合约,在网,光纤,已开通电话,71,111.25
1907-UBQFC,月付套餐,已流失,光纤,已开通电话,10,72.85
7508-SMHXL,月付套餐,在网,光纤,已开通电话,15,89
3865-YIOTT,一年合约,在网,光纤,已开通电话,72,106.1
5993-BQHEA,一年合约,在网,未开通互联网,已开通电话,12,20.05
6024-RUGGH,两年合约,在网,未开通互联网,已开通电话,72,25.2
6513-EECDB,月付套餐,已流失,光纤,已开通电话,1,73.55
3956-CJUST,月付套餐,在网,光纤,已开通电话,23,75.4
4079-WWQQQ,两年合约,在网,宽带 DSL,未开通电话,72,65.55
6103-BOCOU,月付套餐,在网,光纤,已开通电话,26,80.7
5149-TGWDZ,一年合约,在网,光纤,已开通电话,21,104.55
7471-WNSUF,一年合约,在网,未开通互联网,已开通电话,60,24.15
8942-DBMHZ,月付套餐,在网,未开通互联网,已开通电话,12,20.45
4301-VVZKA,月付套餐,在网,光纤,已开通电话,16,75.4
9199-PWQVC,一年合约,在网,宽带 DSL,已开通电话,63,79.7
4824-GUCBY,月付套餐,在网,光纤,已开通电话,22,81.7
5393-HJZSM,月付套餐,在网,宽带 DSL,已开通电话,32,76.3
7074-IEVOJ,月付套餐,已流失,光纤,已开通电话,3,79.4
9625-QSTYE,月付套餐,已流失,光纤,已开通电话,13,81.15
0862-PRCBS,两年合约,在网,光纤,已开通电话,68,103.75
8812-ZRHFP,一年合约,在网,光纤,已开通电话,30,86.45
5146-CBVOE,月付套餐,在网,光纤,已开通电话,16,75.1
0454-OKRCT,两年合约,在网,光纤,已开通电话,33,80.6
5787-KXGIY,两年合约,在网,未开通互联网,已开通电话,72,19.3
4750-ZRXIU,月付套餐,已流失,光纤,已开通电话,4,84.6
4198-VFOEA,一年合约,在网,宽带 DSL,未开通电话,12,33.6
6630-UJZMY,月付套餐,在网,光纤,已开通电话,4,83.25
5709-LVOEQ,两年合约,在网,宽带 DSL,已开通电话,0,80.85
6400-BWQKW,月付套餐,已流失,光纤,已开通电话,6,79.05
2692-AQCPF,一年合约,在网,光纤,已开通电话,65,108.05
0347-UBKUZ,月付套餐,在网,未开通互联网,已开通电话,15,19.9
0835-DUUIQ,一年合约,在网,未开通互联网,已开通电话,24,21.05
0811-GSDTP,月付套餐,在网,宽带 DSL,未开通电话,13,30.15
7567-ECMCM,月付套餐,在网,光纤,已开通电话,24,79.85
6115-ZTBFQ,两年合约,在网,宽带 DSL,未开通电话,72,65.5
6353-BRMMA,月付套餐,在网,光纤,已开通电话,54,104.1
6680-WKXRZ,月付套餐,已流失,光纤,已开通电话,3,74.4
6231-WFGFH,月付套餐,在网,未开通互联网,已开通电话,4,20.5
9904-EHEVJ,月付套餐,在网,光纤,已开通电话,32,91.35
7028-DVOIQ,月付套餐,已流失,光纤,已开通电话,35,99.05
6169-PPETC,两年合约,在网,未开通互联网,已开通电话,35,20.5
4208-UFFGW,月付套餐,已流失,宽带 DSL,已开通电话,2,44.95
8584-KMVXD,月付套餐,在网,光纤,已开通电话,8,75.6
8467-WYNSR,月付套餐,在网,宽带 DSL,已开通电话,22,55.1
0851-DFJKB,月付套餐,在网,宽带 DSL,已开通电话,15,58.95
5382-SOYZL,月付套餐,在网,光纤,已开通电话,22,95.1
9448-REEVD,月付套餐,已流失,宽带 DSL,已开通电话,1,44.7
3261-CQXOL,两年合约,在网,未开通互联网,已开通电话,71,25.45
8388-FYNPZ,月付套餐,在网,宽带 DSL,已开通电话,4,56.75
4002-BQWPQ,月付套餐,在网,宽带 DSL,已开通电话,25,81.75
5651-YLPRD,月付套餐,在网,光纤,已开通电话,32,86.1
2826-DXLQO,月付套餐,在网,宽带 DSL,未开通电话,7,29.8
4378-BZYFP,一年合约,在网,未开通互联网,已开通电话,17,20.5
9489-UTFKA,月付套餐,在网,宽带 DSL,已开通电话,8,60.9
4849-PYRLQ,两年合约,在网,宽带 DSL,已开通电话,56,73.25
9117-SHLZX,月付套餐,已流失,宽带 DSL,已开通电话,1,45.7
9889-TMAHG,月付套餐,已流失,光纤,已开通电话,8,100.3
4541-RMRLG,月付套餐,已流失,未开通互联网,已开通电话,7,19.25
7764-BDPEE,月付套餐,在网,未开通互联网,已开通电话,3,20.85
3429-IFLEM,两年合约,在网,宽带 DSL,已开通电话,71,77.35
3158-MOERK,月付套餐,已流失,光纤,已开通电话,2,96
7294-TMAOP,月付套餐,已流失,光纤,已开通电话,1,90.55
5002-GCQFH,月付套餐,在网,光纤,已开通电话,49,93.85
0556-FJEGU,两年合约,在网,宽带 DSL,已开通电话,58,70.1
8919-FYFQZ,月付套餐,已流失,宽带 DSL,未开通电话,44,30.35
0604-THJFP,两年合约,在网,宽带 DSL,已开通电话,59,75.95
2834-JRTUA,两年合约,已流失,光纤,已开通电话,71,108.05
5875-YPQFJ,月付套餐,已流失,光纤,已开通电话,1,69.9
5879-SESNB,月付套餐,在网,光纤,已开通电话,11,75.25
6646-QVXLR,一年合约,已流失,光纤,已开通电话,62,103.75
6461-PPAXN,一年合约,在网,宽带 DSL,已开通电话,35,54.95
3318-ISQFQ,月付套餐,在网,未开通互联网,已开通电话,20,19.5
1106-HRLKZ,两年合约,在网,未开通互联网,已开通电话,40,19.6
2483-XSSMZ,一年合约,在网,宽带 DSL,已开通电话,39,47.85
8603-IJWDN,月付套餐,已流失,光纤,已开通电话,1,86.6
8165-ZJRNM,两年合约,在网,未开通互联网,已开通电话,72,23.75
9369-XFEHK,月付套餐,已流失,光纤,已开通电话,33,80.6
2604-XVDAM,月付套餐,在网,宽带 DSL,已开通电话,12,43.8
3717-OFRTN,月付套餐,在网,未开通互联网,已开通电话,1,19.75
9046-JBFWA,月付套餐,在网,未开通互联网,已开通电话,27,19.15
3280-NMUVX,一年合约,在网,未开通互联网,已开通电话,34,19.6
1206-EHBDD,两年合约,在网,光纤,已开通电话,56,80.3
8361-LBRDI,两年合约,在网,未开通互联网,已开通电话,58,24.35
4883-KCPZJ,两年合约,在网,未开通互联网,已开通电话,22,25.25
9108-EQPNQ,两年合约,在网,未开通互联网,已开通电话,10,26.1
7277-KAMWT,两年合约,在网,未开通互联网,已开通电话,13,20
3842-IYKUE,月付套餐,已流失,光纤,已开通电话,35,85.3
6641-XRPSU,月付套餐,已流失,光纤,已开通电话,34,70
1374-DMZUI,月付套餐,已流失,光纤,已开通电话,4,94.3
2545-LXYVJ,两年合约,在网,未开通互联网,已开通电话,72,20.7
3234-VKACU,月付套餐,在网,宽带 DSL,已开通电话,2,70.3
8357-EQXFO,月付套餐,已流失,光纤,已开通电话,7,95.35
1989-PRJHP,月付套餐,已流失,光纤,已开通电话,27,75.5
8120-JDCAM,月付套餐,在网,光纤,已开通电话,4,69.55
8917-FAEMR,两年合约,在网,未开通互联网,已开通电话,37,19.85
7047-YXDMZ,月付套餐,在网,未开通互联网,已开通电话,21,20
2858-EIMXH,一年合约,在网,光纤,已开通电话,53,95.85
9524-EGPJC,月付套餐,已流失,光纤,已开通电话,18,90.1
6993-OHLXR,月付套餐,已流失,光纤,已开通电话,2,68.95
8818-XYFCQ,月付套餐,已流失,光纤,已开通电话,32,99.55
6419-ZTTLE,一年合约,在网,未开通互联网,已开通电话,23,20.75
0929-HYQEW,月付套餐,在网,宽带 DSL,已开通电话,3,50.15
6614-YOLAC,两年合约,在网,宽带 DSL,未开通电话,71,58.65
7426-RHZGU,月付套餐,在网,光纤,已开通电话,9,95.9
4065-JJAVA,月付套餐,在网,宽带 DSL,已开通电话,1,49.5
4695-VADHF,月付套餐,已流失,宽带 DSL,已开通电话,18,57.45
3863-IUBJR,一年合约,已流失,宽带 DSL,已开通电话,12,53.65
7649-SIJJF,两年合约,在网,宽带 DSL,已开通电话,71,80.1
9361-YNQWJ,一年合约,在网,未开通互联网,已开通电话,64,24.4
3748-FVMZZ,月付套餐,在网,宽带 DSL,未开通电话,4,40.05
9391-TTOYH,月付套餐,在网,未开通互联网,已开通电话,23,19.5
1452-XRSJV,月付套餐,在网,宽带 DSL,已开通电话,39,51.05
3422-WJOYD,一年合约,在网,宽带 DSL,已开通电话,28,54.35
8242-SOQUO,月付套餐,在网,光纤,已开通电话,5,84.7
7460-ITWWP,月付套餐,在网,光纤,已开通电话,45,86.1
7147-AYBAA,月付套餐,在网,光纤,已开通电话,37,70.35
7868-TMWMZ,两年合约,在网,光纤,已开通电话,60,110
4822-RVYBB,月付套餐,已流失,光纤,已开通电话,8,100.6
6732-FZUGP,一年合约,在网,光纤,已开通电话,47,94.9
8436-BJUMM,月付套餐,已流失,光纤,已开通电话,26,83.75
4184-TJFAN,月付套餐,已流失,光纤,已开通电话,3,88.3
8329-GWVPJ,月付套餐,在网,光纤,已开通电话,50,69.75
1352-VHKAJ,月付套餐,在网,宽带 DSL,已开通电话,27,71.6
4145-UQXUQ,月付套餐,已流失,光纤,已开通电话,8,92.1
2632-TACXW,两年合约,在网,未开通互联网,已开通电话,62,23.65
8146-QQKZH,两年合约,在网,宽带 DSL,已开通电话,71,81.85
1767-CJKBA,两年合约,在网,未开通互联网,已开通电话,66,25.1
6445-TNRXS,两年合约,在网,光纤,已开通电话,68,114.7
4581-LNWUM,月付套餐,在网,宽带 DSL,未开通电话,13,49.15
4869-EPIUS,一年合约,在网,光纤,已开通电话,56,80.9
9948-YPTDG,月付套餐,已流失,光纤,已开通电话,38,79.45
1236-WFCDV,月付套餐,已流失,光纤,已开通电话,14,90.45
1915-OAKWD,一年合约,在网,未开通互联网,已开通电话,16,19.3
7296-PIXQY,月付套餐,在网,光纤,已开通电话,14,70.2
4883-QICIH,月付套餐,已流失,光纤,已开通电话,32,69.75
3354-OADJP,一年合约,在网,宽带 DSL,已开通电话,8,54.25
3524-WQDSG,月付套餐,在网,光纤,已开通电话,43,99.3
0810-DHDBD,一年合约,在网,宽带 DSL,已开通电话,52,74
4026-SKKHW,月付套餐,在网,宽带 DSL,已开通电话,3,50.25
2829-HYVZP,一年合约,在网,未开通互联网,已开通电话,29,19.8
8329-IBCTI,月付套餐,已流失,未开通互联网,已开通电话,1,19.65
1271-SJBGZ,月付套餐,已流失,宽带 DSL,未开通电话,12,43.65
3845-JHAMY,月付套餐,在网,宽带 DSL,未开通电话,16,35.5
7013-PSXHK,一年合约,在网,宽带 DSL,已开通电话,40,80.75
5669-SRAIP,月付套餐,已流失,宽带 DSL,未开通电话,5,39.5
5981-ITEMU,月付套餐,已流失,光纤,已开通电话,40,97.1
3486-NPGST,一年合约,在网,未开通互联网,已开通电话,36,19.55
6941-PMGEP,月付套餐,已流失,光纤,已开通电话,5,80
1624-WOIWJ,月付套餐,已流失,光纤,已开通电话,10,84.7
2074-GKOWZ,月付套餐,已流失,光纤,已开通电话,2,89.55
0376-YMCJC,月付套餐,已流失,光纤,已开通电话,23,90.6
6100-FJZDG,一年合约,在网,未开通互联网,已开通电话,26,20.05
4829-ZLJTK,两年合约,在网,光纤,已开通电话,72,112.4
1730-VFMWO,月付套餐,在网,宽带 DSL,已开通电话,34,50.2
7143-BQIBA,月付套餐,在网,宽带 DSL,已开通电话,10,62.25
3800-LYTRK,一年合约,在网,宽带 DSL,已开通电话,14,55.7
0634-SZPQA,月付套餐,已流失,光纤,已开通电话,23,90.05
9646-NMHXE,两年合约,在网,未开通互联网,已开通电话,47,19.65
7030-NJVDP,月付套餐,在网,光纤,已开通电话,24,89.25
5536-RTPWK,月付套餐,已流失,光纤,已开通电话,49,99.05
8883-GRDWQ,一年合约,在网,宽带 DSL,已开通电话,20,54
6166-ILMNY,月付套餐,已流失,光纤,已开通电话,2,69.75
3097-NNSPB,月付套餐,已流失,宽带 DSL,已开通电话,2,49.05
7771-ZONAT,两年合约,在网,宽带 DSL,未开通电话,22,56.75
0655-RBDUG,月付套餐,已流失,光纤,已开通电话,7,98.05
2111-DWYHN,月付套餐,在网,未开通互联网,已开通电话,1,21.1
4194-WHFCB,月付套餐,在网,光纤,已开通电话,59,96.65
4121-AGSIN,一年合约,在网,未开通互联网,已开通电话,58,24.5
4361-BKAXE,月付套餐,已流失,光纤,已开通电话,41,114.5
9845-PEEKO,两年合约,在网,光纤,已开通电话,59,79.2
0455-XFASS,月付套餐,在网,光纤,已开通电话,3,69.55
0301-KOBTQ,两年合约,在网,未开通互联网,已开通电话,32,20.05
1751-NCDLI,月付套餐,在网,光纤,已开通电话,46,98.85
4367-NUYAO,两年合约,在网,未开通互联网,已开通电话,0,25.75
9878-TNQGW,月付套餐,已流失,光纤,已开通电话,2,80.95
9170-ARBTB,一年合约,在网,未开通互联网,已开通电话,52,19.6
4441-NIHPT,月付套餐,已流失,光纤,已开通电话,13,74.3
8999-BOHSE,月付套餐,已流失,光纤,已开通电话,11,89.7
7241-AJHFS,月付套餐,在网,光纤,已开通电话,32,87.65
7029-RPUAV,月付套餐,已流失,光纤,已开通电话,17,100.45
4546-FOKWR,月付套餐,在网,光纤,已开通电话,16,74.75
9036-CSKBW,一年合约,在网,光纤,已开通电话,51,107.45
5832-TRLPB,一年合约,在网,宽带 DSL,已开通电话,29,75.35
8590-YFFQO,两年合约,在网,宽带 DSL,已开通电话,70,64.95
8659-IOOPU,两年合约,在网,光纤,已开通电话,71,100.45
1338-CECEE,一年合约,在网,宽带 DSL,已开通电话,41,68.5
7439-DKZTW,月付套餐,在网,光纤,已开通电话,1,80.55
4646-QZXTF,月付套餐,在网,宽带 DSL,已开通电话,7,81.25
4607-CHPCA,一年合约,已流失,光纤,已开通电话,25,90.4
9742-XOKTS,一年合约,在网,光纤,已开通电话,67,89.55
6921-OZMFH,月付套餐,在网,宽带 DSL,已开通电话,5,55.7
9578-FOMUK,月付套餐,在网,未开通互联网,已开通电话,15,24.8
4712-UYOOI,月付套餐,在网,未开通互联网,已开通电话,20,20
8824-RWFXJ,月付套餐,已流失,宽带 DSL,已开通电话,3,56.15
7722-CVFXN,一年合约,在网,光纤,已开通电话,54,105.2
8717-VCTXJ,一年合约,在网,未开通互联网,已开通电话,42,19.55
7363-QTBIW,月付套餐,在网,光纤,已开通电话,9,79.75
4159-NAAIX,两年合约,在网,光纤,已开通电话,63,97.45
0971-QIFJK,两年合约,在网,未开通互联网,已开通电话,69,24.25
9397-TZSHA,两年合约,在网,未开通互联网,已开通电话,69,24.6
3391-JSQEW,月付套餐,在网,宽带 DSL,已开通电话,40,50.15
0343-QLUZP,两年合约,在网,宽带 DSL,未开通电话,60,39.6
9763-PDTKK,月付套餐,已流失,光纤,已开通电话,4,94.4
2176-LVPNX,两年合约,在网,宽带 DSL,已开通电话,71,89.85
7627-JKIAZ,月付套餐,已流失,光纤,已开通电话,37,78.95
3312-UUMZW,月付套餐,在网,光纤,已开通电话,32,98.85
1271-UODNO,两年合约,在网,宽带 DSL,已开通电话,39,53.85
8461-EFQYM,一年合约,在网,未开通互联网,已开通电话,38,24.25
6900-RBKER,两年合约,在网,光纤,已开通电话,52,89.45
6891-JPYFF,月付套餐,在网,光纤,已开通电话,48,105.25
1459-QNFQT,两年合约,在网,宽带 DSL,未开通电话,70,59.5
1047-NNCBF,月付套餐,在网,光纤,已开通电话,20,70.55
3696-XRIEN,一年合约,在网,宽带 DSL,已开通电话,50,82.5
4081-DYXAV,一年合约,已流失,宽带 DSL,未开通电话,19,44.85
0074-HDKDG,一年合约,在网,宽带 DSL,已开通电话,25,61.6
8791-GFXLZ,月付套餐,在网,宽带 DSL,已开通电话,12,49.05
8111-SLLHI,月付套餐,已流失,光纤,已开通电话,39,105.65
0927-LCSMG,月付套餐,已流失,光纤,已开通电话,7,74.65
9330-DHBFL,一年合约,在网,宽带 DSL,已开通电话,23,66.25
0098-BOWSO,月付套餐,在网,未开通互联网,已开通电话,27,19.4
3452-ABWRL,月付套餐,在网,光纤,已开通电话,47,86.05
5859-HZYLF,两年合约,在网,未开通互联网,已开通电话,26,19.15
8257-RZAHR,月付套餐,已流失,宽带 DSL,已开通电话,14,64.7
5293-WXJAK,月付套餐,已流失,光纤,已开通电话,11,104.05
3156-QLHBO,月付套餐,在网,未开通互联网,已开通电话,2,19.25
2208-NQBCT,月付套餐,在网,光纤,已开通电话,26,81.95
1779-PWPMG,两年合约,在网,光纤,已开通电话,72,114.65
6621-NRZAK,两年合约,在网,未开通互联网,已开通电话,63,20
0831-JNISG,两年合约,在网,未开通互联网,已开通电话,71,19.8
0774-IFUVM,月付套餐,在网,宽带 DSL,已开通电话,11,65.15
3082-WQRVY,一年合约,在网,未开通互联网,已开通电话,14,19.65
9553-DLCLU,两年合约,在网,宽带 DSL,已开通电话,13,88.95
1641-BYBTK,月付套餐,在网,未开通互联网,已开通电话,6,20.2
2460-NGXBJ,月付套餐,在网,光纤,已开通电话,11,75.2
2446-ZKVAF,月付套餐,在网,宽带 DSL,已开通电话,18,56.8
0841-NULXI,月付套餐,已流失,宽带 DSL,未开通电话,1,35.55
3522-CDKHF,月付套餐,在网,光纤,已开通电话,32,75.5
1430-SFQSA,一年合约,在网,宽带 DSL,未开通电话,29,35.6
0411-EZJZE,月付套餐,在网,宽带 DSL,已开通电话,3,60.25
7851-WZEKY,月付套餐,已流失,光纤,已开通电话,2,95.15
8844-TONUD,月付套餐,已流失,光纤,已开通电话,13,96.65
8807-ARQET,月付套餐,在网,宽带 DSL,未开通电话,41,40.35
8992-CEUEN,月付套餐,在网,未开通互联网,已开通电话,1,18.85
4320-QMLLA,月付套餐,在网,宽带 DSL,已开通电话,7,54.85
8777-PVYGU,一年合约,在网,宽带 DSL,已开通电话,52,64.3
8292-ITGYJ,两年合约,在网,未开通互联网,已开通电话,45,24.65
6870-ZWMNX,两年合约,在网,宽带 DSL,已开通电话,70,76.1
0621-CXBKL,两年合约,在网,未开通互联网,已开通电话,53,18.7
5268-DSMNQ,一年合约,在网,光纤,已开通电话,62,97.95
5334-JLAXU,月付套餐,在网,光纤,已开通电话,60,94.1
4086-YQSNZ,月付套餐,已流失,光纤,已开通电话,3,80.4
6242-MBHPK,月付套餐,在网,光纤,已开通电话,23,95.1
5868-CZJDR,月付套餐,已流失,宽带 DSL,未开通电话,1,31.35
9359-UGBTK,一年合约,在网,宽带 DSL,已开通电话,67,72.35
0135-NMXAP,月付套餐,已流失,光纤,已开通电话,12,89.75
4782-OSFXZ,两年合约,在网,宽带 DSL,已开通电话,71,82.7
6479-OAUSD,一年合约,在网,未开通互联网,已开通电话,25,19.9
7129-ACFOG,月付套餐,在网,宽带 DSL,已开通电话,5,53.8
4189-NAKJS,一年合约,在网,宽带 DSL,已开通电话,26,51.55
5562-BETPV,一年合约,在网,未开通互联网,已开通电话,1,19.65
1282-IHQAC,一年合约,在网,宽带 DSL,未开通电话,70,44.05
9127-FHJBZ,两年合约,在网,光纤,已开通电话,72,114
6270-OMFIW,一年合约,已流失,光纤,已开通电话,60,94.4
1641-RQDAY,月付套餐,在网,光纤,已开通电话,32,100.4
0107-WESLM,月付套餐,已流失,未开通互联网,已开通电话,1,19.85
6994-ORCWG,一年合约,在网,宽带 DSL,已开通电话,14,54.25
1346-UFHAX,月付套餐,在网,光纤,已开通电话,13,80
3992-YWPKO,月付套餐,已流失,光纤,已开通电话,6,109.9
2933-XEUJM,两年合约,在网,宽带 DSL,已开通电话,46,79.2
0125-LZQXK,月付套餐,已流失,光纤,已开通电话,15,101.35
5461-QKNTN,月付套餐,在网,光纤,已开通电话,43,94.3
4835-YSJMR,两年合约,在网,宽带 DSL,已开通电话,39,49.8
8399-YNDCH,月付套餐,已流失,宽带 DSL,已开通电话,21,60.05
3164-YAXFY,月付套餐,在网,宽带 DSL,未开通电话,57,53.75
0887-WBJVH,一年合约,在网,光纤,已开通电话,53,93.45
4660-IRIBM,月付套餐,在网,光纤,已开通电话,18,87.9
5673-FSSMF,月付套餐,已流失,宽带 DSL,已开通电话,1,60.15
7670-ZBPOQ,一年合约,在网,宽带 DSL,已开通电话,58,61.05
8089-UZWLX,两年合约,在网,光纤,已开通电话,71,104.05
0080-OROZO,一年合约,在网,光纤,已开通电话,35,99.25
3916-NRPAP,月付套餐,在网,光纤,已开通电话,3,85.7
6807-SIWJI,一年合约,在网,光纤,已开通电话,38,104.85
8221-HVAYI,两年合约,在网,宽带 DSL,已开通电话,35,69.15
1579-KLYDT,月付套餐,已流失,光纤,已开通电话,7,90.45
5232-NXPAY,两年合约,在网,宽带 DSL,已开通电话,47,74.45
8967-SZQAS,月付套餐,在网,宽带 DSL,已开通电话,14,50.45
4468-KAZHE,月付套餐,在网,宽带 DSL,已开通电话,20,60
0455-ENTCR,两年合约,在网,宽带 DSL,已开通电话,66,85.25
8944-AILEF,月付套餐,在网,未开通互联网,已开通电话,15,19.45
5542-NKVRU,两年合约,在网,未开通互联网,已开通电话,42,20.75
7126-RBHSD,月付套餐,在网,光纤,已开通电话,17,78.9
5370-IIVVL,一年合约,在网,光纤,已开通电话,37,104.5
6789-HJBWG,月付套餐,在网,宽带 DSL,已开通电话,12,49.4
3927-NLNRY,一年合约,已流失,光纤,已开通电话,53,94.25
9087-EYCPR,两年合约,在网,未开通互联网,已开通电话,60,25
6791-YBNAK,月付套餐,在网,宽带 DSL,未开通电话,18,25.55
6358-LYNGM,月付套餐,已流失,光纤,已开通电话,1,74.9
6077-BDPXA,月付套餐,在网,光纤,已开通电话,3,70.15
0013-MHZWF,月付套餐,在网,宽带 DSL,已开通电话,9,69.4
5494-HECPR,月付套餐,已流失,光纤,已开通电话,1,80.25
8268-YDIXR,一年合约,在网,光纤,已开通电话,56,93.15
9824-BEMCV,月付套餐,已流失,光纤,已开通电话,17,69
1373-ORVIZ,月付套餐,已流失,宽带 DSL,已开通电话,11,66.35
4291-SHSBH,月付套餐,在网,光纤,已开通电话,7,69.55
6980-IMXXE,两年合约,在网,未开通互联网,已开通电话,69,20.2
9866-QEVEE,月付套餐,已流失,光纤,已开通电话,19,86
9897-KXHCM,月付套餐,已流失,光纤,已开通电话,3,80.3
0040-HALCW,两年合约,在网,未开通互联网,已开通电话,54,20.4
0784-GTUUK,一年合约,在网,未开通互联网,已开通电话,62,23.75
7979-CORPM,月付套餐,已流失,光纤,已开通电话,24,90.55
2294-DMMUS,月付套餐,在网,宽带 DSL,已开通电话,62,70.45
0872-JCPIB,月付套餐,在网,宽带 DSL,已开通电话,17,65.75
3055-MJDSB,月付套餐,在网,宽带 DSL,未开通电话,9,24.6
9091-WTUUY,两年合约,在网,宽带 DSL,已开通电话,64,69.25
1618-CFHME,月付套餐,已流失,光纤,已开通电话,2,75.9
3165-HDOEW,月付套餐,已流失,宽带 DSL,已开通电话,1,45.85
6581-NQCBA,月付套餐,已流失,宽带 DSL,未开通电话,16,49.95
7115-IRDHS,两年合约,在网,未开通互联网,已开通电话,72,24.65
8496-DMZUK,一年合约,在网,光纤,已开通电话,30,90.4
2040-VZIKE,月付套餐,在网,光纤,已开通电话,49,100.85
9068-VPWQQ,两年合约,在网,宽带 DSL,已开通电话,61,75.35
0178-SZBHO,月付套餐,在网,光纤,已开通电话,47,87.2
0384-RVBPI,月付套餐,在网,宽带 DSL,已开通电话,20,64.4
1689-MRZQR,月付套餐,已流失,光纤,已开通电话,34,78.3
1299-AURJA,两年合约,在网,未开通互联网,已开通电话,70,24.7
4525-VZCZG,一年合约,在网,光纤,已开通电话,54,105.85
1543-LLLFT,一年合约,在网,光纤,已开通电话,61,98.3
5835-BEQEU,月付套餐,已流失,光纤,已开通电话,3,76.95
2788-CJQAQ,一年合约,在网,未开通互联网,已开通电话,13,19.45
5565-FILXA,月付套餐,已流失,光纤,已开通电话,16,96.15
0319-QZTCO,月付套餐,在网,宽带 DSL,已开通电话,3,58.7
2120-SMPEX,月付套餐,在网,未开通互联网,已开通电话,25,20.15
0096-FCPUF,月付套餐,在网,宽带 DSL,已开通电话,30,64.5
0668-OGMHD,月付套餐,在网,宽带 DSL,未开通电话,21,28.5
5552-ZNFSJ,月付套餐,已流失,宽带 DSL,已开通电话,1,45.3
2223-KAGMX,月付套餐,已流失,未开通互联网,已开通电话,15,19.4
6507-ZJSUR,月付套餐,在网,光纤,已开通电话,23,90.45
9408-HRXRK,月付套餐,在网,光纤,已开通电话,45,105.15
5593-SUAOO,一年合约,在网,光纤,已开通电话,24,83.15
7321-PKUYW,月付套餐,已流失,光纤,已开通电话,11,90.15
2833-SLKDQ,月付套餐,已流失,宽带 DSL,已开通电话,1,45.05
6766-HFKLA,两年合约,在网,光纤,已开通电话,56,103.2
7595-EUIVN,月付套餐,已流失,光纤,已开通电话,1,75.8
7617-EYGLW,月付套餐,在网,未开通互联网,已开通电话,1,19.45
2026-TGDHM,月付套餐,已流失,光纤,已开通电话,7,79.3
9220-ZNKJI,两年合约,在网,光纤,已开通电话,55,88.8
4030-VPZBD,月付套餐,已流失,宽带 DSL,未开通电话,2,30.9
2226-ICFDO,两年合约,在网,宽带 DSL,已开通电话,72,85.9
0723-VSOBE,一年合约,在网,宽带 DSL,未开通电话,45,34.2
5529-GIBVH,两年合约,在网,未开通互联网,已开通电话,47,20.15
4187-CINZD,一年合约,已流失,光纤,已开通电话,46,95.25
9992-UJOEL,月付套餐,在网,宽带 DSL,已开通电话,2,50.3
4741-WWJQZ,月付套餐,在网,光纤,已开通电话,2,80.15
6625-UTXEW,月付套餐,在网,宽带 DSL,已开通电话,12,51.25
6818-WOBHJ,月付套餐,已流失,光纤,已开通电话,68,89.6
6244-BESBM,两年合约,在网,光纤,已开通电话,69,95.2
1004-NOZNR,一年合约,在网,光纤,已开通电话,56,94.8
1251-STYSZ,月付套餐,在网,光纤,已开通电话,4,80.25
2612-PHGOX,两年合约,在网,宽带 DSL,已开通电话,64,76.1
2408-TZMJL,一年合约,已流失,光纤,已开通电话,59,110.15
8480-PPONV,两年合约,在网,光纤,已开通电话,62,115.55
8780-IHCRN,两年合约,在网,未开通互联网,已开通电话,63,24.65
4598-ZADCK,一年合约,在网,宽带 DSL,未开通电话,53,53.6
1257-SXUXQ,月付套餐,在网,未开通互联网,已开通电话,5,19.45
9681-KYGYB,月付套餐,在网,光纤,已开通电话,49,88.2
7182-OVLBJ,两年合约,在网,光纤,已开通电话,62,101.15
5095-ETBRJ,两年合约,在网,宽带 DSL,已开通电话,55,56.8
7005-CYUIL,两年合约,在网,光纤,已开通电话,71,99.4
4821-WQOYN,两年合约,在网,未开通互联网,已开通电话,72,20.1
4730-AWNAU,一年合约,在网,宽带 DSL,未开通电话,36,60.7
3452-FLHYD,一年合约,在网,未开通互联网,已开通电话,25,20.95
2388-LAESQ,两年合约,在网,光纤,已开通电话,72,114.85
9531-NSBMR,一年合约,在网,未开通互联网,已开通电话,36,19.25
6260-ONULR,月付套餐,在网,宽带 DSL,已开通电话,1,62.8
4389-UEFCZ,两年合约,在网,光纤,已开通电话,72,105.5
8711-LOBKY,两年合约,在网,未开通互联网,已开通电话,59,19.85
9134-CEQMF,月付套餐,已流失,光纤,已开通电话,7,89.5
8985-OOPOS,一年合约,在网,宽带 DSL,已开通电话,1,74.1
8800-ZKRFW,月付套餐,在网,光纤,已开通电话,30,107.5
2616-FLVQC,两年合约,在网,未开通互联网,已开通电话,64,19.55
9968-FFVVH,一年合约,在网,宽带 DSL,已开通电话,63,68.8
3108-PCCGG,两年合约,在网,宽带 DSL,已开通电话,72,84.45
7993-PYKOF,月付套餐,已流失,光纤,已开通电话,8,75
8390-FESFV,两年合约,在网,宽带 DSL,已开通电话,62,84.5
3022-BEXHZ,两年合约,在网,光纤,已开通电话,67,111.2
5027-XWQHA,月付套餐,已流失,宽带 DSL,已开通电话,6,44.75
6248-TKCQV,两年合约,在网,宽带 DSL,已开通电话,70,80.6
6729-GDNGC,月付套餐,在网,光纤,已开通电话,20,80.7
6198-ZFIOJ,月付套餐,在网,光纤,已开通电话,5,75.6
5989-OMNJE,一年合约,在网,宽带 DSL,未开通电话,24,57.6
4566-QVRRW,月付套餐,已流失,宽带 DSL,已开通电话,11,44.05
1291-CUOCY,两年合约,在网,光纤,已开通电话,72,110.6
9795-SHUHB,两年合约,在网,宽带 DSL,已开通电话,66,58.2
3230-IUALN,两年合约,在网,宽带 DSL,已开通电话,45,81
0042-RLHYP,两年合约,在网,未开通互联网,已开通电话,69,19.7
8519-IMDHU,月付套餐,已流失,光纤,已开通电话,15,85.6
4945-RVMTE,月付套餐,在网,宽带 DSL,已开通电话,28,59.55
0201-OAMXR,一年合约,已流失,光纤,已开通电话,70,115.55
1866-NXPSP,一年合约,在网,宽带 DSL,已开通电话,36,75.55
3372-KWFBM,月付套餐,已流失,光纤,已开通电话,16,86.6
7831-QGOXH,月付套餐,已流失,光纤,已开通电话,18,85.2
6393-WRYZE,月付套餐,已流失,光纤,已开通电话,34,97.65
3941-XTSKM,一年合约,在网,宽带 DSL,未开通电话,42,45.1
1661-CZBAU,一年合约,在网,宽带 DSL,已开通电话,48,70.95
6599-RCLCJ,月付套餐,已流失,光纤,已开通电话,47,109.55
9831-BPFRI,一年合约,已流失,光纤,已开通电话,39,89.55
5158-RIVOP,两年合约,在网,未开通互联网,已开通电话,11,20.9
9788-YTFGE,月付套餐,在网,未开通互联网,已开通电话,7,19.95
9277-JOOMO,月付套餐,在网,未开通互联网,已开通电话,3,24.6
1907-YLNYW,月付套餐,在网,宽带 DSL,已开通电话,8,66.7
1725-MIMXW,月付套餐,已流失,未开通互联网,已开通电话,1,19.45
8947-YRTDV,一年合约,在网,光纤,已开通电话,32,94.8
3161-ONRWK,一年合约,在网,宽带 DSL,已开通电话,60,65.85
0114-RSRRW,月付套餐,在网,未开通互联网,已开通电话,10,19.95
4565-NLZBV,两年合约,在网,未开通互联网,已开通电话,71,24.65
0031-PVLZI,月付套餐,已流失,未开通互联网,已开通电话,4,20.35
7206-GZCDC,月付套餐,已流失,光纤,已开通电话,1,69.25
6682-VCIXC,一年合约,在网,宽带 DSL,未开通电话,43,51.25
4791-QRGMF,一年合约,已流失,光纤,已开通电话,59,99.5
6475-VHUIZ,月付套餐,在网,宽带 DSL,已开通电话,23,54.25
3910-MRQOY,两年合约,在网,未开通互联网,已开通电话,72,19.4
0661-WCQNQ,一年合约,在网,宽带 DSL,已开通电话,22,56.25
7537-RBWEA,月付套餐,在网,宽带 DSL,未开通电话,1,25.15
4656-CAURT,两年合约,在网,未开通互联网,已开通电话,69,23.95
0121-SNYRK,一年合约,在网,宽带 DSL,未开通电话,50,35.4
1768-ZAIFU,月付套餐,已流失,宽带 DSL,未开通电话,1,25.2
4671-LXRDQ,月付套餐,已流失,宽带 DSL,已开通电话,2,45
3733-LSYCE,月付套餐,在网,光纤,已开通电话,15,75.35
6265-FRMTQ,两年合约,在网,未开通互联网,已开通电话,31,20.4
1934-SJVJK,月付套餐,已流失,未开通互联网,已开通电话,1,20.15
3838-OZURD,月付套餐,已流失,光纤,已开通电话,66,105
1371-DWPAZ,两年合约,在网,宽带 DSL,未开通电话,0,56.05
9269-CQOOL,月付套餐,已流失,宽带 DSL,已开通电话,3,54.7
2017-CCBLH,两年合约,在网,未开通互联网,已开通电话,8,20
7690-KPNCU,一年合约,在网,宽带 DSL,已开通电话,64,73.05
0536-BGFMZ,月付套餐,在网,未开通互联网,已开通电话,28,20.5
2293-IJWPS,一年合约,在网,光纤,已开通电话,57,100.75
2845-HSJCY,月付套餐,已流失,光纤,已开通电话,14,87.25
5469-NUJUR,两年合约,在网,未开通互联网,已开通电话,19,19.95
1184-PJVDB,月付套餐,已流失,光纤,已开通电话,10,79.95
2625-TRCZQ,月付套餐,在网,宽带 DSL,未开通电话,51,49.65
4102-HLENU,两年合约,在网,宽带 DSL,已开通电话,67,65.65
7266-GSSJX,月付套餐,在网,未开通互联网,已开通电话,11,20.45
7722-VJRQD,两年合约,在网,宽带 DSL,未开通电话,72,60.95
7073-QETQY,一年合约,在网,未开通互联网,已开通电话,66,20.35
9415-DPEWS,月付套餐,已流失,光纤,已开通电话,18,88.35
5624-RYAMH,月付套餐,在网,未开通互联网,已开通电话,9,19.5
0196-JTUQI,月付套餐,在网,光纤,已开通电话,9,75.2
7130-YXBRO,月付套餐,在网,光纤,已开通电话,48,111.45
9272-LSVYH,月付套餐,在网,光纤,已开通电话,10,70.15
7943-RQCHR,月付套餐,已流失,光纤,已开通电话,9,94.75
3793-MMFUH,月付套餐,已流失,光纤,已开通电话,13,95.05
3249-ZPQRG,月付套餐,已流失,光纤,已开通电话,4,78.45
2568-BRGYX,月付套餐,已流失,光纤,已开通电话,4,70.2
3084-DOWLE,两年合约,在网,宽带 DSL,已开通电话,72,92
1084-MNSMJ,两年合约,在网,宽带 DSL,已开通电话,51,85.5
7721-JXEAW,月付套餐,已流失,宽带 DSL,未开通电话,59,41.05
7249-WBIYX,月付套餐,已流失,光纤,已开通电话,10,85.6
4238-HFHSN,月付套餐,在网,光纤,已开通电话,61,82.15
6250-CGGUN,一年合约,在网,光纤,已开通电话,54,84.4
5478-JJVZK,月付套餐,在网,宽带 DSL,已开通电话,33,60.9
7596-IIWYC,两年合约,在网,未开通互联网,已开通电话,27,20.25
6567-HOOPW,月付套餐,已流失,光纤,已开通电话,1,79.2
9793-WECQC,月付套餐,在网,光纤,已开通电话,23,95.3
4291-HPAXL,月付套餐,在网,未开通互联网,已开通电话,1,19.85
8999-YPYBV,两年合约,在网,宽带 DSL,已开通电话,45,84.35
1839-FBNFR,两年合约,在网,未开通互联网,已开通电话,39,19.85
3164-AALRN,一年合约,已流失,宽带 DSL,已开通电话,5,70
3071-MVJCD,两年合约,在网,宽带 DSL,已开通电话,72,82.3
1697-BCSHV,月付套餐,在网,宽带 DSL,已开通电话,58,66.8
0562-KBDVM,两年合约,在网,宽带 DSL,未开通电话,70,44.6
1131-SUEKT,一年合约,在网,光纤,已开通电话,61,98.45
3717-OEAUQ,月付套餐,在网,光纤,已开通电话,2,70.7
4538-WNTMJ,一年合约,在网,未开通互联网,已开通电话,46,24.95
3334-CTHOL,月付套餐,已流失,宽带 DSL,已开通电话,1,49.95
4704-ERYFC,月付套餐,已流失,光纤,已开通电话,22,69.25
9432-RUVSL,两年合约,在网,光纤,已开通电话,48,102.5
8060-HIWJJ,两年合约,在网,宽带 DSL,已开通电话,64,86.55
7684-XSZIY,两年合约,在网,未开通互联网,已开通电话,72,24.3
9089-UOWJG,月付套餐,在网,宽带 DSL,已开通电话,12,58.35
8621-MNIHH,月付套餐,已流失,光纤,已开通电话,34,94.25
8039-ACLPL,两年合约,在网,宽带 DSL,已开通电话,72,68.75
9885-AIBVB,月付套餐,在网,光纤,已开通电话,29,85.8
1934-MKPXS,一年合约,在网,未开通互联网,已开通电话,33,20.1
2592-YKDIF,月付套餐,在网,未开通互联网,已开通电话,1,20.35
2272-JKMSI,一年合约,在网,光纤,已开通电话,62,110.8
0471-LVHGK,一年合约,已流失,宽带 DSL,已开通电话,41,73
9518-RWHZL,一年合约,已流失,光纤,已开通电话,64,100.05
8714-CTZJW,月付套餐,在网,光纤,已开通电话,4,82.85
3569-EDBPQ,月付套餐,在网,光纤,已开通电话,24,84.35
3131-NWVFJ,一年合约,在网,未开通互联网,已开通电话,14,19.55
7521-YXVZY,月付套餐,在网,未开通互联网,已开通电话,3,19.95
5419-CONWX,月付套餐,已流失,光纤,已开通电话,4,99.8
6240-EURKS,月付套餐,已流失,宽带 DSL,未开通电话,18,35
2373-NTKOD,月付套餐,在网,宽带 DSL,已开通电话,8,66.25
1970-KKFWL,两年合约,在网,未开通互联网,已开通电话,35,23.3
6960-HVYXR,月付套餐,已流失,光纤,已开通电话,1,76
9337-SRRNI,两年合约,在网,未开通互联网,已开通电话,66,25.3
0895-UADGO,两年合约,在网,宽带 DSL,未开通电话,8,44.55
5678-VFNEQ,一年合约,在网,光纤,已开通电话,71,104.1
5977-CKHON,月付套餐,在网,光纤,已开通电话,43,92.55
7024-OHCCK,月付套餐,已流失,光纤,已开通电话,2,93.85
2692-BUCFV,月付套餐,在网,光纤,已开通电话,29,101.45
7861-UVUFT,月付套餐,已流失,光纤,已开通电话,15,84.3
1830-GGFNM,两年合约,在网,光纤,已开通电话,65,94.55
5302-BDJNT,月付套餐,在网,光纤,已开通电话,35,95.5
5223-UZAVK,一年合约,在网,光纤,已开通电话,64,100.3
4859-ZSRDZ,两年合约,在网,宽带 DSL,未开通电话,58,55.5
5651-WYIPH,月付套餐,在网,宽带 DSL,已开通电话,18,49.85
9350-VLHMB,月付套餐,在网,光纤,已开通电话,67,89.55
3498-LZGQZ,两年合约,在网,未开通互联网,已开通电话,63,19.15
8785-CJSHH,月付套餐,在网,光纤,已开通电话,60,99.8
5357-TZHPP,月付套餐,已流失,光纤,已开通电话,9,84.4
3870-SPZSI,两年合约,在网,光纤,已开通电话,70,113.05
0680-DFNNY,月付套餐,已流失,光纤,已开通电话,15,101.1
7560-QRBXH,一年合约,在网,未开通互联网,已开通电话,48,19.95
7077-XJMET,月付套餐,在网,宽带 DSL,已开通电话,12,74.15
8752-GHJFU,一年合约,在网,光纤,已开通电话,71,92
6896-SRVYQ,月付套餐,在网,光纤,已开通电话,44,73.85
7767-UXAGJ,月付套餐,已流失,宽带 DSL,已开通电话,1,50.45
4652-ODEVH,两年合约,在网,未开通互联网,已开通电话,45,24.45
6510-UPNKS,一年合约,在网,未开通互联网,已开通电话,23,24.8
6718-BDGHG,一年合约,在网,宽带 DSL,已开通电话,43,64.85
9046-DQMTP,月付套餐,在网,未开通互联网,已开通电话,35,20.75
6439-LAJXL,月付套餐,在网,宽带 DSL,已开通电话,9,68.95
1571-SAVHK,月付套餐,已流失,光纤,已开通电话,12,99.95
9052-VKDUW,月付套餐,在网,光纤,已开通电话,65,109.4
9546-CQJSU,月付套餐,已流失,光纤,已开通电话,2,91.4
1666-JZPZT,月付套餐,在网,宽带 DSL,已开通电话,27,49
5777-KJIRB,一年合约,在网,宽带 DSL,已开通电话,40,50.25
0506-LVNGN,月付套餐,已流失,光纤,已开通电话,5,75.55
7677-SJJJK,一年合约,在网,未开通互联网,已开通电话,8,19.9
2480-EJWYP,一年合约,在网,光纤,已开通电话,58,97.8
3253-HKOKL,一年合约,在网,光纤,已开通电话,52,100.3
7055-HNEOJ,月付套餐,在网,宽带 DSL,已开通电话,3,55.8
5514-YQENT,两年合约,在网,光纤,已开通电话,41,111.15
3211-AAPKX,月付套餐,在网,光纤,已开通电话,20,98.55
8445-DNBAE,月付套餐,在网,宽带 DSL,已开通电话,1,50.05
2951-QOQTK,月付套餐,已流失,光纤,已开通电话,4,80.8
2958-NHPPS,月付套餐,在网,未开通互联网,已开通电话,23,20.85
6806-YDEUL,月付套餐,在网,未开通互联网,已开通电话,6,19.5
1735-XMJVH,月付套餐,在网,未开通互联网,已开通电话,8,19.35
6890-PFRQX,月付套餐,在网,宽带 DSL,已开通电话,18,69.5
0222-CNVPT,月付套餐,在网,宽带 DSL,未开通电话,52,48.8
5899-OUVKV,月付套餐,在网,光纤,已开通电话,31,94.5
8681-ICONS,月付套餐,在网,未开通互联网,已开通电话,29,20.65
1621-YNCJH,两年合约,在网,光纤,已开通电话,36,106.05
3473-XIIIT,月付套餐,已流失,光纤,已开通电话,16,100
6362-QHAFM,一年合约,在网,光纤,已开通电话,42,108.3
7893-IXHRQ,月付套餐,已流失,未开通互联网,已开通电话,1,20.55
3070-BDOQC,两年合约,在网,光纤,已开通电话,60,99.65
2952-QAYZF,月付套餐,已流失,光纤,已开通电话,5,85.3
6234-PFPXL,月付套餐,在网,光纤,已开通电话,22,95.9
9824-QCJPK,一年合约,在网,未开通互联网,已开通电话,36,20
4763-PGDPO,月付套餐,已流失,光纤,已开通电话,4,70.4
4283-IVYCI,月付套餐,在网,宽带 DSL,已开通电话,9,64.95
1866-OBPNR,月付套餐,在网,光纤,已开通电话,1,74.6
8205-MQUGY,月付套餐,在网,宽带 DSL,已开通电话,12,49.2
8970-ANWXO,一年合约,在网,宽带 DSL,已开通电话,23,73.75
9480-BQJEI,一年合约,在网,光纤,已开通电话,62,92.3
5394-SVGJV,月付套餐,已流失,光纤,已开通电话,37,98.8
6979-TNDEU,月付套餐,在网,未开通互联网,已开通电话,8,19.2
9777-WJJPR,月付套餐,在网,光纤,已开通电话,31,88.65
9283-LZQOH,月付套餐,已流失,光纤,已开通电话,13,74.4
7079-QRCBC,月付套餐,已流失,光纤,已开通电话,24,98.75
9495-SKLKD,月付套餐,在网,光纤,已开通电话,45,95.95
6048-UWKAL,两年合约,在网,光纤,已开通电话,69,105.4
5067-DGXLL,月付套餐,在网,未开通互联网,已开通电话,2,20.25
5469-CTCWN,一年合约,已流失,光纤,已开通电话,61,106
9851-QXEEQ,月付套餐,已流失,光纤,已开通电话,41,104.7
6281-FKEWS,一年合约,在网,宽带 DSL,未开通电话,44,49.05
8898-KASCD,一年合约,在网,宽带 DSL,未开通电话,39,35.55
9242-TKFSV,两年合约,在网,宽带 DSL,未开通电话,72,65.1
9290-SHCMB,月付套餐,在网,光纤,已开通电话,13,96.85
0743-HNPFG,一年合约,在网,宽带 DSL,已开通电话,51,69.75
2277-BKJKN,两年合约,在网,光纤,已开通电话,71,99.2
9809-IMGCQ,月付套餐,已流失,光纤,已开通电话,22,96.7
5208-HFSBT,月付套餐,已流失,宽带 DSL,已开通电话,2,55.05
5035-PGZXH,一年合约,在网,光纤,已开通电话,56,106.8
8695-WDYEA,月付套餐,在网,宽带 DSL,已开通电话,1,51.25
6543-JXSOO,一年合约,在网,宽带 DSL,已开通电话,23,57.75
8016-ZMGMO,一年合约,在网,宽带 DSL,已开通电话,66,70.85
8605-ITULD,月付套餐,在网,未开通互联网,已开通电话,1,19.55
3254-YRILK,月付套餐,已流失,光纤,已开通电话,19,88.2
6416-YJTTB,月付套餐,在网,光纤,已开通电话,11,79.5
2667-WYLWJ,一年合约,已流失,未开通互联网,已开通电话,8,19.75
4472-VESGY,月付套餐,在网,光纤,已开通电话,52,98.15
3195-TQDZX,月付套餐,在网,未开通互联网,已开通电话,3,20.25
3128-YOVTD,月付套餐,在网,光纤,已开通电话,51,79.15
0529-ONKER,月付套餐,已流失,光纤,已开通电话,15,75.65
1728-CXQBE,月付套餐,在网,光纤,已开通电话,64,94.25
7041-TXQJH,月付套餐,在网,宽带 DSL,未开通电话,37,40.2
5014-GSOUQ,两年合约,在网,未开通互联网,已开通电话,13,19.95
5724-BIDBU,一年合约,在网,宽带 DSL,已开通电话,49,55.35
0481-SUMCB,一年合约,在网,光纤,已开通电话,45,102.15
1769-GRUIK,月付套餐,在网,光纤,已开通电话,18,71.1
5240-IJOQT,月付套餐,已流失,光纤,已开通电话,1,74.7
8819-WFGGJ,两年合约,在网,宽带 DSL,未开通电话,68,54.1
7427-AUFPY,两年合约,在网,未开通互联网,已开通电话,54,19.65
2811-POVEX,月付套餐,在网,光纤,已开通电话,23,88.45
1092-GANHU,月付套餐,已流失,光纤,已开通电话,17,76.65
7898-PDWQE,两年合约,在网,宽带 DSL,已开通电话,71,80.4
9972-EWRJS,两年合约,在网,未开通互联网,已开通电话,67,19.25
9314-IJWSQ,月付套餐,在网,光纤,已开通电话,14,84.8
0661-XEYAN,月付套餐,已流失,宽带 DSL,未开通电话,1,25.8
5799-JRCZO,两年合约,在网,未开通互联网,已开通电话,63,19.5
1921-KYSAY,一年合约,在网,宽带 DSL,已开通电话,41,68.6
6198-RTPMF,月付套餐,在网,光纤,已开通电话,17,92.6
2924-KHUVI,一年合约,在网,光纤,已开通电话,56,100.55
1925-GMVBW,月付套餐,在网,未开通互联网,已开通电话,5,20.55
7881-EVUAD,月付套餐,已流失,宽带 DSL,未开通电话,2,42.6
6184-DYUOB,月付套餐,在网,未开通互联网,已开通电话,3,19.6
9207-ZPANB,一年合约,在网,宽带 DSL,已开通电话,37,67.45
5766-XQXMQ,月付套餐,已流失,宽带 DSL,已开通电话,29,68.85
9327-QSDED,月付套餐,在网,宽带 DSL,已开通电话,8,43.55
1656-DRSMG,月付套餐,在网,光纤,已开通电话,63,109.85
3012-VFFMN,月付套餐,在网,未开通互联网,已开通电话,7,20.65
2984-AFWNC,月付套餐,在网,光纤,已开通电话,3,95.4
0640-YJTPY,两年合约,在网,未开通互联网,已开通电话,72,21
8096-LOIST,月付套餐,在网,宽带 DSL,已开通电话,19,56.2
9764-REAFF,两年合约,在网,未开通互联网,已开通电话,59,18.4
3703-VAVCL,月付套餐,已流失,光纤,已开通电话,2,90
7107-UBYKY,月付套餐,在网,未开通互联网,已开通电话,35,25.75
4881-GQJTW,月付套餐,在网,未开通互联网,已开通电话,14,19.6
8519-QJGJD,月付套餐,已流失,光纤,已开通电话,14,75.35
7876-DNYAP,两年合约,在网,未开通互联网,已开通电话,69,19.8
7905-NJMXS,月付套餐,在网,宽带 DSL,已开通电话,7,64.2
2882-WDTBA,两年合约,在网,宽带 DSL,已开通电话,69,75.75
2091-GPPIQ,两年合约,在网,宽带 DSL,已开通电话,72,78.95
6326-MTTXK,月付套餐,已流失,光纤,已开通电话,8,100.85
5071-FBJFS,月付套餐,在网,宽带 DSL,已开通电话,4,50.3
2796-UUZZO,月付套餐,在网,光纤,已开通电话,63,80.3
2429-AYKKO,两年合约,在网,未开通互联网,已开通电话,72,19.85
9798-OPFEM,两年合约,在网,未开通互联网,已开通电话,46,21.1
0330-IVZHA,月付套餐,已流失,光纤,已开通电话,5,69.95
3794-NFNCH,月付套餐,在网,宽带 DSL,已开通电话,30,50
5193-QLVZB,两年合约,在网,光纤,已开通电话,63,104.75
7114-AEOZE,两年合约,在网,未开通互联网,已开通电话,60,19.85
2886-KEFUM,一年合约,已流失,光纤,已开通电话,63,107.5
5522-NYKPB,月付套餐,在网,光纤,已开通电话,25,85.9
4237-RLAQD,月付套餐,已流失,宽带 DSL,已开通电话,1,45.85
9957-YODKZ,月付套餐,在网,光纤,已开通电话,6,80.8
6518-KZXCB,两年合约,在网,未开通互联网,已开通电话,22,25.25
2245-ADZFJ,两年合约,在网,宽带 DSL,已开通电话,31,80.55
7776-QGYJC,月付套餐,在网,光纤,已开通电话,39,81.5
9313-QOLTZ,月付套餐,在网,未开通互联网,已开通电话,26,20.9
9651-GTSAQ,一年合约,已流失,光纤,已开通电话,53,106.1
3186-BAXNB,月付套餐,已流失,光纤,已开通电话,1,91.7
4672-FOTSD,月付套餐,在网,宽带 DSL,已开通电话,12,67.25
0637-YLETY,月付套餐,已流失,光纤,已开通电话,16,95.6
9818-XQCUV,月付套餐,在网,未开通互联网,已开通电话,2,20.35
7338-ERIVA,一年合约,在网,宽带 DSL,未开通电话,39,45.05
1157-BQCUW,月付套餐,已流失,光纤,已开通电话,1,74.95
8259-NFJTV,月付套餐,在网,宽带 DSL,未开通电话,7,34.65
3223-DWFIO,月付套餐,在网,光纤,已开通电话,4,69.35
2660-EMUBI,月付套餐,已流失,光纤,已开通电话,10,95.35
6968-GMKPR,月付套餐,在网,光纤,已开通电话,55,81.55
4751-ERMAN,两年合约,在网,宽带 DSL,已开通电话,72,75.4
1436-ZMJAN,月付套餐,在网,宽带 DSL,已开通电话,10,67.8
3292-PBZEJ,月付套餐,在网,光纤,已开通电话,11,111.4
0799-DDIHE,月付套餐,在网,宽带 DSL,已开通电话,15,46.3
3070-FNFZQ,两年合约,在网,未开通互联网,已开通电话,23,20.4
2812-SFXMJ,月付套餐,在网,未开通互联网,已开通电话,1,20.05
7675-OZCZG,月付套餐,已流失,宽带 DSL,已开通电话,3,45
5014-WUQMG,一年合约,在网,光纤,已开通电话,47,96.1
5312-TSZVC,一年合约,在网,未开通互联网,已开通电话,15,19.65
2003-CKLOR,月付套餐,已流失,光纤,已开通电话,66,99.5
0993-OSGPT,一年合约,在网,宽带 DSL,已开通电话,68,60.65
9254-RBFON,一年合约,已流失,光纤,已开通电话,17,98.6
1205-WNWPJ,月付套餐,已流失,宽带 DSL,已开通电话,7,59.5
9391-EOYLI,月付套餐,已流失,光纤,已开通电话,12,80.45
7108-DGVUU,一年合约,在网,宽带 DSL,已开通电话,21,71.7
2782-JEEBU,月付套餐,在网,宽带 DSL,未开通电话,21,36
5127-BZENZ,一年合约,在网,宽带 DSL,已开通电话,56,65.2
2720-FVBQP,月付套餐,在网,宽带 DSL,已开通电话,6,48.95
9906-NHHVC,两年合约,在网,宽带 DSL,未开通电话,65,53.5
4522-XRWWI,一年合约,在网,宽带 DSL,已开通电话,42,80.45
3766-EJLFL,两年合约,在网,光纤,已开通电话,68,109.05
5939-SXWHM,两年合约,在网,未开通互联网,已开通电话,48,26.3
8152-UOBNY,一年合约,在网,光纤,已开通电话,50,106.8
7351-KYHQH,月付套餐,在网,宽带 DSL,已开通电话,7,64.95
7643-RCHXS,两年合约,在网,未开通互联网,已开通电话,63,19.35
8246-SHFGA,月付套餐,在网,未开通互联网,已开通电话,17,21.1
8387-MOJJT,月付套餐,已流失,光纤,已开通电话,42,77.95
0620-XEFWH,月付套餐,在网,未开通互联网,已开通电话,4,18.85
6485-QXWWE,两年合约,在网,未开通互联网,已开通电话,62,26
2761-OCIAX,月付套餐,已流失,光纤,已开通电话,2,74.7
7321-VGNKU,月付套餐,在网,光纤,已开通电话,2,70.35
5327-CNLUQ,两年合约,在网,光纤,已开通电话,48,96.9
7552-KEYGT,两年合约,在网,未开通互联网,已开通电话,27,19.55
5816-JMLGY,两年合约,在网,宽带 DSL,已开通电话,70,80.4
3068-OMWZA,月付套餐,已流失,光纤,已开通电话,1,88.8
2927-QRRQV,一年合约,在网,光纤,已开通电话,46,94.65
6032-KRXXO,月付套餐,已流失,光纤,已开通电话,30,90.25
7459-RRWQZ,月付套餐,已流失,宽带 DSL,已开通电话,15,64.65
6265-SXWBU,一年合约,在网,光纤,已开通电话,69,95.75
7941-RCJOW,两年合约,在网,未开通互联网,已开通电话,65,19.55
6374-NTQLP,两年合约,在网,光纤,已开通电话,72,104.1
4154-AQUGT,月付套餐,已流失,光纤,已开通电话,13,89.05
2387-KDZQY,一年合约,在网,未开通互联网,已开通电话,17,20.1
3584-WKTTW,一年合约,在网,光纤,已开通电话,51,111.55
3399-BMLVW,两年合约,在网,宽带 DSL,已开通电话,51,60.5
1971-DTCZB,两年合约,在网,宽带 DSL,已开通电话,72,90.95
3092-IGHWF,一年合约,已流失,光纤,已开通电话,67,87.4
3374-PZLXD,月付套餐,在网,未开通互联网,已开通电话,34,19.7
3813-DHBBB,两年合约,在网,宽带 DSL,未开通电话,67,50.95
2812-REYAT,一年合约,在网,未开通互联网,已开通电话,49,20.05
6518-PPLMZ,两年合约,在网,未开通互联网,已开通电话,53,19.4
4939-KYYPY,月付套餐,在网,宽带 DSL,已开通电话,27,59.45
8017-LXHFA,月付套餐,已流失,光纤,已开通电话,23,94.75
5930-GBIWP,两年合约,在网,宽带 DSL,已开通电话,69,81.5
6022-KOUQO,月付套餐,在网,宽带 DSL,未开通电话,2,29.05
6352-TWCAU,月付套餐,已流失,光纤,已开通电话,35,86.45
2361-UPSND,一年合约,在网,宽带 DSL,已开通电话,46,70.6
6035-RIIOM,两年合约,在网,光纤,已开通电话,54,97.2
2929-QNSRW,一年合约,已流失,光纤,已开通电话,56,98.25
1262-OPMFY,月付套餐,已流失,光纤,已开通电话,9,75.75
9504-DSHWM,月付套餐,在网,宽带 DSL,已开通电话,20,59.2
5035-BVCXS,月付套餐,在网,光纤,已开通电话,11,75.9
6267-DCFFZ,月付套餐,在网,光纤,已开通电话,30,90.05
3533-UVMOM,两年合约,在网,宽带 DSL,已开通电话,68,70.95
2439-LYPMQ,月付套餐,在网,光纤,已开通电话,38,102.6
4248-QPAVC,月付套餐,已流失,光纤,已开通电话,17,85.35
1899-VXWXM,一年合约,已流失,光纤,已开通电话,48,106.1
1478-VPOAD,月付套餐,在网,宽带 DSL,已开通电话,1,43.8
9995-HOTOH,两年合约,在网,宽带 DSL,未开通电话,63,59
2988-PLAHS,一年合约,在网,宽带 DSL,已开通电话,3,69.95
1371-OJCEK,一年合约,在网,未开通互联网,已开通电话,48,24.35
4999-IEZLT,一年合约,在网,宽带 DSL,未开通电话,66,29.45
8883-ANODQ,两年合约,在网,光纤,已开通电话,68,84.4
4690-LLKUA,月付套餐,已流失,宽带 DSL,已开通电话,17,45.05
2351-RRBUE,一年合约,在网,未开通互联网,已开通电话,7,20.65
5980-BDHPY,两年合约,在网,宽带 DSL,已开通电话,72,87.1
1498-DQNRX,月付套餐,在网,未开通互联网,已开通电话,29,19.85
9469-WEJBT,月付套餐,在网,光纤,已开通电话,37,90.35
3331-HQDTW,月付套餐,已流失,光纤,已开通电话,34,109.8
9490-DFPMD,月付套餐,已流失,光纤,已开通电话,42,84.65
2581-VKIRT,一年合约,在网,宽带 DSL,已开通电话,59,65.5
5442-XSDCW,月付套餐,已流失,光纤,已开通电话,11,79.5
7426-WEIJX,月付套餐,在网,光纤,已开通电话,60,80.95
2851-MMUTZ,月付套餐,在网,宽带 DSL,已开通电话,27,56.15
3049-NDXFL,月付套餐,已流失,光纤,已开通电话,1,85.8
8580-AECUZ,月付套餐,已流失,光纤,已开通电话,1,79.1
3307-TLCUD,月付套餐,在网,宽带 DSL,未开通电话,17,34.4
6625-FLENO,两年合约,在网,未开通互联网,已开通电话,58,20.75
2967-MXRAV,一年合约,在网,未开通互联网,已开通电话,1,18.8
7963-GQRMY,月付套餐,已流失,宽带 DSL,已开通电话,3,44.3
8189-HBVRW,月付套餐,在网,光纤,已开通电话,53,90.8
4163-KIUHY,月付套餐,在网,未开通互联网,已开通电话,35,25.6
1228-FZFRV,月付套餐,已流失,光纤,已开通电话,50,105.95
3500-NSDOA,两年合约,在网,宽带 DSL,已开通电话,68,70.8
1171-TYKUR,月付套餐,在网,未开通互联网,已开通电话,47,25.4
3761-FLYZI,月付套餐,在网,光纤,已开通电话,65,108.8
2058-DCJBE,月付套餐,已流失,光纤,已开通电话,5,69.75
5364-XYIRR,月付套餐,已流失,光纤,已开通电话,51,94.65
4829-AUOAX,月付套餐,已流失,光纤,已开通电话,46,96.05
1219-NNDDO,月付套餐,在网,光纤,已开通电话,9,76.85
8388-DMKAE,两年合约,在网,未开通互联网,已开通电话,8,20.25
4403-BWPAY,一年合约,在网,未开通互联网,已开通电话,14,24.8
9659-QEQSY,月付套餐,在网,光纤,已开通电话,45,115.65
5405-ZMYXQ,月付套餐,在网,光纤,已开通电话,8,74.6
5047-LHVLY,月付套餐,已流失,宽带 DSL,已开通电话,1,50.15
1442-OKRJE,一年合约,在网,光纤,已开通电话,66,103.15
4737-AQCPU,两年合约,在网,宽带 DSL,已开通电话,72,72.1
9158-VCTQB,月付套餐,已流失,光纤,已开通电话,41,113.6
2808-CHTDM,两年合约,在网,未开通互联网,已开通电话,23,25.1
6311-UEUME,月付套餐,已流失,光纤,已开通电话,29,78.9
0793-TWELN,月付套餐,在网,光纤,已开通电话,4,80.15
3283-WCWXT,两年合约,在网,未开通互联网,已开通电话,6,25.4
1060-ENTOF,一年合约,在网,光纤,已开通电话,67,105.4
0999-QXNSA,月付套餐,在网,宽带 DSL,已开通电话,7,45.75
5451-MHQOF,一年合约,在网,未开通互联网,已开通电话,56,24.45
4836-WNFNO,两年合约,在网,未开通互联网,已开通电话,72,25
9225-BZLNZ,两年合约,在网,宽带 DSL,已开通电话,72,85.25
0354-VXMJC,两年合约,在网,未开通互联网,已开通电话,23,19.6
4422-QVIJA,月付套餐,在网,宽带 DSL,已开通电话,35,50.15
9365-SRSZE,月付套餐,在网,光纤,已开通电话,27,70.55
6839-ITVZJ,月付套餐,已流失,宽带 DSL,已开通电话,26,60.05
8332-OSJDW,一年合约,在网,未开通互联网,已开通电话,12,26.4
4735-BJKOU,两年合约,在网,未开通互联网,已开通电话,40,20.15
0274-JKUJR,月付套餐,在网,宽带 DSL,未开通电话,7,58.85
5740-YHGTW,月付套餐,在网,光纤,已开通电话,70,97.55
8917-SZTTJ,两年合约,在网,未开通互联网,已开通电话,60,19.65
1696-MZVAU,一年合约,在网,宽带 DSL,未开通电话,39,25.25
7359-WWYJV,两年合约,在网,光纤,已开通电话,72,114.45
0375-HVGXO,月付套餐,已流失,宽带 DSL,未开通电话,1,34.7
4906-ZHGPK,一年合约,在网,宽带 DSL,已开通电话,54,70.7
8593-WHYHV,月付套餐,已流失,光纤,已开通电话,3,85.3
3795-GWTRD,两年合约,在网,宽带 DSL,已开通电话,63,75.55
1298-PHBTI,两年合约,在网,光纤,已开通电话,71,84.8
6223-DHJGV,一年合约,在网,未开通互联网,已开通电话,42,20.65
6961-MJKBO,两年合约,在网,未开通互联网,已开通电话,47,20.45
6097-EQISJ,一年合约,已流失,光纤,已开通电话,66,102.45
4423-YLHDV,月付套餐,已流失,光纤,已开通电话,21,104.4
8158-WPEZG,月付套餐,在网,宽带 DSL,未开通电话,11,35.65
0107-YHINA,月付套餐,已流失,光纤,已开通电话,1,99.75
4918-FYJNT,月付套餐,在网,光纤,已开通电话,55,90.45
0727-BNRLG,两年合约,在网,光纤,已开通电话,69,97.65
4854-CIDCF,月付套餐,在网,光纤,已开通电话,3,73.85
8640-SDGKB,月付套餐,已流失,宽带 DSL,已开通电话,4,74.4
3280-MRDOF,两年合约,在网,宽带 DSL,已开通电话,30,69.1
6435-SRWBJ,月付套餐,在网,光纤,已开通电话,5,82.75
9964-WBQDJ,两年合约,在网,未开通互联网,已开通电话,71,24.4
6303-KFWSL,一年合约,在网,宽带 DSL,已开通电话,29,55.25
1702-CCFNJ,月付套餐,在网,宽带 DSL,已开通电话,52,61.35
8932-CZHRQ,一年合约,在网,宽带 DSL,已开通电话,68,76.75
0386-CWRGM,两年合约,在网,未开通互联网,已开通电话,46,19.4
5515-RUGKN,月付套餐,在网,宽带 DSL,已开通电话,8,54.75
0404-AHASP,两年合约,在网,未开通互联网,已开通电话,72,19.7
7279-NMVJC,一年合约,在网,未开通互联网,已开通电话,17,19.9
2081-VEYEH,月付套餐,在网,光纤,已开通电话,3,107.95
6407-UTSLV,月付套餐,在网,光纤,已开通电话,2,83.8
4116-TZAQJ,月付套餐,已流失,光纤,已开通电话,9,74.25
9060-HJJRW,一年合约,在网,宽带 DSL,未开通电话,51,56.4
2587-YNLES,两年合约,在网,未开通互联网,已开通电话,6,20.1
7398-SKNQZ,月付套餐,在网,光纤,已开通电话,3,94.9
5935-FCCNB,月付套餐,在网,光纤,已开通电话,17,94.2
1958-RNRKS,月付套餐,在网,宽带 DSL,已开通电话,30,49.9
5136-RGMZO,月付套餐,在网,宽带 DSL,已开通电话,31,71.05
8345-MVDYC,两年合约,在网,宽带 DSL,已开通电话,45,81.65
8226-BXGES,一年合约,在网,光纤,已开通电话,64,89.45
3877-JRJIP,月付套餐,已流失,宽带 DSL,已开通电话,1,59.85
8375-DKEBR,月付套餐,已流失,光纤,已开通电话,1,69.6
9705-IOVQQ,一年合约,在网,光纤,已开通电话,61,99
1015-OWJKI,月付套餐,在网,未开通互联网,已开通电话,1,19.05
7511-YMXVQ,月付套餐,已流失,宽带 DSL,未开通电话,9,45.4
2040-XBAVJ,两年合约,在网,光纤,已开通电话,72,114.45
7551-JOHTI,月付套餐,已流失,未开通互联网,已开通电话,1,19.5
8887-IPQNC,月付套餐,在网,宽带 DSL,已开通电话,7,44.25
8646-JCOMS,一年合约,在网,光纤,已开通电话,66,90.55
9804-ICWBG,月付套餐,已流失,光纤,已开通电话,1,69.9
1222-KJNZD,月付套餐,在网,未开通互联网,已开通电话,40,20.4
0106-GHRQR,月付套餐,在网,宽带 DSL,已开通电话,16,71.4
5318-IXUZF,月付套餐,已流失,光纤,已开通电话,2,87.15
3768-VHXQO,两年合约,在网,未开通互联网,已开通电话,67,24.85
8952-WCVCD,一年合约,在网,光纤,已开通电话,41,104.45
2418-TPEUN,两年合约,在网,未开通互联网,已开通电话,56,19.8
3963-RYFNS,两年合约,在网,光纤,已开通电话,72,116.45
3198-VELRD,月付套餐,已流失,光纤,已开通电话,3,84.75
8540-ZQGEA,两年合约,在网,未开通互联网,已开通电话,54,20.05
1320-REHCS,月付套餐,在网,光纤,已开通电话,52,110.75
4137-JOPHL,两年合约,在网,光纤,已开通电话,50,89.7
9436-ZBZCT,月付套餐,已流失,光纤,已开通电话,14,89.95
7801-CEDNV,一年合约,在网,宽带 DSL,已开通电话,27,48.7
2057-BOYKM,两年合约,在网,光纤,已开通电话,72,96.6
3658-QQJYD,一年合约,在网,宽带 DSL,已开通电话,62,74.3
1803-BGNBD,月付套餐,在网,宽带 DSL,已开通电话,12,54.3
0134-XWXCE,一年合约,在网,宽带 DSL,已开通电话,44,74.85
6950-TWMYB,两年合约,在网,光纤,已开通电话,54,79.95
5848-FHRFC,两年合约,在网,未开通互联网,已开通电话,68,20.05
2243-FNMMI,月付套餐,在网,未开通互联网,已开通电话,20,19.4
2511-MORQY,一年合约,在网,宽带 DSL,已开通电话,50,54.9
5356-KZCKT,两年合约,在网,未开通互联网,已开通电话,58,24.45
9470-XCCEM,月付套餐,在网,光纤,已开通电话,35,89.65
6519-CFDBX,月付套餐,在网,宽带 DSL,已开通电话,2,45.4
3902-MIVLE,两年合约,在网,宽带 DSL,已开通电话,63,75.7
0409-WTMPL,一年合约,在网,光纤,已开通电话,58,110.65
8763-KIAFH,一年合约,在网,未开通互联网,已开通电话,27,20.55
3669-WHAFY,两年合约,在网,光纤,已开通电话,71,115.15
3055-VTCGS,一年合约,在网,宽带 DSL,已开通电话,63,58.55
3144-KMTWZ,月付套餐,在网,光纤,已开通电话,71,93.25
7279-BUYWN,月付套餐,已流失,光纤,已开通电话,41,113.2
7156-MHUGY,月付套餐,已流失,光纤,已开通电话,13,90.5
7198-GLXTC,月付套餐,已流失,光纤,已开通电话,2,79
2007-QVGAW,两年合约,在网,未开通互联网,已开通电话,68,19.35
5207-PLSTK,月付套餐,在网,宽带 DSL,已开通电话,1,48.75
2307-FYNNL,两年合约,在网,光纤,已开通电话,65,109.05
5605-XNWEN,两年合约,在网,未开通互联网,已开通电话,72,25
2155-AMQRX,月付套餐,在网,宽带 DSL,已开通电话,28,54.9
6181-AXXYF,两年合约,在网,未开通互联网,已开通电话,72,24.75
5091-HFAZW,月付套餐,在网,光纤,已开通电话,2,91.15
0516-VRYBW,一年合约,已流失,未开通互联网,已开通电话,18,20.15
2519-LBNQL,一年合约,在网,光纤,已开通电话,60,104.35
8623-ULFNQ,月付套餐,在网,宽带 DSL,已开通电话,26,66.05
8380-PEFPE,月付套餐,已流失,光纤,已开通电话,1,71.65
5687-DKDTV,月付套餐,已流失,未开通互联网,已开通电话,4,20.35
1568-LJSZU,两年合约,在网,宽带 DSL,已开通电话,68,92.2
7530-HDYDS,月付套餐,已流失,光纤,已开通电话,38,84.25
7789-HKSBS,一年合约,在网,光纤,已开通电话,42,105.2
7416-CKTEP,两年合约,在网,未开通互联网,已开通电话,57,19.6
2586-CWXVV,月付套餐,在网,宽带 DSL,未开通电话,54,30.4
3096-IZETN,月付套餐,已流失,光纤,已开通电话,12,78.1
2348-KCJLT,一年合约,在网,宽带 DSL,已开通电话,44,61.5
8401-EMUWF,月付套餐,在网,宽带 DSL,已开通电话,42,69.4
4193-IBKSW,两年合约,在网,未开通互联网,已开通电话,72,24.75
5377-NDTOU,两年合约,在网,宽带 DSL,已开通电话,71,91.05
5922-ABDVO,月付套餐,已流失,光纤,已开通电话,19,89.65
2474-LCNUE,月付套餐,在网,宽带 DSL,已开通电话,23,73.65
0839-QNXME,两年合约,在网,未开通互联网,已开通电话,30,19.4
3506-OVLKD,一年合约,在网,未开通互联网,已开通电话,35,26.2
9172-ANCRX,月付套餐,已流失,光纤,已开通电话,10,98.7
6650-VJONK,月付套餐,在网,宽带 DSL,已开通电话,1,43.85
2178-PMGCJ,月付套餐,在网,光纤,已开通电话,22,69.7
7492-TAFJD,两年合约,在网,宽带 DSL,未开通电话,7,38.55
2773-MADBQ,两年合约,在网,宽带 DSL,未开通电话,36,53.1
6016-LVTJQ,月付套餐,在网,未开通互联网,已开通电话,34,20.65
7860-KSUGX,两年合约,在网,宽带 DSL,已开通电话,72,64.45
8966-KZXXA,两年合约,在网,未开通互联网,已开通电话,36,25.1
6910-HADCM,月付套餐,已流失,光纤,已开通电话,1,76.35
4816-LXZYW,月付套餐,已流失,光纤,已开通电话,23,79.15
9606-PBKBQ,月付套餐,已流失,光纤,已开通电话,32,85
5149-QYTTU,一年合约,在网,光纤,已开通电话,71,95.15
2070-XYMFH,月付套餐,在网,光纤,已开通电话,23,79.35
2085-BOJKI,一年合约,在网,光纤,已开通电话,17,96.65
0817-HSUSE,月付套餐,在网,宽带 DSL,已开通电话,1,75.5
5442-PPTJY,两年合约,在网,未开通互联网,已开通电话,12,19.7
1927-QEWMY,两年合约,在网,未开通互联网,已开通电话,72,20.5
1663-MHLHE,月付套餐,在网,未开通互联网,已开通电话,1,19.2
5663-QBGIS,两年合约,在网,光纤,已开通电话,72,98.35
4450-MDZFX,月付套餐,在网,光纤,已开通电话,60,74.35
6701-DHKWQ,两年合约,在网,宽带 DSL,未开通电话,61,51.35
7554-AKDQF,月付套餐,在网,宽带 DSL,已开通电话,6,45.65
3536-IQCTX,月付套餐,已流失,光纤,已开通电话,32,85.3
4911-BANWH,月付套餐,已流失,光纤,已开通电话,31,86.55
8496-EJAUI,月付套餐,已流失,光纤,已开通电话,19,73.85
0794-YVSGE,两年合约,在网,未开通互联网,已开通电话,72,20.3
5423-BHIXO,月付套餐,在网,宽带 DSL,已开通电话,32,54.2
6908-VVYHM,月付套餐,在网,光纤,已开通电话,65,90.65
2959-EEXWB,月付套餐,在网,宽带 DSL,未开通电话,45,50.9
1839-UMACK,一年合约,在网,未开通互联网,已开通电话,42,25.05
3030-YDNRM,月付套餐,在网,光纤,已开通电话,8,74.85
7321-KKSDU,两年合约,在网,未开通互联网,已开通电话,32,20.5
3402-XRIUO,月付套餐,在网,宽带 DSL,已开通电话,22,63.55
3132-TVFDZ,月付套餐,已流失,宽带 DSL,未开通电话,57,44.85
8286-AFUYI,月付套餐,在网,宽带 DSL,已开通电话,1,47.95
8080-DDEMJ,月付套餐,已流失,宽带 DSL,已开通电话,1,45.1
8356-WUAOJ,月付套餐,在网,宽带 DSL,已开通电话,1,45
6365-MTGZX,月付套餐,已流失,光纤,已开通电话,24,96
1349-WXNGG,月付套餐,已流失,未开通互联网,已开通电话,1,20.05
8058-DMYRU,月付套餐,在网,光纤,已开通电话,54,90.05
9350-ZXYJC,两年合约,在网,未开通互联网,已开通电话,4,25.3
6990-YNRIO,两年合约,已流失,光纤,已开通电话,65,108.65
8958-JPTRR,一年合约,在网,未开通互联网,已开通电话,56,24.3
6959-GQEGV,月付套餐,在网,宽带 DSL,已开通电话,45,75.95
3173-WSSUE,两年合约,在网,未开通互联网,已开通电话,71,19.7
1265-HVPZB,一年合约,在网,宽带 DSL,已开通电话,59,66.4
4115-UMJFQ,一年合约,在网,宽带 DSL,未开通电话,69,35.75
7369-TRPFD,一年合约,在网,未开通互联网,已开通电话,19,18.8
1098-KFQEC,两年合约,在网,未开通互联网,已开通电话,55,19.4
7190-XHTWJ,一年合约,在网,未开通互联网,已开通电话,38,19.3
0621-TWIEM,月付套餐,已流失,宽带 DSL,已开通电话,10,45.55
3537-RYBHH,月付套餐,在网,宽带 DSL,已开通电话,47,67.45
2485-ITVKB,月付套餐,已流失,宽带 DSL,未开通电话,2,35.1
3669-OYSJI,月付套餐,已流失,宽带 DSL,已开通电话,1,46.2
1612-EOHDH,月付套餐,已流失,宽带 DSL,已开通电话,1,45.15
6702-OHFWR,月付套餐,已流失,宽带 DSL,未开通电话,1,43.3
5296-BFCYD,两年合约,在网,未开通互联网,已开通电话,46,20.1
4510-PYUSH,月付套餐,已流失,宽带 DSL,已开通电话,38,57.15
9359-JANWS,两年合约,在网,宽带 DSL,已开通电话,65,58.9
7517-SAWMO,月付套餐,已流失,光纤,已开通电话,19,73.2
4143-HHPMK,月付套餐,已流失,光纤,已开通电话,52,85.35
3279-DYZQM,两年合约,在网,未开通互联网,已开通电话,71,19.45
7054-LGEQW,月付套餐,已流失,宽带 DSL,已开通电话,1,45.95
0523-VNGTF,月付套餐,在网,宽带 DSL,未开通电话,52,50.5
9575-IWCAZ,一年合约,在网,未开通互联网,已开通电话,6,25.1
7105-MXJLL,一年合约,在网,宽带 DSL,已开通电话,26,60.7
7064-FRRSW,一年合约,在网,光纤,已开通电话,48,99
7940-UQQUG,一年合约,在网,光纤,已开通电话,64,104.4
0923-PNFUB,月付套餐,已流失,光纤,已开通电话,3,83.75
3961-SXAXY,月付套餐,在网,宽带 DSL,已开通电话,1,44.05
7010-BRBUU,两年合约,在网,未开通互联网,已开通电话,72,24.1
3566-HJGPK,月付套餐,在网,宽带 DSL,已开通电话,1,45.55
3062-ICYZQ,月付套餐,在网,光纤,已开通电话,51,93.8
9938-PRCVK,两年合约,在网,未开通互联网,已开通电话,41,19.7
0973-KYVNF,两年合约,在网,宽带 DSL,已开通电话,72,70.65
5129-HHMZC,两年合约,在网,宽带 DSL,已开通电话,43,86.45
9637-CDTKZ,两年合约,在网,光纤,已开通电话,72,114.1
3946-JEWRQ,一年合约,在网,光纤,已开通电话,47,95.2
7873-CVMAW,两年合约,在网,宽带 DSL,已开通电话,72,88.55
0463-WZZKO,月付套餐,在网,未开通互联网,已开通电话,3,20.75
3494-JCHRQ,月付套餐,已流失,光纤,已开通电话,1,70.05
6474-FVJLC,月付套餐,已流失,光纤,已开通电话,2,86
4524-QCSSM,月付套餐,在网,宽带 DSL,未开通电话,26,44.65
5832-EXGTT,月付套餐,在网,宽带 DSL,已开通电话,29,60.2
8840-DQLGN,月付套餐,已流失,光纤,已开通电话,35,100.5
2039-JONDJ,一年合约,在网,宽带 DSL,已开通电话,27,55.45
7217-JYHOQ,月付套餐,在网,宽带 DSL,已开通电话,24,70.3
6695-FRVEC,两年合约,在网,宽带 DSL,已开通电话,67,60.4
4547-LYTDD,月付套餐,已流失,光纤,已开通电话,16,72.65
9894-QMIMJ,一年合约,在网,宽带 DSL,已开通电话,23,55.8
8069-YQQAJ,月付套餐,在网,宽带 DSL,未开通电话,14,31.1
6770-XUAGN,月付套餐,已流失,未开通互联网,已开通电话,1,21
4193-ORFCL,月付套餐,已流失,宽带 DSL,已开通电话,1,45.1
1636-NTNCO,月付套餐,在网,宽带 DSL,未开通电话,4,50.95
3466-WAESX,月付套餐,在网,宽带 DSL,已开通电话,16,69.1
9281-PKKZE,月付套餐,在网,宽带 DSL,未开通电话,46,43.95
3638-VBZTA,两年合约,在网,宽带 DSL,已开通电话,68,86.5
7459-IMVYU,月付套餐,在网,宽带 DSL,已开通电话,38,69.95
7776-QWNFX,月付套餐,已流失,宽带 DSL,已开通电话,30,50.4
6689-TCZHQ,月付套餐,已流失,光纤,已开通电话,5,78.95
8563-OYMQY,月付套餐,在网,光纤,已开通电话,17,90.95
0754-EEBDC,两年合约,在网,未开通互联网,已开通电话,4,19.9
5777-ZPQNC,一年合约,在网,未开通互联网,已开通电话,12,20.15
1951-IEYXM,两年合约,在网,宽带 DSL,已开通电话,72,90.6
3318-NMQXL,月付套餐,在网,光纤,已开通电话,3,92
3143-ILDAL,月付套餐,已流失,光纤,已开通电话,56,94.45
1022-RKXDR,一年合约,在网,未开通互联网,已开通电话,41,24.85
2361-FJWNO,一年合约,在网,宽带 DSL,未开通电话,40,36
2272-UOINI,月付套餐,在网,宽带 DSL,已开通电话,7,78.5
8232-UTFOZ,两年合约,在网,未开通互联网,已开通电话,69,19.95
3750-YHRYO,一年合约,在网,未开通互联网,已开通电话,7,20.65
6637-KYRCV,月付套餐,在网,宽带 DSL,未开通电话,5,30.5
5668-MEISB,两年合约,在网,光纤,已开通电话,72,106.1
0129-QMPDR,一年合约,在网,未开通互联网,已开通电话,44,20.5
7188-CBBBA,一年合约,在网,光纤,已开通电话,65,95.5
5356-CSVSQ,月付套餐,在网,宽带 DSL,已开通电话,3,64.6
3221-CJMSG,月付套餐,在网,宽带 DSL,已开通电话,24,51.1
4720-VSTSI,月付套餐,已流失,光纤,已开通电话,44,84.8
3219-JQRSL,两年合约,在网,宽带 DSL,已开通电话,72,89.1
2801-NISEI,月付套餐,在网,宽带 DSL,已开通电话,24,54.95
3946-MHCZW,月付套餐,已流失,宽带 DSL,已开通电话,1,50.9
4623-ZKHLY,月付套餐,在网,未开通互联网,已开通电话,22,20.45
6732-VAILE,两年合约,在网,宽带 DSL,已开通电话,70,85.95
8201-AAXCB,月付套餐,在网,宽带 DSL,已开通电话,25,60.35
7696-CFTAT,两年合约,在网,未开通互联网,已开通电话,37,19.8
1845-CSBRZ,月付套餐,在网,光纤,已开通电话,22,85.35
2123-VSCOT,两年合约,在网,宽带 DSL,已开通电话,59,72.1
6651-AZVTJ,月付套餐,已流失,光纤,已开通电话,49,99.8
4566-GOLUK,月付套餐,已流失,光纤,已开通电话,47,107.35
2484-DGXPZ,月付套餐,已流失,未开通互联网,已开通电话,31,19.55
2018-QKYGT,月付套餐,在网,光纤,已开通电话,1,81.05
2792-VPPET,月付套餐,在网,未开通互联网,已开通电话,3,20.5
7409-JURKQ,一年合约,在网,光纤,已开通电话,53,111.8
3247-MHJKM,月付套餐,在网,未开通互联网,已开通电话,1,20.2
1964-SVLEA,一年合约,在网,未开通互联网,已开通电话,20,19.7
4587-NUKOX,月付套餐,已流失,光纤,已开通电话,3,79.1
7297-DVYGA,一年合约,在网,未开通互联网,已开通电话,51,19.85
2239-CGBUZ,一年合约,在网,宽带 DSL,已开通电话,51,60.5
0854-UYHZD,两年合约,在网,未开通互联网,已开通电话,13,19.55
7243-LCGGZ,月付套餐,在网,未开通互联网,已开通电话,1,20.9
8267-KFGYD,月付套餐,在网,未开通互联网,已开通电话,1,21.05
4890-VMUAV,一年合约,在网,宽带 DSL,已开通电话,63,71.5
9261-WDCAF,月付套餐,在网,宽带 DSL,已开通电话,3,54.65
3764-MNMOI,两年合约,在网,未开通互联网,已开通电话,46,19.2
7442-YGZFK,月付套餐,在网,宽带 DSL,已开通电话,1,49.8
0420-BWTPW,月付套餐,已流失,宽带 DSL,未开通电话,8,25.5
8229-BUJHX,两年合约,在网,未开通互联网,已开通电话,71,20.5
7449-HVPIV,月付套餐,在网,光纤,已开通电话,55,90.4
5504-WSIUR,一年合约,在网,光纤,已开通电话,70,90.25
8183-ONMXC,月付套餐,已流失,光纤,已开通电话,2,80.75
8466-PZBLH,两年合约,在网,光纤,已开通电话,67,104.6
9614-RMGHA,月付套餐,已流失,光纤,已开通电话,65,91.85
8735-IJJEG,月付套餐,在网,宽带 DSL,已开通电话,14,50.2
0564-MUUQK,月付套餐,在网,光纤,已开通电话,20,95.5
5054-IEXZT,月付套餐,已流失,光纤,已开通电话,1,75.35
5834-ASPWA,月付套餐,已流失,光纤,已开通电话,1,75.45
0701-RFGFI,月付套餐,在网,光纤,已开通电话,49,95.4
0019-EFAEP,两年合约,在网,光纤,已开通电话,72,101.3
5619-PTMIK,月付套餐,在网,宽带 DSL,已开通电话,46,53.1
3737-XBQDD,月付套餐,在网,光纤,已开通电话,24,84.85
5882-CMAZQ,月付套餐,在网,宽带 DSL,未开通电话,5,34.25
5846-QFDFI,月付套餐,在网,光纤,已开通电话,33,88.6
4445-KWOKW,一年合约,在网,宽带 DSL,已开通电话,42,60.15
3511-APPBJ,一年合约,在网,光纤,已开通电话,23,99.95
7967-HYCDE,月付套餐,在网,光纤,已开通电话,8,70.7
2430-RRYUW,一年合约,在网,宽带 DSL,已开通电话,66,54.8
3948-XHGNA,月付套餐,已流失,宽带 DSL,已开通电话,24,49.55
3723-BFBGR,月付套餐,在网,宽带 DSL,已开通电话,24,54.8
0565-IYCGT,一年合约,已流失,宽带 DSL,已开通电话,69,78.6
5447-WZAFP,一年合约,在网,光纤,已开通电话,53,100.3
5110-CHOPY,两年合约,在网,宽带 DSL,未开通电话,60,53.6
5445-UTODQ,月付套餐,已流失,光纤,已开通电话,7,81.1
4425-OWHWB,一年合约,在网,未开通互联网,已开通电话,20,19.35
7892-QVYKW,月付套餐,在网,光纤,已开通电话,23,85.6
9675-ICXCT,两年合约,在网,宽带 DSL,已开通电话,72,80.8
1024-VRZHF,月付套餐,已流失,光纤,已开通电话,11,74.95
4703-MQYKT,两年合约,在网,未开通互联网,已开通电话,21,19.6
9497-QCMMS,月付套餐,已流失,光纤,已开通电话,1,93.55
5692-ICXLW,月付套餐,在网,光纤,已开通电话,31,90.7
0602-DDUML,两年合约,在网,宽带 DSL,已开通电话,57,69.75
2208-MPXIO,两年合约,在网,未开通互联网,已开通电话,45,20
1960-UYCNN,月付套餐,在网,光纤,已开通电话,10,95.25
0348-SDKOL,月付套餐,已流失,光纤,已开通电话,58,102.1
3190-FZATL,月付套餐,在网,未开通互联网,已开通电话,14,19.95
7336-RLLRH,一年合约,在网,宽带 DSL,已开通电话,27,80.85
4373-MAVJG,月付套餐,已流失,光纤,已开通电话,14,90.9
8901-HJXTF,月付套餐,已流失,宽带 DSL,未开通电话,12,29.2
7710-JSYOA,两年合约,在网,光纤,已开通电话,69,93.3
5419-KLXBN,月付套餐,已流失,光纤,已开通电话,25,89.15
3424-NMNBO,一年合约,已流失,光纤,已开通电话,58,108.85
9885-MFVSU,两年合约,在网,宽带 DSL,未开通电话,35,46.35
4514-GFCFI,月付套餐,已流失,光纤,已开通电话,16,84.75
0607-MVMGC,一年合约,在网,宽带 DSL,已开通电话,45,78.75
3365-SAIGS,月付套餐,在网,光纤,已开通电话,17,83.55
9828-AOQLM,月付套餐,已流失,宽带 DSL,已开通电话,1,45.7
8022-BECSI,一年合约,在网,未开通互联网,已开通电话,22,19.6
8000-REIQB,月付套餐,已流失,光纤,已开通电话,1,69.95
9993-LHIEB,两年合约,在网,宽带 DSL,已开通电话,67,67.85
0266-CLZKZ,两年合约,在网,光纤,已开通电话,67,105.65
7615-ESMYF,月付套餐,已流失,宽带 DSL,未开通电话,2,44.6
3858-VOBET,月付套餐,已流失,光纤,已开通电话,23,74.95
7020-OZKXZ,月付套餐,在网,光纤,已开通电话,9,75.5
3977-QCRSL,月付套餐,在网,未开通互联网,已开通电话,5,20.15
0017-DINOC,两年合约,在网,宽带 DSL,未开通电话,54,45.2
1447-PJGGA,两年合约,已流失,光纤,已开通电话,57,95.25
8565-CLBZW,月付套餐,已流失,光纤,已开通电话,24,89.85
9139-WQQDY,一年合约,已流失,光纤,已开通电话,49,100.45
0224-HJAPT,月付套餐,已流失,宽带 DSL,已开通电话,5,47.15
8086-OVPWV,月付套餐,已流失,光纤,已开通电话,2,80.2
9430-FRQOC,月付套餐,已流失,光纤,已开通电话,4,87.1
7639-OPLNG,两年合约,在网,宽带 DSL,已开通电话,70,79.25
3074-GQWYX,月付套餐,已流失,光纤,已开通电话,5,75.9
1492-QGCLU,月付套餐,在网,宽带 DSL,已开通电话,53,85.7
6845-RGTYS,月付套餐,已流失,光纤,已开通电话,47,98.75
7328-OWMOM,一年合约,在网,未开通互联网,已开通电话,31,20.1
4418-LZMSV,月付套餐,在网,宽带 DSL,已开通电话,13,61.8
5155-AZQPB,月付套餐,在网,宽带 DSL,已开通电话,28,49.9
8861-HGGKB,月付套餐,已流失,光纤,已开通电话,10,86.45
1087-GRUYI,两年合约,在网,未开通互联网,已开通电话,38,20.4
7065-YUNRY,月付套餐,已流失,宽带 DSL,已开通电话,1,45.3
7694-VLBWQ,一年合约,已流失,光纤,已开通电话,67,104.1
2546-KZAAT,一年合约,在网,宽带 DSL,已开通电话,52,75.4
0181-RITDD,两年合约,在网,光纤,已开通电话,62,108.15
5989-PGKJB,月付套餐,在网,光纤,已开通电话,16,86.25
4795-KTRTH,月付套餐,已流失,光纤,已开通电话,5,81
8272-ONJLV,一年合约,在网,光纤,已开通电话,12,95.7
1488-PBLJN,两年合约,在网,光纤,已开通电话,72,116.85
0308-GIQJT,一年合约,在网,光纤,已开通电话,71,105.75
3778-FOAQW,一年合约,在网,未开通互联网,已开通电话,24,20.15
4452-ROHMO,两年合约,在网,未开通互联网,已开通电话,15,19.6
6481-OGDOO,一年合约,已流失,光纤,已开通电话,67,90.6
3090-LETTY,月付套餐,在网,宽带 DSL,已开通电话,2,60.95
5349-AZPEW,月付套餐,在网,宽带 DSL,未开通电话,5,25.05
3753-TSEMP,月付套餐,已流失,光纤,已开通电话,15,88.15
8305-VHZBZ,月付套餐,已流失,未开通互联网,已开通电话,1,20.2
9720-JJJOR,一年合约,在网,宽带 DSL,已开通电话,41,60.3
8100-HZZLJ,月付套餐,在网,宽带 DSL,已开通电话,43,63.95
8775-ERLNB,月付套餐,在网,光纤,已开通电话,1,74.3
8309-IEYJD,月付套餐,在网,光纤,已开通电话,1,70.6
9172-JITSM,月付套餐,已流失,光纤,已开通电话,26,90.8
6298-QDFNH,月付套餐,已流失,光纤,已开通电话,22,79.35
7398-HPYZQ,两年合约,在网,宽带 DSL,已开通电话,71,90.55
3546-GHEAE,两年合约,在网,未开通互联网,已开通电话,7,19.45
7361-YPXFS,月付套餐,在网,宽带 DSL,已开通电话,28,64.45
6557-BZXLQ,月付套餐,在网,光纤,已开通电话,16,69.65
2550-QHZGP,一年合约,在网,未开通互联网,已开通电话,7,19.5
7519-JTWQH,两年合约,在网,光纤,已开通电话,69,110.5
2538-OIMXF,月付套餐,在网,宽带 DSL,未开通电话,1,24.7
8543-MSDMF,月付套餐,在网,宽带 DSL,已开通电话,3,77.4
9961-JBNMK,月付套餐,已流失,光纤,已开通电话,21,96.8
1170-SASML,月付套餐,在网,光纤,已开通电话,69,85.4
4872-JCVCA,两年合约,在网,宽带 DSL,未开通电话,71,47.6
5346-BZCHP,两年合约,在网,未开通互联网,已开通电话,69,19.4
2038-LLMLM,月付套餐,在网,光纤,已开通电话,48,103.85
6173-ITPWD,月付套餐,已流失,光纤,已开通电话,47,83.35
9734-UYXQI,月付套餐,已流失,宽带 DSL,已开通电话,2,49.4
1216-BGTSP,月付套餐,在网,光纤,已开通电话,45,108.45
4138-NAXED,月付套餐,在网,光纤,已开通电话,51,81
2189-UXTKY,月付套餐,已流失,宽带 DSL,已开通电话,22,79.2
0744-BIKKF,两年合约,在网,宽带 DSL,已开通电话,72,86.65
7483-IQWIB,月付套餐,在网,光纤,已开通电话,37,92.95
5248-KWLAR,两年合约,在网,宽带 DSL,已开通电话,71,90.35
4958-GZWIY,月付套餐,已流失,宽带 DSL,已开通电话,7,48.7
7996-MHXLW,两年合约,在网,未开通互联网,已开通电话,66,25.15
7833-PKIHD,一年合约,在网,宽带 DSL,已开通电话,51,76.4
7061-OVMIM,一年合约,在网,未开通互联网,已开通电话,30,19.55
5153-RTHKF,月付套餐,在网,光纤,已开通电话,34,85.35
1852-QSWCD,两年合约,在网,未开通互联网,已开通电话,64,24.8
4832-VRBMR,一年合约,在网,光纤,已开通电话,65,103.15
9079-LWTFD,月付套餐,在网,光纤,已开通电话,47,100.75
6356-ELRKD,月付套餐,已流失,光纤,已开通电话,1,95.6
8624-GIOUT,月付套餐,已流失,宽带 DSL,已开通电话,49,59.75
3392-EHMNK,两年合约,在网,光纤,已开通电话,67,94.1
5986-WWXDV,一年合约,在网,未开通互联网,已开通电话,39,19.35
3061-BCKYI,月付套餐,在网,未开通互联网,已开通电话,14,19.9
6179-GJPSO,月付套餐,已流失,光纤,已开通电话,43,108.15
7901-TBKJX,月付套餐,在网,光纤,已开通电话,56,101.05
7228-PAQPD,一年合约,在网,宽带 DSL,已开通电话,14,59.1
3177-LASXD,月付套餐,已流失,光纤,已开通电话,1,71.35
7746-QYVCO,一年合约,在网,宽带 DSL,已开通电话,16,55.85
5804-HYIEZ,月付套餐,在网,光纤,已开通电话,70,106.05
9919-FZDED,两年合约,在网,宽带 DSL,已开通电话,72,84.1
5934-TSSAU,月付套餐,在网,光纤,已开通电话,23,75.3
3486-KHMLI,月付套餐,在网,未开通互联网,已开通电话,21,24.7
4897-QSUYC,月付套餐,已流失,未开通互联网,已开通电话,1,20.15
1084-UQCHV,月付套餐,已流失,光纤,已开通电话,1,69.75
8290-YWKHZ,月付套餐,已流失,光纤,已开通电话,32,93.2
2955-BJZHG,月付套餐,已流失,光纤,已开通电话,17,80.85
3806-DXQOM,月付套餐,已流失,宽带 DSL,未开通电话,4,33.65
6784-XYJAE,一年合约,在网,宽带 DSL,已开通电话,36,55.8
3933-DQPWX,两年合约,在网,宽带 DSL,未开通电话,50,39.7
6661-EIPZC,月付套餐,在网,宽带 DSL,未开通电话,48,29.5
8957-THMOA,两年合约,在网,未开通互联网,已开通电话,50,20.15
2251-PYLPB,两年合约,在网,宽带 DSL,已开通电话,72,79.55
5555-RNPGT,月付套餐,在网,未开通互联网,已开通电话,10,24.8
1057-FOGLZ,月付套餐,在网,未开通互联网,已开通电话,18,19.65
9300-RENDD,月付套餐,已流失,光纤,已开通电话,1,79.95
0761-AETCS,月付套餐,已流失,未开通互联网,已开通电话,1,19.3
8087-LGYHQ,月付套餐,在网,光纤,已开通电话,9,94.05
4137-BTIKL,月付套餐,在网,光纤,已开通电话,2,90.75
2190-BCXEC,月付套餐,在网,光纤,已开通电话,40,78.85
6227-FBDXH,一年合约,在网,光纤,已开通电话,69,99.5
2153-MREFK,一年合约,已流失,光纤,已开通电话,37,99.2
2911-WDXMV,月付套餐,在网,光纤,已开通电话,18,80.55
7206-PQBBZ,月付套餐,在网,光纤,已开通电话,11,70.2
3106-ULWFW,月付套餐,已流失,光纤,已开通电话,8,85.2
0925-VYDLG,月付套餐,已流失,光纤,已开通电话,3,75.25
4547-FZJWE,一年合约,在网,宽带 DSL,已开通电话,55,59.45
7422-WNBTY,月付套餐,在网,光纤,已开通电话,33,93.35
0842-IWYCP,月付套餐,在网,宽带 DSL,已开通电话,46,44.95
3521-HTQTV,两年合约,在网,未开通互联网,已开通电话,34,26.1
3744-ZBHON,月付套餐,在网,未开通互联网,已开通电话,3,20.2
3373-DIUUN,两年合约,在网,未开通互联网,已开通电话,30,21.25
8383-SGHJU,一年合约,在网,宽带 DSL,已开通电话,33,59.4
7607-QKKTJ,一年合约,在网,光纤,已开通电话,45,95
7707-PYBBH,月付套餐,在网,宽带 DSL,已开通电话,40,61.9
8984-HPEMB,两年合约,在网,光纤,已开通电话,71,118.65
4349-GFQHK,月付套餐,已流失,宽带 DSL,已开通电话,1,54.35
4139-DETXS,两年合约,在网,宽带 DSL,未开通电话,72,64.45
9779-DPNEJ,月付套餐,在网,光纤,已开通电话,22,80.15
9805-FILKB,一年合约,在网,未开通互联网,已开通电话,46,20.2
5793-YOLJN,两年合约,在网,未开通互联网,已开通电话,55,21
0673-IGUQO,月付套餐,在网,未开通互联网,已开通电话,1,20.45
4123-FCVCB,一年合约,在网,宽带 DSL,已开通电话,12,75.85
8819-IMISP,月付套餐,在网,光纤,已开通电话,31,80.45
7802-EFKNY,月付套餐,已流失,宽带 DSL,未开通电话,5,24.95
8311-UEUAB,两年合约,在网,宽带 DSL,已开通电话,67,75.5
5858-EAFCZ,月付套餐,在网,宽带 DSL,已开通电话,1,44.45
8035-BUYVG,一年合约,已流失,宽带 DSL,未开通电话,40,42.35
1163-ONYEY,月付套餐,在网,宽带 DSL,已开通电话,41,74.55
9787-XVQIU,月付套餐,已流失,光纤,已开通电话,1,75.3
8945-MUQUF,一年合约,已流失,光纤,已开通电话,51,94.8
5656-MJEFC,两年合约,在网,宽带 DSL,未开通电话,42,48.15
6082-OQFBA,一年合约,在网,未开通互联网,已开通电话,23,19.65
8051-HJRLT,月付套餐,已流失,光纤,已开通电话,1,70.55
8974-OVACP,月付套餐,在网,未开通互联网,已开通电话,1,20.15
4010-YLMVT,月付套餐,在网,光纤,已开通电话,56,106.6
1379-FRVEB,月付套餐,在网,光纤,已开通电话,15,91
8612-GXIDD,两年合约,在网,未开通互联网,已开通电话,12,25.4
6288-CHQJB,两年合约,在网,宽带 DSL,已开通电话,54,69.95
8160-HOWOX,月付套餐,在网,宽带 DSL,已开通电话,7,66.85
3023-GFLBR,月付套餐,已流失,光纤,已开通电话,33,86.15
6648-INWPS,月付套餐,在网,未开通互联网,已开通电话,16,20.15
4223-BKEOR,一年合约,在网,宽带 DSL,已开通电话,21,64.85
4079-VTGLK,两年合约,在网,宽带 DSL,已开通电话,30,74.85
1763-WQFUK,月付套餐,在网,宽带 DSL,已开通电话,3,50.5
1391-UBDAR,月付套餐,在网,光纤,已开通电话,11,72.9
8894-JVDCV,一年合约,在网,光纤,已开通电话,62,115.05
2023-VQFDL,月付套餐,在网,未开通互联网,已开通电话,18,19
1345-GKDZZ,月付套餐,在网,未开通互联网,已开通电话,6,19.55
2014-MKGMH,一年合约,在网,光纤,已开通电话,46,101.1
5628-FCGYG,月付套餐,在网,光纤,已开通电话,21,84.1
2560-WBWXF,两年合约,在网,未开通互联网,已开通电话,68,24.15
0248-IPDFW,月付套餐,在网,宽带 DSL,已开通电话,1,50.1
7978-DKUQH,月付套餐,在网,光纤,已开通电话,25,74.6
4335-UPJSI,两年合约,在网,未开通互联网,已开通电话,24,19.75
0524-IAVZO,月付套餐,已流失,光纤,已开通电话,30,85
2737-YNGYW,月付套餐,已流失,光纤,已开通电话,2,80.55
1784-EZDKJ,一年合约,在网,光纤,已开通电话,51,106.8
9297-FVVDH,两年合约,在网,宽带 DSL,已开通电话,57,84.5
8007-YYPWD,两年合约,在网,未开通互联网,已开通电话,15,25.05
7101-HRBLJ,两年合约,在网,宽带 DSL,已开通电话,72,83.7
5159-YFPKQ,月付套餐,已流失,光纤,已开通电话,2,75.8
6635-CPNUN,月付套餐,在网,光纤,已开通电话,28,96.6
4021-RQSNY,月付套餐,已流失,光纤,已开通电话,29,98.5
5453-YBTWV,两年合约,在网,光纤,已开通电话,70,101.1
5039-LZRQT,一年合约,在网,未开通互联网,已开通电话,13,20.2
2931-VUVJN,一年合约,在网,光纤,已开通电话,59,94.05
9061-TIHDA,月付套餐,已流失,光纤,已开通电话,13,95.25
8699-ASUFO,月付套餐,已流失,光纤,已开通电话,7,74.4
6418-PIQSP,两年合约,在网,宽带 DSL,已开通电话,62,81
8220-OCUFY,一年合约,在网,宽带 DSL,已开通电话,21,60.25
3995-WFCSM,月付套餐,在网,宽带 DSL,已开通电话,2,60.85
1895-QTKDO,月付套餐,在网,宽带 DSL,已开通电话,1,43.95
2038-OEQZH,月付套餐,在网,光纤,已开通电话,4,86.05
1178-PZGAB,一年合约,在网,未开通互联网,已开通电话,19,20.25
7927-AUXBZ,月付套餐,已流失,光纤,已开通电话,30,85.15
2626-VEEWG,两年合约,在网,未开通互联网,已开通电话,67,19.4
2878-RMWXY,两年合约,在网,光纤,已开通电话,72,102.65
1657-DYMBM,两年合约,在网,未开通互联网,已开通电话,53,19.9
7311-MQJCH,一年合约,在网,未开通互联网,已开通电话,5,19.55
7375-WMVMT,两年合约,在网,光纤,已开通电话,71,95.5
1136-XGEQU,一年合约,在网,宽带 DSL,已开通电话,50,84.15
2530-FMFXO,两年合约,在网,光纤,已开通电话,56,103.2
6844-DZKRF,月付套餐,在网,宽带 DSL,已开通电话,2,50.2
4695-WJZUE,月付套餐,已流失,光纤,已开通电话,2,88.55
7619-ODSGN,月付套餐,已流失,宽带 DSL,已开通电话,24,54.75
5970-GHJAW,两年合约,在网,未开通互联网,已开通电话,46,19.95
8879-XUAHX,两年合约,在网,光纤,已开通电话,71,116.25
3689-MOZGR,月付套餐,在网,宽带 DSL,未开通电话,29,31.2
4195-PNGZS,两年合约,在网,未开通互联网,已开通电话,69,24.45
5003-XZWWO,两年合约,在网,宽带 DSL,已开通电话,71,84.2
3988-RQIXO,月付套餐,已流失,光纤,已开通电话,1,91.3
7622-FWGEW,两年合约,在网,宽带 DSL,已开通电话,56,85.65
6922-NCEDI,一年合约,在网,未开通互联网,已开通电话,56,21.2
2514-GINMM,月付套餐,已流失,光纤,已开通电话,1,79.5
9891-NQDBD,一年合约,在网,未开通互联网,已开通电话,28,25.55
6131-IUNXN,月付套餐,在网,未开通互联网,已开通电话,19,20.2
8548-AWOFC,月付套餐,在网,宽带 DSL,已开通电话,66,63.85
9798-DRYDS,一年合约,在网,宽带 DSL,已开通电话,17,61.95
8532-UEFWH,两年合约,在网,未开通互联网,已开通电话,52,25.75
6296-DDOOR,一年合约,在网,宽带 DSL,已开通电话,19,58.2
7951-VRDVK,一年合约,在网,宽带 DSL,已开通电话,36,85.85
5931-FLJJF,月付套餐,已流失,光纤,已开通电话,7,70.1
4815-YOSUK,一年合约,在网,光纤,已开通电话,72,104.9
2659-VXMWZ,一年合约,已流失,光纤,已开通电话,67,111.3
0380-NEAVX,一年合约,在网,光纤,已开通电话,34,99.85
3207-OYBWH,月付套餐,已流失,光纤,已开通电话,57,95.25
4285-GYRQC,月付套餐,已流失,光纤,已开通电话,7,86.25
7216-EWTRS,月付套餐,已流失,光纤,已开通电话,1,100.8
4365-MSDYN,月付套餐,在网,未开通互联网,已开通电话,8,19.55
7036-TYDEC,两年合约,在网,光纤,已开通电话,69,104
5802-ADBRC,一年合约,在网,光纤,已开通电话,50,104.4
8076-FEZKJ,一年合约,在网,未开通互联网,已开通电话,10,19.5
5197-YPYBZ,两年合约,在网,未开通互联网,已开通电话,12,25.25
8337-MSSXB,月付套餐,已流失,光纤,已开通电话,14,86.3
4312-GVYNH,两年合约,在网,宽带 DSL,未开通电话,70,49.85
8495-LJDFO,月付套餐,在网,光纤,已开通电话,64,108.95
0839-JTCUD,两年合约,在网,宽带 DSL,已开通电话,66,89.9
5494-WOZRZ,两年合约,在网,宽带 DSL,已开通电话,71,82
1302-UHBDD,月付套餐,在网,光纤,已开通电话,20,89.95
2234-EOFPT,两年合约,在网,宽带 DSL,已开通电话,72,79.35
8619-IJNDK,两年合约,在网,宽带 DSL,已开通电话,71,64.05
8378-LKJAF,月付套餐,在网,光纤,已开通电话,38,101.15
8182-BJDSI,月付套餐,已流失,光纤,已开通电话,28,89.95
2528-HFYZX,月付套餐,已流失,光纤,已开通电话,17,76.45
1153-GNOLC,一年合约,在网,宽带 DSL,未开通电话,33,39.1
3298-QEICA,两年合约,在网,宽带 DSL,未开通电话,23,34.6
0788-DXBFY,一年合约,在网,未开通互联网,已开通电话,58,19.55
3597-YASZG,两年合约,在网,光纤,已开通电话,70,104.45
3496-LFSZU,月付套餐,在网,光纤,已开通电话,4,70.5
5242-UOWHD,两年合约,在网,未开通互联网,已开通电话,45,20.35
2482-CZGBB,月付套餐,已流失,光纤,已开通电话,10,70
6479-SZPLM,两年合约,在网,未开通互联网,已开通电话,36,19.45
8097-VBQTZ,月付套餐,在网,宽带 DSL,已开通电话,54,69.9
4500-HKANN,两年合约,在网,宽带 DSL,已开通电话,23,59.7
9917-KWRBE,一年合约,在网,宽带 DSL,已开通电话,41,78.35
3420-ZDBMA,月付套餐,在网,光纤,已开通电话,5,71.45
2212-LYASK,一年合约,在网,宽带 DSL,未开通电话,27,45.85
1393-IMKZG,月付套餐,在网,光纤,已开通电话,1,95.85
8069-RHUXK,两年合约,在网,宽带 DSL,未开通电话,67,35.7
3398-GCPMU,两年合约,在网,宽带 DSL,已开通电话,72,89.55
2908-WGAXL,两年合约,在网,未开通互联网,已开通电话,56,24.95
3378-AJRAO,一年合约,在网,未开通互联网,已开通电话,44,24.85
1013-QCWAM,月付套餐,在网,光纤,已开通电话,66,100.8
0866-QLSIR,一年合约,已流失,宽带 DSL,已开通电话,34,64.4
6050-FFXES,两年合约,在网,光纤,已开通电话,69,105.35
7181-BQYBV,月付套餐,已流失,光纤,已开通电话,1,102.45
0362-RAOQO,两年合约,在网,未开通互联网,已开通电话,40,19.65
9554-DFKIC,月付套餐,在网,宽带 DSL,已开通电话,30,54.45
5527-ACHSO,月付套餐,在网,宽带 DSL,已开通电话,11,70.5
0829-DDVLK,一年合约,在网,未开通互联网,已开通电话,15,20.1
1399-UBQIU,月付套餐,在网,宽带 DSL,已开通电话,11,69.35
1813-JLKWR,一年合约,在网,未开通互联网,已开通电话,64,19.8
0336-PIKEI,两年合约,在网,宽带 DSL,已开通电话,72,74.4
7322-OCWHC,两年合约,在网,光纤,已开通电话,72,93.05
9537-VHDTA,月付套餐,在网,宽带 DSL,已开通电话,1,51.2
4957-TIALW,一年合约,在网,宽带 DSL,已开通电话,15,65.6
2054-PJOCK,一年合约,在网,宽带 DSL,已开通电话,60,80.55
9150-HEPMB,一年合约,在网,宽带 DSL,已开通电话,56,52.7
9030-QGZNL,两年合约,在网,未开通互联网,已开通电话,8,20.85
6204-IEUXJ,月付套餐,已流失,光纤,已开通电话,3,80.1
3126-WQMGH,月付套餐,在网,宽带 DSL,已开通电话,49,52.15
4529-CKBCL,月付套餐,已流失,光纤,已开通电话,2,80.2
2506-CLAKW,月付套餐,已流失,光纤,已开通电话,6,98.15
7176-WRTNX,两年合约,在网,光纤,已开通电话,70,114.95
1583-IHQZE,月付套餐,已流失,光纤,已开通电话,12,112.95
5732-IKGQH,一年合约,在网,光纤,已开通电话,52,104.45
9239-GZHZE,两年合约,在网,光纤,已开通电话,72,113.65
7205-BAIAD,两年合约,在网,未开通互联网,已开通电话,40,20.6
0151-ONTOV,月付套餐,已流失,光纤,已开通电话,1,70.9
4140-MUHUG,月付套餐,已流失,光纤,已开通电话,3,86.85
0093-EXYQL,月付套餐,在网,光纤,已开通电话,40,91.55
8064-RAVOH,月付套餐,在网,宽带 DSL,已开通电话,1,49.85
0219-QAERP,一年合约,在网,未开通互联网,已开通电话,30,19.8
0320-JDNQG,月付套餐,已流失,光纤,已开通电话,23,99.85
7180-PISOG,月付套餐,已流失,光纤,已开通电话,1,74.5
9168-INPSZ,月付套餐,在网,光纤,已开通电话,44,104.15
3571-RFHAR,月付套餐,已流失,光纤,已开通电话,65,109.15
0015-UOCOJ,月付套餐,在网,宽带 DSL,已开通电话,7,48.2
5334-AFQJB,两年合约,在网,未开通互联网,已开通电话,72,25.1
2754-SDJRD,月付套餐,在网,光纤,已开通电话,8,100.15
9578-VRMNM,月付套餐,已流失,宽带 DSL,已开通电话,16,65.2
1587-FKLZB,月付套餐,已流失,光纤,已开通电话,66,99.5
6140-QNRQQ,月付套餐,已流失,光纤,已开通电话,1,71.55
8963-JLGJT,月付套餐,在网,宽带 DSL,已开通电话,3,55.9
4307-KTUMW,月付套餐,已流失,光纤,已开通电话,53,93.9
1465-LNTLJ,月付套餐,在网,宽带 DSL,已开通电话,8,64.4
5440-FLBQG,两年合约,已流失,光纤,已开通电话,69,108.4
2135-DQWAQ,月付套餐,在网,光纤,已开通电话,5,85.3
4056-QHXHZ,两年合约,在网,光纤,已开通电话,72,107.45
7470-MCQTK,月付套餐,已流失,宽带 DSL,未开通电话,13,48.75
7488-MXJIV,月付套餐,已流失,光纤,已开通电话,4,85.65
7401-JIXNM,两年合约,在网,宽带 DSL,已开通电话,54,91.3
9339-FIIJL,两年合约,在网,宽带 DSL,已开通电话,72,85.95
2027-FECZV,月付套餐,已流失,光纤,已开通电话,12,106.7
2672-DZUOY,月付套餐,已流失,宽带 DSL,未开通电话,1,25.15
4706-DGAHW,月付套餐,在网,宽带 DSL,已开通电话,1,45.2
3870-MQAMG,一年合约,已流失,光纤,已开通电话,54,110.35
6670-MFRPK,两年合约,在网,光纤,已开通电话,69,79.2
6177-PEVRA,两年合约,在网,宽带 DSL,已开通电话,48,55.5
4800-CZMPC,一年合约,已流失,光纤,已开通电话,48,103.25
4813-HQMGZ,月付套餐,在网,光纤,已开通电话,8,90.25
7579-KKLOE,两年合约,在网,宽带 DSL,已开通电话,71,91.25
7377-DMMRI,月付套餐,已流失,宽带 DSL,已开通电话,2,47.8
8402-EIVQS,一年合约,在网,光纤,已开通电话,67,100.9
4947-DSMXK,月付套餐,在网,光纤,已开通电话,34,97.7
7245-NIIWQ,月付套餐,在网,光纤,已开通电话,3,69.85
0002-ORFBO,一年合约,在网,宽带 DSL,已开通电话,9,65.6
3324-OIRTO,一年合约,在网,光纤,已开通电话,71,104.65
5414-OFQCB,两年合约,在网,光纤,已开通电话,57,90.45
4967-WPNCF,两年合约,在网,宽带 DSL,未开通电话,72,63.7
8552-OBVRU,月付套餐,在网,光纤,已开通电话,48,104.5
8499-BRXTD,一年合约,在网,未开通互联网,已开通电话,18,20.1
9154-QDGTH,一年合约,在网,光纤,已开通电话,43,104.3
8197-BFWVU,两年合约,在网,宽带 DSL,已开通电话,72,93.25
2577-GVSIL,一年合约,在网,宽带 DSL,已开通电话,35,73.45
9367-OIUXP,月付套餐,在网,未开通互联网,已开通电话,4,20.7
6770-UAYGJ,两年合约,在网,未开通互联网,已开通电话,49,25.25
6463-HHXJR,两年合约,在网,光纤,已开通电话,71,100.5
7928-VJYAB,月付套餐,在网,光纤,已开通电话,11,90.6
1187-WILMM,两年合约,在网,宽带 DSL,已开通电话,63,89.4
9776-OJUZI,月付套餐,在网,光纤,已开通电话,65,95.45
1306-RPWXZ,两年合约,在网,未开通互联网,已开通电话,49,20.45
8949-JTMAY,月付套餐,已流失,光纤,已开通电话,29,98.6
2774-LVQUS,月付套餐,已流失,光纤,已开通电话,15,83.05
3097-PYWXL,月付套餐,在网,未开通互联网,已开通电话,4,19.95
2266-SJNAT,一年合约,在网,光纤,已开通电话,72,109.15
0869-PAPRP,月付套餐,在网,光纤,已开通电话,26,85.7
4238-JSSWH,月付套餐,在网,光纤,已开通电话,35,102.05
2972-YDYUW,一年合约,在网,光纤,已开通电话,57,94.7
1104-FEJAM,月付套餐,在网,宽带 DSL,已开通电话,28,64.4
2809-ILCYT,一年合约,在网,未开通互联网,已开通电话,25,26.8
5499-ECUTN,一年合约,在网,宽带 DSL,已开通电话,47,66.05
4981-FLTMF,月付套餐,在网,宽带 DSL,已开通电话,57,65.2
9121-PHQSR,月付套餐,在网,光纤,已开通电话,16,85.05
3113-IWHLC,月付套餐,在网,宽带 DSL,已开通电话,5,55.8
3211-ILJTT,月付套餐,已流失,光纤,已开通电话,17,70.4
4612-THJBS,一年合约,已流失,光纤,已开通电话,56,104.75
4277-BWBML,两年合约,在网,未开通互联网,已开通电话,72,19.95
4094-NSEDU,月付套餐,已流失,光纤,已开通电话,21,94.25
0234-TEVTT,一年合约,在网,宽带 DSL,未开通电话,48,45
4304-TSPVK,两年合约,在网,光纤,已开通电话,68,114.9
1552-AAGRX,月付套餐,在网,光纤,已开通电话,30,106.4
2637-FKFSY,月付套餐,在网,宽带 DSL,已开通电话,3,46.1
9796-MVYXX,两年合约,在网,宽带 DSL,未开通电话,14,39.7
7874-ECPQJ,月付套餐,在网,未开通互联网,已开通电话,4,20.05
0020-INWCK,两年合约,在网,光纤,已开通电话,71,95.75
7089-RKVSZ,一年合约,在网,未开通互联网,已开通电话,8,24.4
2683-JXWQQ,月付套餐,在网,宽带 DSL,未开通电话,61,33.6
9548-ZMVTX,两年合约,在网,光纤,已开通电话,72,90.45
8739-XNIKG,月付套餐,在网,光纤,已开通电话,5,84
9755-JHNMN,两年合约,在网,宽带 DSL,已开通电话,49,67.4
3981-QSVQI,月付套餐,在网,未开通互联网,已开通电话,8,19.7
2789-HQBOU,月付套餐,在网,光纤,已开通电话,3,80.35
9424-CMPOG,两年合约,在网,未开通互联网,已开通电话,9,19.6
5067-WJEUN,两年合约,在网,宽带 DSL,已开通电话,67,54.2
3450-WXOAT,月付套餐,在网,宽带 DSL,已开通电话,46,45.2
9251-WNSOD,一年合约,在网,宽带 DSL,已开通电话,67,75.1
6974-DAFLI,一年合约,在网,未开通互联网,已开通电话,55,19.7
2616-UUTFK,月付套餐,在网,宽带 DSL,已开通电话,33,72.75
7064-JHXCE,两年合约,在网,未开通互联网,已开通电话,62,20.05
5103-MHMHY,月付套餐,已流失,宽带 DSL,已开通电话,1,45.95
7989-AWGEH,月付套餐,在网,宽带 DSL,未开通电话,49,39.2
4373-VVHQL,月付套餐,在网,宽带 DSL,已开通电话,1,44.75
4559-UWIHT,月付套餐,在网,光纤,已开通电话,14,82.65
7268-IGMFD,月付套餐,在网,光纤,已开通电话,18,93.9
1846-XWOQN,月付套餐,已流失,光纤,已开通电话,1,70.15
0235-KGSLC,月付套餐,已流失,光纤,已开通电话,1,85.55
6650-BWFRT,两年合约,在网,光纤,已开通电话,72,117.15
9570-KYEUA,两年合约,在网,光纤,已开通电话,64,99.25
6993-YGFJV,两年合约,在网,光纤,已开通电话,69,112.55
2712-SYWAY,月付套餐,在网,未开通互联网,已开通电话,1,25.7
0730-BGQGF,两年合约,在网,宽带 DSL,已开通电话,71,90.3
5498-IBWPI,一年合约,在网,宽带 DSL,已开通电话,66,49.4
9101-NTIXF,月付套餐,在网,未开通互联网,已开通电话,2,19.4
0013-SMEOE,两年合约,在网,光纤,已开通电话,71,109.7
9314-QDMDW,一年合约,在网,宽带 DSL,已开通电话,11,61.25
9308-ANMVE,月付套餐,在网,宽带 DSL,已开通电话,47,55.3
2884-GBPFB,月付套餐,已流失,光纤,已开通电话,35,70.3
3757-NJYBX,月付套餐,已流失,光纤,已开通电话,32,106.35
3413-DHLPB,月付套餐,在网,光纤,已开通电话,60,103.75
7649-PHJVR,一年合约,在网,未开通互联网,已开通电话,11,19.5
6114-TCFID,一年合约,在网,宽带 DSL,未开通电话,29,39.5
3787-TRIAL,月付套餐,在网,宽带 DSL,未开通电话,21,26.05
2573-GYRUU,月付套餐,在网,光纤,已开通电话,48,91.05
5156-UMKOW,月付套餐,在网,宽带 DSL,未开通电话,3,29.65
1247-QBVSH,月付套餐,在网,宽带 DSL,已开通电话,43,50.2
6734-GMPVK,月付套餐,在网,光纤,已开通电话,5,105.3
9822-OAOVB,月付套餐,在网,宽带 DSL,已开通电话,1,55.45
6161-ERDGD,一年合约,在网,宽带 DSL,已开通电话,71,85.45
1226-JZNKR,一年合约,在网,未开通互联网,已开通电话,8,19.8
7318-EIVKO,月付套餐,在网,宽带 DSL,已开通电话,8,59.25
3771-PZOBW,月付套餐,在网,光纤,已开通电话,20,90.7
5136-KCKGI,一年合约,已流失,光纤,已开通电话,33,103.7
8231-BSWXX,一年合约,在网,光纤,已开通电话,71,79.05
6486-LHTMA,一年合约,在网,光纤,已开通电话,31,90.7
4083-BFNYK,一年合约,在网,光纤,已开通电话,38,95
3722-WPXTK,月付套餐,已流失,光纤,已开通电话,1,88.35
7389-KBFIT,月付套餐,在网,宽带 DSL,未开通电话,2,30.25
7176-WIONM,月付套餐,在网,宽带 DSL,未开通电话,12,49.85
5141-ZUVBH,月付套餐,在网,光纤,已开通电话,9,93
1089-HDMKP,月付套餐,在网,宽带 DSL,已开通电话,11,54.55
7623-HKYRK,月付套餐,在网,未开通互联网,已开通电话,6,19.7
0310-SUCIN,一年合约,在网,宽带 DSL,已开通电话,71,84.8
5197-PYEPU,一年合约,在网,光纤,已开通电话,42,94.45
2929-ERCFZ,月付套餐,已流失,光纤,已开通电话,8,94.2
7548-SEPYI,月付套餐,已流失,光纤,已开通电话,5,96.25
8835-VSDSE,月付套餐,已流失,光纤,已开通电话,2,70.7
6619-RPLQZ,两年合约,在网,未开通互联网,已开通电话,45,20.85
3275-RHRNE,一年合约,在网,宽带 DSL,未开通电话,28,60
3503-TYDAY,月付套餐,在网,光纤,已开通电话,43,80.45
6901-GOGZG,两年合约,在网,宽带 DSL,已开通电话,60,84.95
1623-NLDOT,一年合约,已流失,宽带 DSL,未开通电话,42,33.55
7021-XSNYE,两年合约,在网,宽带 DSL,未开通电话,7,49.65
9621-OUPYD,一年合约,在网,未开通互联网,已开通电话,25,20.2
9898-KZQDZ,月付套餐,已流失,光纤,已开通电话,40,94.55
8982-NHAVY,一年合约,在网,光纤,已开通电话,27,100.5
4307-KWMXE,月付套餐,在网,宽带 DSL,未开通电话,10,35.75
0141-YEAYS,月付套餐,在网,光纤,已开通电话,27,86.45
2450-ZKEED,一年合约,在网,宽带 DSL,已开通电话,11,53.8
3694-DELSO,月付套餐,在网,宽带 DSL,未开通电话,4,38.55
3893-JRNFS,月付套餐,在网,宽带 DSL,未开通电话,68,39.9
9603-OAIHC,月付套餐,在网,光纤,已开通电话,1,70.05
1133-KXCGE,一年合约,在网,未开通互联网,已开通电话,18,20.1
5236-PERKL,两年合约,已流失,光纤,已开通电话,57,112.95
0142-GVYSN,月付套餐,在网,未开通互联网,已开通电话,26,20.3
1049-FYSYG,月付套餐,在网,宽带 DSL,未开通电话,17,35.65
7854-FOKSF,月付套餐,已流失,宽带 DSL,未开通电话,1,35.9
2519-FAKOD,月付套餐,已流失,光纤,已开通电话,38,99.25
8406-LNMHF,一年合约,在网,光纤,已开通电话,59,82.95
1821-BUCWY,两年合约,在网,宽带 DSL,已开通电话,30,55.65
8263-JQAIK,月付套餐,已流失,宽带 DSL,未开通电话,2,24.45
0023-UYUPN,一年合约,在网,未开通互联网,已开通电话,50,25.2
8314-DPQHL,一年合约,在网,宽带 DSL,未开通电话,9,50.8
1465-WCZVT,月付套餐,在网,未开通互联网,已开通电话,3,19.65
9481-SFCQY,月付套餐,在网,宽带 DSL,已开通电话,14,59.8
6360-SVNWV,月付套餐,在网,光纤,已开通电话,31,73.55
0567-GGCAC,月付套餐,在网,宽带 DSL,已开通电话,7,61.4
7089-IVVAZ,月付套餐,已流失,光纤,已开通电话,8,103.35
8884-MRNSU,一年合约,在网,未开通互联网,已开通电话,17,19.9
2171-UDMFD,月付套餐,在网,未开通互联网,已开通电话,32,19.45
9050-IKDZA,月付套餐,在网,光纤,已开通电话,2,81.5
2205-YMZZJ,月付套餐,已流失,光纤,已开通电话,7,84.8
9802-CAQUT,两年合约,在网,光纤,已开通电话,72,109.55
1254-IZEYF,月付套餐,已流失,光纤,已开通电话,31,99.95
0187-WZNAB,月付套餐,在网,光纤,已开通电话,27,74.4
9492-TOKRI,月付套餐,已流失,光纤,已开通电话,18,90
1475-VWVDO,月付套餐,在网,光纤,已开通电话,7,74.9
9221-OTIVJ,月付套餐,已流失,光纤,已开通电话,14,104.85
1357-MVDOZ,月付套餐,在网,宽带 DSL,已开通电话,11,59.65
7602-MVRMB,两年合约,在网,光纤,已开通电话,72,110.45
3325-FUYCG,一年合约,已流失,光纤,已开通电话,28,106.1
5908-QMGOE,月付套餐,已流失,光纤,已开通电话,15,74.2
1197-BVMVG,月付套餐,在网,光纤,已开通电话,4,74.45
5406-KGRMX,两年合约,在网,未开通互联网,已开通电话,71,24.55
8481-YYXWG,月付套餐,已流失,光纤,已开通电话,5,89.35
5968-HYJRZ,两年合约,在网,未开通互联网,已开通电话,47,24.55
5198-EFNBM,一年合约,在网,光纤,已开通电话,57,90.65
7516-GMHUV,两年合约,在网,光纤,已开通电话,50,105.05
7140-ADSMJ,月付套餐,在网,未开通互联网,已开通电话,8,20.45
2230-XTUWL,两年合约,在网,未开通互联网,已开通电话,48,19.55
7706-YLMQA,一年合约,在网,未开通互联网,已开通电话,70,19.7
2585-KTFRE,月付套餐,在网,宽带 DSL,已开通电话,1,70.45
7994-UYIVZ,月付套餐,在网,光纤,已开通电话,8,85.65
2609-IAICY,月付套餐,已流失,光纤,已开通电话,1,77.15
1740-CSDJP,月付套餐,已流失,宽带 DSL,未开通电话,1,35.25
7717-BICXI,两年合约,在网,未开通互联网,已开通电话,60,20.55
6559-RAKOZ,一年合约,在网,光纤,已开通电话,49,97.95
2636-OHFMN,月付套餐,已流失,宽带 DSL,未开通电话,4,48.55
4716-MRVEN,一年合约,在网,未开通互联网,已开通电话,29,20
2143-LJULT,两年合约,在网,未开通互联网,已开通电话,67,25.25
1323-OOEPC,月付套餐,已流失,光纤,已开通电话,53,98.4
3200-MNQTF,两年合约,在网,宽带 DSL,已开通电话,67,70.9
6164-HXUGH,月付套餐,在网,未开通互联网,已开通电话,6,19.85
5630-IXDXV,月付套餐,在网,光纤,已开通电话,47,106.35
0320-DWVTU,两年合约,在网,光纤,已开通电话,53,99.5
9135-MGVPY,两年合约,在网,宽带 DSL,已开通电话,69,84.7
1212-GLHMD,月付套餐,在网,光纤,已开通电话,3,86.05
7878-JGDKK,月付套餐,在网,宽带 DSL,已开通电话,4,44.55
1088-AUUZZ,两年合约,在网,宽带 DSL,已开通电话,56,75.85
0397-GZBBC,月付套餐,已流失,光纤,已开通电话,59,93.85
6614-YWYSC,两年合约,在网,未开通互联网,已开通电话,61,25
9588-OZDMQ,月付套餐,在网,宽带 DSL,已开通电话,2,45
7641-EUYET,月付套餐,已流失,光纤,已开通电话,46,100.7
6476-EPYZR,月付套餐,在网,未开通互联网,已开通电话,12,20.5
9921-ZVRHG,月付套餐,已流失,光纤,已开通电话,14,80.45
1174-FGIFN,一年合约,在网,光纤,已开通电话,28,90.45
6620-HVDUJ,月付套餐,在网,宽带 DSL,已开通电话,24,60.45
4701-MLJPN,月付套餐,已流失,宽带 DSL,已开通电话,31,55.25
1032-MAELW,一年合约,在网,宽带 DSL,已开通电话,68,78.45
7641-TQFHN,两年合约,在网,光纤,已开通电话,39,100.55
1552-TKMXS,月付套餐,在网,未开通互联网,已开通电话,42,20.35
9206-GVPEQ,月付套餐,已流失,宽带 DSL,未开通电话,13,54.45
8622-ZLFKO,月付套餐,在网,光纤,已开通电话,6,90.75
1596-BBVTG,月付套餐,已流失,光纤,已开通电话,35,75.35
6188-UXBBR,一年合约,在网,未开通互联网,已开通电话,38,20.25
2333-KWEWW,两年合约,在网,未开通互联网,已开通电话,18,20.05
5702-SKUOB,月付套餐,在网,未开通互联网,已开通电话,4,19.6
1134-YWTYF,月付套餐,在网,宽带 DSL,已开通电话,27,53.8
6061-GWWAV,一年合约,在网,宽带 DSL,已开通电话,41,70.2
0679-TDGAK,一年合约,在网,宽带 DSL,已开通电话,50,75.5
6585-WCEWR,两年合约,在网,未开通互联网,已开通电话,72,20.35
9067-YGSCA,一年合约,在网,未开通互联网,已开通电话,70,26.05
9067-SQTNS,一年合约,在网,未开通互联网,已开通电话,44,20.6
8433-WXGNA,月付套餐,已流失,光纤,已开通电话,2,75.7
1776-SPBWV,一年合约,在网,未开通互联网,已开通电话,34,20.1
8735-SDUFN,两年合约,在网,未开通互联网,已开通电话,72,24.3
9668-PUGNU,两年合约,在网,未开通互联网,已开通电话,71,24.5
9405-GPBBG,两年合约,在网,光纤,已开通电话,64,110.5
1926-QUZNN,两年合约,在网,未开通互联网,已开通电话,72,25.25
3707-GNWHM,月付套餐,已流失,光纤,已开通电话,1,74.25
7016-NVRIC,一年合约,在网,光纤,已开通电话,29,90.1
5829-NVSQN,一年合约,在网,宽带 DSL,已开通电话,23,68.75
9565-AXSMR,两年合约,在网,未开通互联网,已开通电话,52,19.2
8922-LIEGH,月付套餐,已流失,光纤,已开通电话,25,89.7
8869-LIHMK,两年合约,在网,光纤,已开通电话,64,115.1
8245-UMPYT,月付套餐,已流失,光纤,已开通电话,16,96.4
5186-SAMNZ,月付套餐,已流失,光纤,已开通电话,1,69.5
0447-RXSGD,月付套餐,在网,光纤,已开通电话,24,99.65
4927-WWOOZ,月付套餐,在网,光纤,已开通电话,2,91.45
5788-YPOEG,两年合约,在网,宽带 DSL,已开通电话,34,84.75
5373-SFODM,月付套餐,已流失,光纤,已开通电话,36,85.25
0661-KBKPA,一年合约,在网,宽带 DSL,已开通电话,53,78.75
9081-WWXKP,两年合约,在网,未开通互联网,已开通电话,47,20.25
0784-ZQJZX,两年合约,在网,未开通互联网,已开通电话,72,19.9
3133-PZNSR,两年合约,在网,光纤,已开通电话,72,97.75
5766-ZJYBB,月付套餐,已流失,未开通互联网,已开通电话,1,19.4
8931-GJJIQ,月付套餐,已流失,光纤,已开通电话,9,83.3
4277-PVRAN,月付套餐,已流失,光纤,已开通电话,8,80.1
0022-TCJCI,一年合约,已流失,宽带 DSL,已开通电话,45,62.7
0722-SVSFK,月付套餐,在网,光纤,已开通电话,7,100.4
3612-YVGSJ,两年合约,在网,未开通互联网,已开通电话,71,24.45
9825-YCXWZ,一年合约,在网,光纤,已开通电话,41,101.1
5397-NSKQG,两年合约,在网,宽带 DSL,未开通电话,67,50.9
8565-HBFNN,一年合约,在网,光纤,已开通电话,69,107.2
2000-DHJUY,两年合约,在网,宽带 DSL,已开通电话,70,92.2
0203-HHYIJ,一年合约,已流失,未开通互联网,已开通电话,25,25.3
8670-ERCJH,两年合约,在网,光纤,已开通电话,72,113.4
7758-UJWYS,两年合约,在网,宽带 DSL,未开通电话,34,40.55
2050-ONYDQ,两年合约,在网,未开通互联网,已开通电话,65,26
7055-JCGNI,两年合约,在网,光纤,已开通电话,70,111.95
0739-UUAJR,两年合约,在网,宽带 DSL,未开通电话,72,53.8
4826-DXMUP,一年合约,在网,宽带 DSL,已开通电话,35,72.1
0952-KMEEH,月付套餐,已流失,光纤,已开通电话,13,98.15
7285-KLOTR,一年合约,在网,宽带 DSL,已开通电话,12,78.85
0654-PQKDW,一年合约,在网,宽带 DSL,已开通电话,62,70.75
7175-NTIXE,月付套餐,在网,宽带 DSL,已开通电话,25,76.15
7963-SHNDT,两年合约,在网,宽带 DSL,未开通电话,52,39.1
9796-BPKIW,月付套餐,在网,光纤,已开通电话,8,69.95
0188-GWFLE,月付套餐,在网,未开通互联网,已开通电话,2,20.05
8129-GMVGI,两年合约,在网,未开通互联网,已开通电话,56,20.05
2882-DDZPG,月付套餐,在网,未开通互联网,已开通电话,12,19.45
3547-LQRIK,一年合约,在网,未开通互联网,已开通电话,47,26.9
9137-NOQKA,月付套餐,在网,未开通互联网,已开通电话,2,19.2
5843-TTHGI,月付套餐,在网,宽带 DSL,已开通电话,18,50
1849-RJYIG,月付套餐,在网,宽带 DSL,已开通电话,8,60
8868-GAGIO,月付套餐,在网,光纤,已开通电话,45,84.55
4061-UKJWL,月付套餐,在网,宽带 DSL,已开通电话,3,45.45
5380-XPJNZ,一年合约,在网,未开通互联网,已开通电话,38,20.05
8263-QMNTJ,两年合约,在网,光纤,已开通电话,72,115.55
8178-EYZUO,月付套餐,已流失,光纤,已开通电话,46,93.7
3230-JCNZS,两年合约,在网,光纤,已开通电话,71,99
0277-ORXQS,两年合约,在网,宽带 DSL,未开通电话,66,50.55
5130-IEKQT,月付套餐,已流失,光纤,已开通电话,25,105.95
3230-WYKIR,一年合约,已流失,宽带 DSL,已开通电话,18,82
7996-BPXHY,两年合约,在网,未开通互联网,已开通电话,13,25
3227-WLKLI,两年合约,在网,宽带 DSL,已开通电话,65,91.55
0407-BDJKB,月付套餐,已流失,光纤,已开通电话,60,95.75
2266-FUBDZ,两年合约,在网,未开通互联网,已开通电话,15,19.35
8237-ULIXL,两年合约,在网,未开通互联网,已开通电话,72,24.85
9600-UDOPK,月付套餐,已流失,光纤,已开通电话,30,94.05
8216-AZUUZ,两年合约,在网,光纤,已开通电话,42,100.4
9153-BTBVV,两年合约,在网,未开通互联网,已开通电话,71,25
4074-SJFFA,月付套餐,已流失,宽带 DSL,已开通电话,1,54.75
3269-ATYWD,月付套餐,已流失,光纤,已开通电话,39,95.65
5186-PEIZU,月付套餐,在网,未开通互联网,已开通电话,35,19.25
1074-AMIOH,月付套餐,在网,光纤,已开通电话,53,108.25
4910-GMJOT,月付套餐,已流失,光纤,已开通电话,1,94.6
0354-WYROK,月付套餐,已流失,光纤,已开通电话,31,98.9
4361-FEBGN,两年合约,在网,未开通互联网,已开通电话,48,20.15
7748-UMTRK,月付套餐,在网,光纤,已开通电话,30,101.3
0380-ZCSBI,月付套餐,在网,未开通互联网,已开通电话,10,20
7145-FEJWU,月付套餐,在网,光纤,已开通电话,12,105.3
6463-MVYRY,两年合约,在网,宽带 DSL,已开通电话,57,69.85
3969-JQABI,月付套餐,在网,宽带 DSL,已开通电话,58,65.25
9624-EGDEQ,两年合约,在网,未开通互联网,已开通电话,37,19.8
1051-EQPZR,月付套餐,在网,未开通互联网,已开通电话,44,19.6
5849-ASHZJ,一年合约,在网,未开通互联网,已开通电话,27,20.05
5780-INQIK,月付套餐,在网,宽带 DSL,已开通电话,8,49.4
7576-OYWBN,月付套餐,已流失,光纤,已开通电话,3,76.05
4526-ZJJTM,月付套餐,在网,光纤,已开通电话,25,88.4
8384-FZBJK,月付套餐,在网,光纤,已开通电话,57,100.6
3750-RNQKR,月付套餐,在网,未开通互联网,已开通电话,12,19.45
0962-CQPWQ,两年合约,在网,未开通互联网,已开通电话,62,20.3
3096-YXENJ,两年合约,在网,光纤,已开通电话,65,107.65
1265-BCFEO,两年合约,在网,宽带 DSL,已开通电话,71,80.45
5837-LXSDN,一年合约,在网,宽带 DSL,已开通电话,21,58.85
5945-AZYHT,一年合约,在网,光纤,已开通电话,71,109.6
8325-QRPZR,月付套餐,在网,光纤,已开通电话,7,75.15
6384-VMJHP,两年合约,在网,宽带 DSL,已开通电话,72,73
2262-SLNVK,月付套餐,在网,光纤,已开通电话,1,70.1
7730-CLDSV,两年合约,在网,光纤,已开通电话,72,98.65
1135-HIORI,一年合约,在网,光纤,已开通电话,64,111.45
0164-APGRB,两年合约,在网,光纤,已开通电话,72,114.9
6481-ESCNL,月付套餐,在网,光纤,已开通电话,29,100.55
1790-NESIO,两年合约,在网,未开通互联网,已开通电话,13,20.4
1550-EENBN,月付套餐,在网,光纤,已开通电话,31,104.35
5539-TMZLF,月付套餐,已流失,光纤,已开通电话,1,69.75
4323-SADQS,月付套餐,已流失,宽带 DSL,未开通电话,7,34.5
4446-BZKHU,月付套餐,已流失,光纤,已开通电话,61,105.55
5202-IVJNU,月付套餐,已流失,宽带 DSL,未开通电话,39,30.1
5976-JCJRH,月付套餐,已流失,光纤,已开通电话,10,70.3
8198-RKSZG,月付套餐,在网,宽带 DSL,已开通电话,14,80.45
0137-OCGAB,月付套餐,已流失,光纤,已开通电话,1,80.2
3351-NQLDI,一年合约,已流失,光纤,已开通电话,67,94.35
9297-EONCV,两年合约,在网,宽带 DSL,已开通电话,72,91.35
7593-JNWRU,月付套餐,已流失,宽带 DSL,已开通电话,6,44.6
4588-YBNIB,月付套餐,已流失,未开通互联网,已开通电话,1,19.6
1069-QJOEE,一年合约,在网,未开通互联网,已开通电话,25,19.9
3336-JORSO,月付套餐,已流失,光纤,已开通电话,33,110.45
7799-DSEWS,月付套餐,在网,宽带 DSL,已开通电话,18,68.35
8766-PAFNE,两年合约,在网,宽带 DSL,已开通电话,71,79.1
5315-CKEQK,一年合约,在网,宽带 DSL,已开通电话,28,51
3130-ICDUP,月付套餐,在网,光纤,已开通电话,2,80.55
0820-FNRNX,月付套餐,在网,宽带 DSL,已开通电话,17,66.7
0880-FVFWF,月付套餐,在网,光纤,已开通电话,56,86.4
4611-ANLQC,一年合约,在网,宽带 DSL,未开通电话,60,50.05
4213-HKBJO,两年合约,在网,未开通互联网,已开通电话,33,25.7
2792-LSHWX,月付套餐,在网,光纤,已开通电话,1,83.4
5028-GZLDO,月付套餐,已流失,光纤,已开通电话,2,70.7
0014-BMAQU,两年合约,在网,光纤,已开通电话,63,84.65
6861-XWTWQ,月付套餐,已流失,光纤,已开通电话,7,99.25
9018-PCIOK,两年合约,在网,宽带 DSL,已开通电话,55,64.75
4837-QUSFT,一年合约,在网,光纤,已开通电话,65,100.15
6877-TJMBR,月付套餐,已流失,光纤,已开通电话,1,84.8
9953-ZMKSM,两年合约,在网,未开通互联网,已开通电话,63,25.25
0907-HQNTS,两年合约,在网,光纤,已开通电话,70,113
7665-NKLAV,两年合约,在网,宽带 DSL,未开通电话,36,40.65
6769-DCQLI,一年合约,已流失,光纤,已开通电话,52,105
2433-KMEAS,月付套餐,已流失,宽带 DSL,已开通电话,22,54.45
4391-LNRXK,月付套餐,在网,光纤,已开通电话,22,94.95
8250-ZNGGW,月付套餐,在网,宽带 DSL,已开通电话,5,59.9
2195-ZRVAX,月付套餐,已流失,光纤,已开通电话,47,85.3
3550-SAHFP,月付套餐,已流失,光纤,已开通电话,33,83.35
2011-TRQYE,月付套餐,已流失,宽带 DSL,未开通电话,18,33.5
8562-GHPPI,月付套餐,在网,未开通互联网,已开通电话,1,19.8
5893-PYOLZ,两年合约,在网,宽带 DSL,已开通电话,56,81.8
4986-MXSFP,月付套餐,在网,未开通互联网,已开通电话,2,20
6131-FOYAS,月付套餐,在网,宽带 DSL,已开通电话,35,59.6
3027-YNWZU,两年合约,在网,未开通互联网,已开通电话,64,25
5609-IMCGG,月付套餐,在网,光纤,已开通电话,15,84.35
4873-ILOLJ,月付套餐,已流失,光纤,已开通电话,24,90.35
4727-MCYZG,月付套餐,在网,宽带 DSL,已开通电话,1,55.55
9481-WHGWY,两年合约,在网,宽带 DSL,已开通电话,70,75.35
2725-KXXWT,月付套餐,已流失,光纤,已开通电话,1,90.75
9565-DJPIB,月付套餐,已流失,光纤,已开通电话,4,89.6
4328-VUFWD,一年合约,在网,宽带 DSL,已开通电话,39,59.3
3301-LSLWQ,月付套餐,在网,宽带 DSL,已开通电话,29,66.1
7473-ZBDSN,两年合约,在网,未开通互联网,已开通电话,14,18.8
3166-PNEOF,两年合约,在网,宽带 DSL,已开通电话,61,86.45
5639-NTUPK,月付套餐,在网,宽带 DSL,已开通电话,13,52.1
8780-YRMTT,两年合约,在网,宽带 DSL,未开通电话,66,47.4
8348-HFYIV,月付套餐,已流失,宽带 DSL,未开通电话,2,49.25
5140-FOMCQ,一年合约,在网,光纤,已开通电话,59,109.15
6242-SGYTS,一年合约,在网,光纤,已开通电话,62,94.95
8166-ORCHU,一年合约,在网,光纤,已开通电话,33,93.55
8414-OOEEL,两年合约,在网,宽带 DSL,已开通电话,66,79.5
8454-AATJP,两年合约,在网,光纤,已开通电话,72,115.05
6849-WLEYG,月付套餐,已流失,未开通互联网,已开通电话,1,19.75
4659-NZRUF,月付套餐,已流失,光纤,已开通电话,19,95.15
4531-AUZNK,一年合约,在网,光纤,已开通电话,51,95.15
4191-XOVOM,月付套餐,在网,光纤,已开通电话,63,105.4
2150-OEGBV,一年合约,在网,未开通互联网,已开通电话,27,20.1
8429-XIBUM,月付套餐,已流失,光纤,已开通电话,22,101.35
1855-CFULU,月付套餐,在网,未开通互联网,已开通电话,4,20.05
4878-BUNFV,两年合约,在网,未开通互联网,已开通电话,42,20.7
1872-EBWSC,一年合约,在网,未开通互联网,已开通电话,29,20.35
2608-BHKFN,月付套餐,已流失,光纤,已开通电话,4,70.05
7026-YMSBE,一年合约,在网,未开通互联网,已开通电话,30,19.7
7341-LXCAF,月付套餐,已流失,光纤,已开通电话,4,74.65
6997-UVGOX,两年合约,在网,宽带 DSL,已开通电话,71,85.45
9674-EHPPG,两年合约,在网,宽带 DSL,未开通电话,46,40.4
9462-MJUAW,月付套餐,已流失,宽带 DSL,已开通电话,4,50.4
8128-YVJRG,月付套餐,已流失,光纤,已开通电话,7,79.65
5440-VHLUL,一年合约,在网,光纤,已开通电话,69,105.2
5781-BKHOP,两年合约,在网,光纤,已开通电话,72,100.65
4283-FUTGF,月付套餐,已流失,光纤,已开通电话,19,79.85
5213-TWWJU,月付套餐,在网,光纤,已开通电话,28,91
1569-TTNYJ,月付套餐,已流失,光纤,已开通电话,5,78.75
8628-MFKAX,两年合约,在网,光纤,已开通电话,72,116.75
2397-BRLOM,月付套餐,已流失,光纤,已开通电话,8,80.45
7629-WIXZF,一年合约,在网,宽带 DSL,已开通电话,7,59.1
5445-GLVOT,月付套餐,在网,宽带 DSL,已开通电话,22,49.8
3976-HXHCE,两年合约,在网,未开通互联网,已开通电话,72,19.3
2466-NEJOJ,月付套餐,在网,未开通互联网,已开通电话,8,19.65
0254-KCJGT,一年合约,在网,宽带 DSL,已开通电话,52,81.4
5472-CVMDX,两年合约,在网,宽带 DSL,未开通电话,68,38.9
6461-SZMCV,两年合约,在网,宽带 DSL,已开通电话,71,87.95
8150-QUDFX,月付套餐,在网,未开通互联网,已开通电话,2,19.85
9508-ILZDG,月付套餐,在网,光纤,已开通电话,34,96.35
2346-DJQTB,月付套餐,在网,宽带 DSL,未开通电话,35,24.15
1697-LYYYX,一年合约,在网,未开通互联网,已开通电话,61,19.1
1942-OQFRW,月付套餐,在网,宽带 DSL,已开通电话,1,44
4749-VFKVB,月付套餐,已流失,宽带 DSL,已开通电话,1,50.1
9640-ZSLDC,一年合约,在网,宽带 DSL,已开通电话,53,60.6
4231-LZUYM,两年合约,在网,未开通互联网,已开通电话,72,25.65
7598-UAASY,月付套餐,已流失,光纤,已开通电话,2,76.4
7938-OUHIO,月付套餐,已流失,光纤,已开通电话,3,98.7
8510-AWCXC,月付套餐,已流失,光纤,已开通电话,13,100.8
6128-AQBMT,月付套餐,在网,宽带 DSL,未开通电话,41,53.95
3594-BDSOA,一年合约,在网,未开通互联网,已开通电话,24,20.4
0431-APWVY,一年合约,已流失,光纤,已开通电话,28,90.1
5133-VRSAB,月付套餐,在网,宽带 DSL,未开通电话,8,29.35
5996-DAOQL,月付套餐,在网,未开通互联网,已开通电话,1,20.45
6838-YAUVY,两年合约,在网,光纤,已开通电话,54,95.1
0484-JPBRU,月付套餐,在网,未开通互联网,已开通电话,41,25.25
7883-ROJOC,月付套餐,在网,宽带 DSL,已开通电话,19,44.9
0244-LGNFY,两年合约,在网,宽带 DSL,已开通电话,72,92.65
7274-CGTOD,两年合约,在网,宽带 DSL,未开通电话,62,43.7
4295-YURET,两年合约,在网,宽带 DSL,已开通电话,56,72.6
3426-NIYYL,月付套餐,已流失,宽带 DSL,已开通电话,15,51.55
8225-BTJAU,月付套餐,已流失,光纤,已开通电话,10,79.25
4635-EJYPD,两年合约,在网,未开通互联网,已开通电话,32,18.95
1866-ZSLJM,月付套餐,在网,未开通互联网,已开通电话,21,20.5
4636-TVXVG,一年合约,在网,未开通互联网,已开通电话,62,19.95
4236-UJPWO,月付套餐,在网,宽带 DSL,未开通电话,2,24.5
9392-XBGTD,两年合约,在网,未开通互联网,已开通电话,27,20.6
3387-VATUS,月付套餐,已流失,光纤,已开通电话,5,94.85
6402-SSEJG,一年合约,在网,宽带 DSL,未开通电话,25,61.05
1143-NMNQJ,月付套餐,已流失,光纤,已开通电话,2,85.7
1169-SAOCL,一年合约,在网,光纤,已开通电话,49,106.65
1110-KYLGQ,月付套餐,在网,光纤,已开通电话,63,108.25
9929-PLVPA,月付套餐,在网,未开通互联网,已开通电话,4,20.4
3518-PZXZQ,月付套餐,在网,宽带 DSL,已开通电话,1,55.3
2371-JUNGC,月付套餐,在网,未开通互联网,已开通电话,11,20.25
7693-QPEFS,月付套餐,在网,光纤,已开通电话,52,72.95
0924-BJCRC,月付套餐,在网,光纤,已开通电话,60,89.45
5074-FBGHB,一年合约,在网,光纤,已开通电话,64,104.65
2351-BKRZW,两年合约,在网,宽带 DSL,已开通电话,43,75.2
4455-BFSPD,一年合约,在网,光纤,已开通电话,61,101.15
0415-MOSGF,月付套餐,已流失,宽带 DSL,已开通电话,1,44.4
1724-BQUHA,月付套餐,已流失,光纤,已开通电话,5,89.5
3948-KXDUF,两年合约,在网,宽带 DSL,已开通电话,66,68.75
2323-ARSVR,两年合约,在网,光纤,已开通电话,67,111.05
0815-MFZGM,两年合约,在网,光纤,已开通电话,42,99
4826-XTSOH,月付套餐,已流失,光纤,已开通电话,1,86.05
5480-XTFFL,两年合约,在网,未开通互联网,已开通电话,31,21
8295-FHIVV,月付套餐,在网,未开通互联网,已开通电话,7,19.4
2495-INZWQ,月付套餐,已流失,宽带 DSL,未开通电话,4,44.55
9086-YJYXS,一年合约,在网,宽带 DSL,已开通电话,34,77.2
1179-INLAT,一年合约,在网,未开通互联网,已开通电话,3,19.45
7909-FIOIY,月付套餐,在网,宽带 DSL,未开通电话,19,24.85
4139-SUGLD,月付套餐,已流失,宽带 DSL,未开通电话,31,35.4
6857-VWJDT,月付套餐,已流失,光纤,已开通电话,1,95.65
6351-SCJKT,月付套餐,在网,宽带 DSL,未开通电话,3,41.35
5468-BPMMO,月付套餐,在网,未开通互联网,已开通电话,46,19.6
5624-BQSSA,月付套餐,已流失,未开通互联网,已开通电话,1,20.95
0197-PNKNK,一年合约,在网,光纤,已开通电话,69,84.45
2439-QKJUL,月付套餐,在网,未开通互联网,已开通电话,5,20.25
1194-SPVSP,月付套餐,在网,未开通互联网,已开通电话,1,19.65
9534-NSXEM,一年合约,在网,未开通互联网,已开通电话,26,20.65
2408-WITXK,月付套餐,已流失,宽带 DSL,未开通电话,10,34.7
8929-KSWIH,两年合约,在网,光纤,已开通电话,25,99.3
2250-IVBWA,月付套餐,在网,光纤,已开通电话,64,81.05
1810-MVMAI,月付套餐,在网,宽带 DSL,已开通电话,30,67.6
9506-UXUSK,月付套餐,在网,光纤,已开通电话,13,70.15
1229-RCALF,一年合约,在网,光纤,已开通电话,64,115
3572-UOLYZ,月付套餐,在网,光纤,已开通电话,46,84.8
1429-UYJSV,一年合约,在网,未开通互联网,已开通电话,12,19.7
5577-OTWWW,月付套餐,已流失,未开通互联网,已开通电话,15,19.75
6100-QQHEB,月付套餐,已流失,光纤,已开通电话,17,92.55
6366-XIVKZ,月付套餐,在网,宽带 DSL,已开通电话,13,63.15
3470-OBUET,两年合约,在网,宽带 DSL,已开通电话,67,74
2770-NSVDG,月付套餐,在网,宽带 DSL,未开通电话,24,29.1
9375-MHRRS,月付套餐,在网,宽带 DSL,已开通电话,6,50.05
2634-HCZGT,一年合约,已流失,宽带 DSL,已开通电话,53,60.05
7503-QQRVF,月付套餐,已流失,光纤,已开通电话,16,74.3
4860-YZGZM,月付套餐,在网,未开通互联网,已开通电话,10,20
6599-GZWCM,一年合约,在网,光纤,已开通电话,13,74.65
2691-NZETQ,月付套餐,已流失,光纤,已开通电话,9,85.35
4404-HIBDJ,一年合约,已流失,宽带 DSL,已开通电话,25,74.3
5533-NHFRF,月付套餐,在网,宽带 DSL,未开通电话,7,44.4
7037-MTYVW,两年合约,在网,宽带 DSL,已开通电话,38,85.4
4760-THGOT,月付套餐,在网,光纤,已开通电话,43,94.1
7295-JOMMD,月付套餐,已流失,光纤,已开通电话,4,98.1
4016-BJKTZ,两年合约,在网,光纤,已开通电话,25,108.9
6584-VQMYT,一年合约,在网,宽带 DSL,已开通电话,27,56.2
9838-BFCQT,两年合约,在网,未开通互联网,已开通电话,72,26.1
2790-XUYMV,一年合约,在网,光纤,已开通电话,71,85.45
0581-MDMPW,月付套餐,在网,光纤,已开通电话,24,88.95
5013-SBUIH,两年合约,已流失,光纤,已开通电话,50,109.65
1023-BQXZE,两年合约,在网,宽带 DSL,已开通电话,57,74.35
9163-GHAYE,月付套餐,在网,宽带 DSL,已开通电话,15,48.85
3904-UKFRE,月付套餐,在网,光纤,已开通电话,4,80.1
5353-WILCI,月付套餐,在网,宽带 DSL,已开通电话,28,56.05
0709-TVGUR,月付套餐,已流失,光纤,已开通电话,9,74.55
0058-EVZWM,月付套餐,在网,光纤,已开通电话,55,89.8
6023-YEBUP,月付套餐,已流失,光纤,已开通电话,3,100.95
7209-JCUDS,月付套餐,已流失,光纤,已开通电话,10,94.9
7009-PCARS,一年合约,在网,未开通互联网,已开通电话,55,19.1
0519-DRGTI,月付套餐,在网,未开通互联网,已开通电话,20,20.35
1017-FBQMM,一年合约,在网,光纤,已开通电话,62,106.05
3001-CBHLQ,月付套餐,已流失,光纤,已开通电话,32,104.9
1985-MBRYP,两年合约,在网,未开通互联网,已开通电话,43,19.65
6158-DWPZT,一年合约,已流失,宽带 DSL,未开通电话,9,24.1
9372-TXXPS,两年合约,在网,宽带 DSL,已开通电话,60,59.85
3259-QMXUN,两年合约,在网,宽带 DSL,已开通电话,58,86.1
1015-JPFYW,一年合约,在网,未开通互联网,已开通电话,7,19.45
6645-MXQJT,月付套餐,在网,光纤,已开通电话,2,97.1
4360-QRAVE,月付套餐,在网,宽带 DSL,未开通电话,37,36.65
8433-WPJTV,一年合约,在网,光纤,已开通电话,65,103.9
5804-JMYIO,两年合约,在网,未开通互联网,已开通电话,39,19.75
3763-GCZHZ,一年合约,已流失,光纤,已开通电话,66,104.05
6484-LATFU,两年合约,在网,未开通互联网,已开通电话,68,24.55
7599-NTMDP,两年合约,在网,宽带 DSL,未开通电话,62,48.7
0772-GYEQQ,月付套餐,已流失,光纤,已开通电话,3,88.35
0536-ACXIP,两年合约,在网,光纤,已开通电话,72,109.55
0936-NQLJU,两年合约,在网,未开通互联网,已开通电话,41,20.65
4831-EOBFE,月付套餐,已流失,光纤,已开通电话,29,94.65
1575-KRZZE,月付套餐,在网,宽带 DSL,已开通电话,4,55.2
3251-YMVWZ,一年合约,在网,未开通互联网,已开通电话,53,24.05
4102-OQUPX,月付套餐,已流失,光纤,已开通电话,1,74.4
9170-GYZJC,月付套餐,已流失,宽带 DSL,已开通电话,41,79.9
4884-LEVMQ,两年合约,在网,未开通互联网,已开通电话,39,20.45
8857-CUPFQ,两年合约,在网,未开通互联网,已开通电话,63,19.25
7610-TVOPG,月付套餐,在网,未开通互联网,已开通电话,15,26.35
3638-DIMPH,一年合约,在网,宽带 DSL,已开通电话,13,43.8
1845-ZLLIG,月付套餐,在网,宽带 DSL,已开通电话,1,50.15
8559-WNQZS,两年合约,在网,未开通互联网,已开通电话,1,20.45
3999-QGRJH,月付套餐,已流失,光纤,已开通电话,8,69.7
1699-UOTXU,两年合约,在网,宽带 DSL,已开通电话,60,61.4
2454-RPBRZ,月付套餐,已流失,光纤,已开通电话,12,98.1
0635-WKOLD,一年合约,在网,宽带 DSL,已开通电话,40,70.75
5993-JSUWV,两年合约,在网,宽带 DSL,已开通电话,66,61.15
4518-FZBSX,一年合约,在网,未开通互联网,已开通电话,42,20.25
5387-ASZNZ,一年合约,在网,宽带 DSL,已开通电话,66,63.85
6988-CJEYV,月付套餐,在网,光纤,已开通电话,49,98.7
2002-MZHWP,月付套餐,已流失,未开通互联网,已开通电话,1,20.5
3097-FQTVJ,两年合约,在网,未开通互联网,已开通电话,41,20
5465-BUBFA,两年合约,在网,未开通互联网,已开通电话,41,19.3
7299-GNVPL,月付套餐,在网,光纤,已开通电话,23,84.4
9743-DQKQW,月付套餐,在网,宽带 DSL,未开通电话,3,25.1
1215-VFYVK,月付套餐,在网,宽带 DSL,未开通电话,4,48.25
9371-BITHB,两年合约,在网,未开通互联网,已开通电话,52,19.85
2265-CYWIV,月付套餐,已流失,光纤,已开通电话,4,99.6
9093-FPDLG,月付套餐,在网,光纤,已开通电话,11,94.2
0541-FITGH,月付套餐,在网,宽带 DSL,已开通电话,2,62.15
6985-HAYWX,月付套餐,在网,光纤,已开通电话,26,79.3
7508-KBIMB,一年合约,在网,宽带 DSL,已开通电话,24,56.25
6838-HVLXG,月付套餐,在网,未开通互联网,已开通电话,12,20.3
2277-DJJDL,月付套餐,在网,光纤,已开通电话,60,99
1897-OKVMW,两年合约,在网,宽带 DSL,已开通电话,64,90.6
5485-ITNPC,两年合约,在网,宽带 DSL,已开通电话,66,85.9
0233-FTHAV,一年合约,在网,光纤,已开通电话,60,79.2
4644-PIZRT,一年合约,在网,宽带 DSL,已开通电话,17,70.35
8922-NPKBJ,两年合约,在网,未开通互联网,已开通电话,42,19.35
2740-TVLFN,月付套餐,在网,宽带 DSL,已开通电话,1,50.15
7771-CFQRQ,两年合约,在网,宽带 DSL,已开通电话,47,63.8
9512-PHSMG,月付套餐,在网,未开通互联网,已开通电话,10,20.55
6963-EZQEE,两年合约,在网,宽带 DSL,已开通电话,70,88.55
2452-KDRRH,月付套餐,在网,光纤,已开通电话,67,101.4
2004-OCQXK,月付套餐,已流失,光纤,已开通电话,1,81.95
5027-QPKTE,月付套餐,已流失,光纤,已开通电话,7,69.35
4146-SVFUD,月付套餐,在网,宽带 DSL,已开通电话,1,44.6
1564-HJUVY,月付套餐,在网,宽带 DSL,已开通电话,4,63.75
3617-XLSGQ,两年合约,在网,光纤,已开通电话,66,109.25
7517-LDMPS,月付套餐,在网,光纤,已开通电话,12,84.6
7244-KXYZN,一年合约,在网,未开通互联网,已开通电话,24,20.45
5226-NOZFC,月付套餐,在网,光纤,已开通电话,26,85.75
2672-HUYVI,月付套餐,已流失,光纤,已开通电话,6,91.1
1400-WIVLL,两年合约,在网,光纤,已开通电话,57,107.95
7508-MYBOG,月付套餐,已流失,光纤,已开通电话,14,86.1
8148-NLEGT,两年合约,在网,未开通互联网,已开通电话,42,22.95
0148-DCDOS,月付套餐,已流失,光纤,已开通电话,25,94.7
8347-GDTMP,两年合约,在网,未开通互联网,已开通电话,64,19.45
9992-RRAMN,月付套餐,已流失,光纤,已开通电话,22,85.1
6746-WAUWT,一年合约,在网,未开通互联网,已开通电话,19,19.7
0310-MVLET,月付套餐,已流失,光纤,已开通电话,61,99.15
0428-IKYCP,月付套餐,在网,光纤,已开通电话,22,87
4550-VBOFE,月付套餐,已流失,光纤,已开通电话,70,102.95
2187-PKZAY,月付套餐,在网,光纤,已开通电话,12,79.95
4003-OCTMP,一年合约,在网,宽带 DSL,已开通电话,31,64
6652-YFFJO,月付套餐,在网,宽带 DSL,已开通电话,11,64.9
7225-IILWY,两年合约,在网,未开通互联网,已开通电话,68,25.75
5248-RPYWW,两年合约,在网,宽带 DSL,已开通电话,72,90.15
7923-IYJWY,两年合约,在网,光纤,已开通电话,67,116.1
3170-GWYKC,月付套餐,在网,光纤,已开通电话,60,104.95
5696-QURRL,月付套餐,已流失,宽带 DSL,已开通电话,1,45.05
7409-KIUTL,月付套餐,已流失,光纤,已开通电话,1,71
9830-ECLEN,一年合约,在网,宽带 DSL,未开通电话,58,50
1732-VHUBQ,月付套餐,已流失,光纤,已开通电话,47,70.55
0495-RVCBF,月付套餐,已流失,光纤,已开通电话,1,79.7
2668-TZSPS,月付套餐,在网,未开通互联网,已开通电话,1,20.45
7854-EDSSA,月付套餐,已流失,宽带 DSL,已开通电话,22,59
8869-TORSS,一年合约,已流失,宽带 DSL,已开通电话,48,60.35
7446-SFAOA,一年合约,在网,未开通互联网,已开通电话,37,19.85
9522-ZSINC,一年合约,在网,未开通互联网,已开通电话,13,19.95
8234-GSZYK,两年合约,在网,未开通互联网,已开通电话,43,26.45
6505-OZNPG,两年合约,在网,宽带 DSL,未开通电话,6,63.4
6164-HAQTX,两年合约,在网,宽带 DSL,未开通电话,71,53.95
0679-IDSTG,月付套餐,已流失,光纤,已开通电话,1,69.25
7765-LWVVH,两年合约,在网,光纤,已开通电话,72,95.1
1658-TJVOA,月付套餐,在网,光纤,已开通电话,6,74.1
0953-LGOVU,月付套餐,在网,宽带 DSL,未开通电话,12,35.5
2115-BFTIW,月付套餐,已流失,光纤,已开通电话,25,70.95
4692-NNQRU,一年合约,在网,光纤,已开通电话,21,79.2
7742-MYPGI,月付套餐,在网,宽带 DSL,已开通电话,6,48.8
0611-DFXKO,月付套餐,已流失,光纤,已开通电话,20,89
7780-OTDSO,月付套餐,已流失,光纤,已开通电话,18,99.4
9619-GSATL,一年合约,在网,宽带 DSL,已开通电话,43,55.45
5622-UEJFI,两年合约,在网,未开通互联网,已开通电话,35,25.4
9747-DDZOS,月付套餐,已流失,光纤,已开通电话,1,73.5
0674-DGMAQ,月付套餐,在网,光纤,已开通电话,32,93.5
6203-HBZPA,两年合约,在网,宽带 DSL,未开通电话,52,63.9
0484-FFVBJ,一年合约,在网,宽带 DSL,已开通电话,32,64.85
0301-FIDRB,两年合约,在网,宽带 DSL,未开通电话,72,63.8
4139-JPIAM,月付套餐,在网,宽带 DSL,未开通电话,51,44.45
2181-TIDSV,两年合约,在网,未开通互联网,已开通电话,68,19.95
2761-XECQW,月付套餐,在网,宽带 DSL,未开通电话,8,43.35
1936-CZAKF,两年合约,在网,宽带 DSL,未开通电话,49,49.65
9453-PATOS,两年合约,在网,宽带 DSL,已开通电话,72,85.1
0564-JJHGS,月付套餐,已流失,光纤,已开通电话,9,95.5
3348-CFRNX,月付套餐,已流失,光纤,已开通电话,28,92.35
4402-FTBXC,月付套餐,在网,光纤,已开通电话,54,89.8
1428-GTBJJ,月付套餐,已流失,光纤,已开通电话,11,74.55
2931-XIQBR,一年合约,在网,光纤,已开通电话,50,103.05
0106-UGRDO,两年合约,在网,光纤,已开通电话,69,116
5542-TBBWB,月付套餐,在网,光纤,已开通电话,1,69.9
1930-QPBVZ,两年合约,在网,光纤,已开通电话,68,95.1
2606-PKWJB,一年合约,在网,宽带 DSL,未开通电话,40,40.25
5322-ZSMZY,两年合约,在网,未开通互联网,已开通电话,31,25.75
8059-UDZFY,月付套餐,在网,光纤,已开通电话,33,105.35
7740-BTPUX,两年合约,在网,光纤,已开通电话,55,113.6
5220-AGAAX,两年合约,在网,未开通互联网,已开通电话,68,24
0208-BPQEJ,月付套餐,在网,未开通互联网,已开通电话,12,19.4
9435-JMLSX,两年合约,在网,宽带 DSL,已开通电话,71,86.1
3352-ALMCK,月付套餐,在网,光纤,已开通电话,40,102.65
5312-IRCFR,一年合约,在网,光纤,已开通电话,64,92.85
5294-IMHHT,一年合约,在网,光纤,已开通电话,53,97.75
8802-UNOJF,月付套餐,已流失,光纤,已开通电话,12,83.8
6313-GIDIT,月付套餐,已流失,宽带 DSL,未开通电话,53,54.45
6176-YJWAS,两年合约,在网,光纤,已开通电话,72,97.95
5310-NOOVA,两年合约,在网,未开通互联网,已开通电话,46,19.95
4526-EXKKN,两年合约,在网,未开通互联网,已开通电话,40,24.6
5311-IHLEI,月付套餐,在网,宽带 DSL,未开通电话,12,50.95
3987-KQDDU,月付套餐,在网,光纤,已开通电话,9,75.6
3404-JNXAX,月付套餐,在网,光纤,已开通电话,51,80.75
5131-PONJI,月付套餐,在网,光纤,已开通电话,49,90.4
2845-AFFTX,月付套餐,已流失,光纤,已开通电话,41,99.8
3489-VSFRD,一年合约,在网,宽带 DSL,已开通电话,56,60.25
3345-JHUEO,月付套餐,在网,未开通互联网,已开通电话,4,20.2
5815-HGGHV,一年合约,在网,宽带 DSL,已开通电话,20,64.15
5260-UMPWX,月付套餐,在网,未开通互联网,已开通电话,26,20.25
2249-YPRNG,月付套餐,已流失,光纤,已开通电话,20,105.85
7410-YTJIK,月付套餐,已流失,光纤,已开通电话,7,75.45
4626-GYCZP,月付套餐,已流失,光纤,已开通电话,7,93.85
5649-RXQTV,月付套餐,在网,光纤,已开通电话,51,99
2674-MIAHT,月付套餐,在网,光纤,已开通电话,4,80.3
2576-HXMPA,月付套餐,在网,未开通互联网,已开通电话,1,19.55
7587-AOVVU,月付套餐,在网,光纤,已开通电话,27,100.75
5590-BYNII,月付套餐,已流失,光纤,已开通电话,22,100.75
6898-MDLZW,月付套餐,在网,宽带 DSL,已开通电话,12,53.75
3237-AJGEH,月付套餐,已流失,宽带 DSL,未开通电话,3,31
4707-YNOQA,一年合约,在网,未开通互联网,已开通电话,34,25.6
9357-UJRUN,一年合约,在网,宽带 DSL,已开通电话,24,58.35
1591-NFNLQ,月付套餐,已流失,光纤,已开通电话,51,80
8648-PFRMP,月付套餐,在网,宽带 DSL,未开通电话,14,46.35
7663-CUXZB,两年合约,在网,光纤,已开通电话,59,113.75
0258-NOKBL,月付套餐,在网,光纤,已开通电话,3,90.4
1163-VIPRI,两年合约,在网,光纤,已开通电话,65,109.3
2815-CPTUL,月付套餐,已流失,光纤,已开通电话,5,70.25
9348-ROUAI,两年合约,在网,宽带 DSL,已开通电话,59,90.3
9443-JUBUO,两年合约,在网,宽带 DSL,未开通电话,72,65.25
0596-BQCEQ,月付套餐,已流失,光纤,已开通电话,62,100.15
1481-ZUWZA,月付套餐,已流失,光纤,已开通电话,28,94.5
3043-TYBNO,月付套餐,在网,宽带 DSL,已开通电话,3,60.65
4830-FAXFM,月付套餐,在网,未开通互联网,已开通电话,19,24.1
5906-BFOZT,月付套餐,在网,未开通互联网,已开通电话,1,19.5
2960-NKRSO,月付套餐,在网,光纤,已开通电话,24,85.95
8996-ZROXE,一年合约,在网,宽带 DSL,已开通电话,57,53.5
5598-IKHQQ,两年合约,在网,未开通互联网,已开通电话,72,25.45
0397-ZXWQF,两年合约,在网,未开通互联网,已开通电话,67,20.5
5266-PFRQK,一年合约,在网,未开通互联网,已开通电话,52,20.85
4674-HGNUA,两年合约,在网,宽带 DSL,已开通电话,71,89.9
6765-MBQNU,一年合约,在网,未开通互联网,已开通电话,26,26
9786-IJYDL,两年合约,在网,光纤,已开通电话,35,113.2
1303-SRDOK,两年合约,在网,光纤,已开通电话,55,69.05
3769-MHZNV,两年合约,在网,未开通互联网,已开通电话,33,20.1
6295-OSINB,两年合约,在网,光纤,已开通电话,72,109.65
3308-MHOOC,月付套餐,在网,未开通互联网,已开通电话,1,19.2
2309-OSFEU,月付套餐,已流失,宽带 DSL,未开通电话,10,33.9
2207-QPJED,月付套餐,在网,光纤,已开通电话,37,90
4177-JPDFU,月付套餐,在网,宽带 DSL,未开通电话,12,34
2239-CFOUJ,一年合约,在网,未开通互联网,已开通电话,1,20.4
8046-DNVTL,两年合约,在网,宽带 DSL,未开通电话,62,38.6
2209-XADXF,月付套餐,在网,宽带 DSL,未开通电话,1,25.25
6620-JDYNW,月付套餐,在网,宽带 DSL,已开通电话,18,60.6
1891-FZYSA,月付套餐,已流失,光纤,已开通电话,69,89.95
4770-UEZOX,月付套餐,在网,光纤,已开通电话,2,74.75
1038-RQOST,月付套餐,在网,未开通互联网,已开通电话,19,20.6
7613-LLQFO,月付套餐,已流失,光纤,已开通电话,12,84.45
4568-TTZRT,月付套餐,在网,未开通互联网,已开通电话,9,20.4
9513-DXHDA,一年合约,在网,宽带 DSL,已开通电话,27,81.7
2640-PMGFL,月付套餐,已流失,光纤,已开通电话,27,79.5
3801-HMYNL,月付套餐,已流失,光纤,已开通电话,1,89.15
0516-QREYC,月付套餐,在网,未开通互联网,已开通电话,24,20.3
9685-WKZGT,月付套餐,已流失,光纤,已开通电话,14,74.95
6022-UGGSO,月付套餐,已流失,光纤,已开通电话,32,74.4
8084-OIVBS,一年合约,在网,未开通互联网,已开通电话,11,20
8896-BQTTI,月付套餐,在网,未开通互联网,已开通电话,1,25
3865-QBWSJ,月付套餐,在网,光纤,已开通电话,38,80.45
3352-RICWQ,两年合约,在网,未开通互联网,已开通电话,9,19.75
2160-GPFXD,两年合约,在网,宽带 DSL,已开通电话,54,65.65
2065-MMKGR,一年合约,在网,宽带 DSL,已开通电话,29,71
5857-TYBCJ,月付套餐,在网,光纤,已开通电话,44,89.2
1498-NHTLT,两年合约,在网,宽带 DSL,已开通电话,59,86.75
4484-CGXFK,月付套餐,已流失,宽带 DSL,已开通电话,3,55.3
1402-PTHGN,一年合约,在网,宽带 DSL,已开通电话,18,61.5
4176-RELJR,两年合约,在网,未开通互联网,已开通电话,67,25.1
6214-EDAKZ,月付套餐,已流失,宽带 DSL,已开通电话,22,55.15
5199-FPUSP,一年合约,在网,宽带 DSL,未开通电话,33,34.05
6377-KSLXC,月付套餐,在网,未开通互联网,已开通电话,5,19.95
1796-JANOW,月付套餐,在网,未开通互联网,已开通电话,2,19.95
0238-WHBIQ,两年合约,在网,宽带 DSL,已开通电话,72,89.7
8735-NBLWT,月付套餐,在网,未开通互联网,已开通电话,9,20.4
6651-RLGGM,两年合约,在网,未开通互联网,已开通电话,67,26.3
6127-ISGTU,月付套餐,已流失,光纤,已开通电话,16,84.95
1614-JBEBI,月付套餐,在网,未开通互联网,已开通电话,8,20.7
8740-XLHDR,月付套餐,已流失,宽带 DSL,未开通电话,5,43.25
1208-DNHLN,一年合约,已流失,宽带 DSL,已开通电话,23,48.35
1761-AEZZR,月付套餐,已流失,光纤,已开通电话,1,79.55
3923-CSIHK,月付套餐,已流失,光纤,已开通电话,50,71.05
5696-EXCYS,两年合约,在网,未开通互联网,已开通电话,17,19.45
5795-KTGUD,两年合约,在网,光纤,已开通电话,68,110.8
7120-RFMVS,月付套餐,已流失,光纤,已开通电话,1,84.5
7924-GJZFI,月付套餐,在网,光纤,已开通电话,25,69.3
4702-HDRKD,一年合约,在网,宽带 DSL,未开通电话,67,49.35
8512-WIWYV,一年合约,在网,未开通互联网,已开通电话,32,20.35
5897-ZYEKH,一年合约,在网,光纤,已开通电话,67,105.6
5456-ITGIC,两年合约,在网,宽带 DSL,未开通电话,72,64.45
7317-GGVPB,两年合约,已流失,光纤,已开通电话,71,108.6
1406-PUQVY,月付套餐,在网,宽带 DSL,已开通电话,1,49.9
1322-AGOQM,月付套餐,已流失,宽带 DSL,未开通电话,46,30.3
3677-IYRBF,月付套餐,已流失,宽带 DSL,未开通电话,2,30.4
5692-FPTAH,月付套餐,已流失,宽带 DSL,已开通电话,1,45.4
9114-AAFQH,一年合约,在网,宽带 DSL,已开通电话,48,65.65
8715-KKTFG,一年合约,在网,光纤,已开通电话,61,103.3
1550-LOAHA,月付套餐,已流失,光纤,已开通电话,32,84.15
1728-BQDMA,月付套餐,在网,宽带 DSL,已开通电话,2,44.45
0268-QKIWO,月付套餐,已流失,未开通互联网,已开通电话,3,19.75
0876-WDUUZ,月付套餐,已流失,光纤,已开通电话,5,85.4
5117-ZSMHQ,两年合约,在网,宽带 DSL,已开通电话,71,89.9
5151-HQRDG,月付套餐,在网,宽带 DSL,已开通电话,37,55.05
0960-HUWBM,两年合约,在网,光纤,已开通电话,65,104.1
6465-GSRCL,一年合约,在网,光纤,已开通电话,67,106.6
0617-FHSGK,月付套餐,已流失,光纤,已开通电话,49,75.2
0263-FJTQO,两年合约,在网,宽带 DSL,已开通电话,50,70.5
7319-ZNRTR,一年合约,在网,未开通互联网,已开通电话,25,19.6
2858-MOFSQ,一年合约,已流失,宽带 DSL,已开通电话,17,55.85
7503-EPSZW,两年合约,在网,未开通互联网,已开通电话,64,24.05
7089-XXAYG,一年合约,在网,宽带 DSL,未开通电话,25,38.1
8118-LSUEL,月付套餐,已流失,光纤,已开通电话,23,106.4
8070-AAWZP,月付套餐,在网,宽带 DSL,未开通电话,24,34.25
1666-JXLKU,月付套餐,在网,光纤,已开通电话,37,100.05
7855-DIWPO,月付套餐,在网,光纤,已开通电话,21,68.65
5133-POWUA,月付套餐,在网,宽带 DSL,已开通电话,1,45.8
5652-MSDEY,月付套餐,在网,光纤,已开通电话,10,75.75
7005-CCBKV,月付套餐,已流失,光纤,已开通电话,6,84.4
1810-BOHSY,一年合约,在网,光纤,已开通电话,51,96.4
1784-BXEFA,月付套餐,在网,未开通互联网,已开通电话,10,20.55
7351-MHQVU,月付套餐,在网,宽带 DSL,未开通电话,6,50.95
9224-VTYID,两年合约,在网,宽带 DSL,已开通电话,47,90.5
9500-IWPXQ,一年合约,在网,宽带 DSL,已开通电话,61,79.4
5762-TJXGK,两年合约,在网,宽带 DSL,未开通电话,52,58.75
4504-YOULA,月付套餐,在网,宽带 DSL,已开通电话,35,59.45
5569-IDSEY,一年合约,在网,光纤,已开通电话,71,105.7
4250-FDVOU,月付套餐,已流失,宽带 DSL,已开通电话,6,56.25
7284-ZZLOH,两年合约,在网,宽带 DSL,已开通电话,45,53.3
5277-ZLOOR,月付套餐,已流失,光纤,已开通电话,2,85.55
2141-RRYGO,月付套餐,已流失,宽带 DSL,已开通电话,4,68.65
1777-JYQPJ,月付套餐,在网,宽带 DSL,未开通电话,2,24.3
6376-GAHQE,月付套餐,已流失,光纤,已开通电话,4,77.85
3401-URHDA,一年合约,在网,宽带 DSL,已开通电话,51,59.9
1599-EAHXY,一年合约,在网,未开通互联网,已开通电话,60,23.95
8631-XVRZL,一年合约,在网,未开通互联网,已开通电话,9,20.15
5052-PNLOS,月付套餐,已流失,光纤,已开通电话,3,105.35
3853-LYGAM,月付套餐,在网,光纤,已开通电话,17,95.65
6979-ZNSFF,月付套餐,已流失,光纤,已开通电话,8,87.05
5751-USDBL,两年合约,在网,宽带 DSL,已开通电话,46,81
5680-LQOGP,两年合约,在网,宽带 DSL,已开通电话,68,82.45
2386-LAHRK,月付套餐,已流失,宽带 DSL,已开通电话,1,53.5
8189-DUKMV,一年合约,在网,未开通互联网,已开通电话,4,20.5
6032-IGALN,月付套餐,已流失,宽带 DSL,未开通电话,1,25.1
9931-DCEZH,一年合约,在网,宽带 DSL,已开通电话,28,54.4
1898-JSNDC,一年合约,在网,宽带 DSL,已开通电话,39,58.6
0315-LVCRK,月付套餐,在网,光纤,已开通电话,11,84.8
3911-RSNHI,两年合约,在网,宽带 DSL,未开通电话,71,61.4
2410-CIYFZ,月付套餐,在网,未开通互联网,已开通电话,2,20.4
4248-HCETZ,月付套餐,已流失,光纤,已开通电话,30,79.65
5505-OVWQW,一年合约,在网,未开通互联网,已开通电话,17,20.15
7271-AJDTL,月付套餐,在网,光纤,已开通电话,55,94.45
1867-TJHTS,月付套餐,在网,光纤,已开通电话,58,79.8
0516-WJVXC,月付套餐,已流失,宽带 DSL,已开通电话,5,54.2
9174-FKWZE,月付套餐,已流失,未开通互联网,已开通电话,1,19.45
6860-YRJZP,月付套餐,在网,光纤,已开通电话,9,74.05
4429-WYGFR,月付套餐,在网,宽带 DSL,已开通电话,26,49.15
2817-LVCPP,两年合约,在网,未开通互联网,已开通电话,50,19.4
5038-ETMLM,两年合约,在网,光纤,已开通电话,72,113.65
5056-FIMPT,一年合约,在网,光纤,已开通电话,43,106
4521-WFJAI,两年合约,在网,未开通互联网,已开通电话,56,25.95
6569-KTMDU,月付套餐,在网,未开通互联网,已开通电话,1,19.1
8809-RIHDD,两年合约,已流失,光纤,已开通电话,72,103.4
8809-XKHMD,两年合约,在网,光纤,已开通电话,72,100.55
0396-YCHWO,月付套餐,在网,光纤,已开通电话,36,95.4
0867-LDTTC,月付套餐,在网,宽带 DSL,已开通电话,5,75.15
4822-NGOCH,月付套餐,已流失,光纤,已开通电话,13,84.45
9391-DXGGG,一年合约,在网,光纤,已开通电话,44,89.15
9844-FELAJ,一年合约,在网,光纤,已开通电话,70,107.9
2122-SZZZD,一年合约,在网,未开通互联网,已开通电话,44,19.5
5307-DZCVC,月付套餐,已流失,光纤,已开通电话,32,85.95
3148-AOIQT,两年合约,在网,未开通互联网,已开通电话,69,24.95
8679-JOEVF,月付套餐,已流失,宽带 DSL,已开通电话,16,59.4
8395-ETZKQ,一年合约,在网,未开通互联网,已开通电话,68,19.5
6692-YQHXC,月付套餐,在网,光纤,已开通电话,16,69.95
3889-VWBID,两年合约,在网,宽带 DSL,已开通电话,68,82.85
5222-JCXZT,月付套餐,在网,未开通互联网,已开通电话,4,19
9754-CLVZW,月付套餐,在网,宽带 DSL,未开通电话,26,38.85
1432-FPAXX,月付套餐,已流失,宽带 DSL,未开通电话,29,30.6
2739-CCZMB,月付套餐,在网,未开通互联网,已开通电话,5,20.35
7080-TNUWP,一年合约,在网,光纤,已开通电话,70,95
0496-AHOOK,一年合约,在网,宽带 DSL,已开通电话,24,74.4
8336-TAVKX,两年合约,在网,宽带 DSL,已开通电话,72,78.45
2468-SJFLM,月付套餐,在网,光纤,已开通电话,1,74.3
3181-VTHOE,一年合约,在网,宽带 DSL,未开通电话,70,51.05
7168-HDQHG,月付套餐,在网,未开通互联网,已开通电话,36,19.2
4803-AXVYP,月付套餐,已流失,光纤,已开通电话,38,99.55
3884-HCSWG,月付套餐,已流失,光纤,已开通电话,17,70
4567-AKPIA,一年合约,在网,光纤,已开通电话,41,109.1
5077-DXTCG,月付套餐,已流失,宽带 DSL,已开通电话,1,45.3
1142-WACZW,月付套餐,已流失,宽带 DSL,未开通电话,2,29.85
7901-HXJVA,月付套餐,在网,光纤,已开通电话,14,76.45
5649-ANRML,月付套餐,已流失,光纤,已开通电话,2,95.1
4892-VLANZ,月付套餐,已流失,未开通互联网,已开通电话,1,19.8
5924-IFQTT,月付套餐,在网,宽带 DSL,已开通电话,13,72.8
7968-QUXNS,月付套餐,在网,未开通互联网,已开通电话,6,18.95
2919-HBCJO,月付套餐,已流失,光纤,已开通电话,4,76.65
4236-XPXAV,月付套餐,已流失,光纤,已开通电话,5,99.15
8903-WMRNW,月付套餐,在网,光纤,已开通电话,15,101.75
2452-SNHFZ,月付套餐,在网,光纤,已开通电话,47,75.45
3629-WEAAM,月付套餐,在网,宽带 DSL,已开通电话,8,64.1
6029-CSMJE,月付套餐,在网,宽带 DSL,未开通电话,17,25.65
7993-NQLJE,月付套餐,在网,光纤,已开通电话,15,75.1
9909-DFRJA,一年合约,在网,光纤,已开通电话,26,95.85
9099-FTUHS,月付套餐,在网,宽带 DSL,已开通电话,23,54.4
0581-BXBUB,月付套餐,在网,光纤,已开通电话,4,72.75
4962-CHQPW,一年合约,在网,未开通互联网,已开通电话,29,19.85
9467-ROOLM,月付套餐,在网,未开通互联网,已开通电话,25,19.05
3030-YZADT,月付套餐,已流失,宽带 DSL,已开通电话,9,44.95
7410-KTVFV,月付套餐,已流失,宽带 DSL,已开通电话,18,49.55
5150-ITWWB,月付套餐,在网,光纤,已开通电话,3,94.85
2253-KPMNB,两年合约,在网,宽带 DSL,未开通电话,69,46.25
1345-ZUKID,一年合约,在网,未开通互联网,已开通电话,14,19.35
6429-SHBCB,月付套餐,在网,宽带 DSL,已开通电话,19,69.6
9281-OFDMF,月付套餐,在网,光纤,已开通电话,39,90.7
2603-HVKCG,月付套餐,在网,光纤,已开通电话,31,101.4
1834-WULEG,一年合约,在网,未开通互联网,已开通电话,24,20.25
9097-ZUBYC,月付套餐,在网,宽带 DSL,已开通电话,14,48.8
5148-ORICT,两年合约,在网,宽带 DSL,已开通电话,64,74.35
4893-GYUJU,一年合约,在网,未开通互联网,已开通电话,50,19.35
4578-PHJYZ,一年合约,在网,宽带 DSL,已开通电话,52,68.75
7272-QDCKA,一年合约,在网,光纤,已开通电话,28,100.2
8908-SLFCJ,两年合约,在网,未开通互联网,已开通电话,21,20.85
8393-DLHGA,月付套餐,已流失,光纤,已开通电话,25,95.9
9766-HGEDE,一年合约,在网,未开通互联网,已开通电话,17,19.35
6968-MHOMU,一年合约,在网,宽带 DSL,未开通电话,58,45
7395-IGJOS,月付套餐,已流失,光纤,已开通电话,17,81.5
5044-XDPYX,两年合约,在网,未开通互联网,已开通电话,51,25.5
1814-WFGVS,两年合约,在网,宽带 DSL,未开通电话,72,48.9
2834-SPCJV,月付套餐,已流失,光纤,已开通电话,52,84.1
3721-WKIIL,两年合约,在网,未开通互联网,已开通电话,27,19.6
6734-CKRSM,月付套餐,在网,未开通互联网,已开通电话,3,20
1265-ZFOSD,两年合约,在网,宽带 DSL,已开通电话,64,81.3
6568-POCUI,两年合约,在网,光纤,已开通电话,45,95.2
7890-VYYWG,月付套餐,已流失,宽带 DSL,未开通电话,3,36.45
5197-LQXXH,两年合约,在网,宽带 DSL,已开通电话,71,83.3
9907-SWKKF,月付套餐,已流失,宽带 DSL,未开通电话,1,25.05
3457-PQBYH,两年合约,在网,未开通互联网,已开通电话,58,20.3
7682-AZNDK,月付套餐,在网,光纤,已开通电话,34,89.85
0587-DMGBH,月付套餐,已流失,宽带 DSL,已开通电话,8,49.85
5384-ZTTWP,月付套餐,在网,未开通互联网,已开通电话,15,19.8
3745-HRPHI,两年合约,在网,宽带 DSL,未开通电话,66,54.65
7636-OWBPG,月付套餐,在网,宽带 DSL,未开通电话,12,29.35
1231-YNDEK,两年合约,在网,未开通互联网,已开通电话,58,19.15
1407-DIGZV,两年合约,在网,未开通互联网,已开通电话,3,19.1
6397-JNZZG,月付套餐,已流失,宽带 DSL,未开通电话,43,55.55
0570-BFQHT,月付套餐,在网,光纤,已开通电话,9,80.55
4393-OBCRR,一年合约,在网,未开通互联网,已开通电话,3,20.25
3523-QRQLL,一年合约,已流失,宽带 DSL,已开通电话,22,69.5
8564-LDKFL,一年合约,在网,光纤,已开通电话,40,106
3696-DFHHB,两年合约,在网,未开通互联网,已开通电话,68,25.5
0895-DQHEW,月付套餐,已流失,光纤,已开通电话,54,104.3
4717-GHADL,两年合约,在网,宽带 DSL,已开通电话,50,79.6
5501-TVMGM,月付套餐,在网,宽带 DSL,已开通电话,1,55.25
5879-HMFFH,两年合约,在网,宽带 DSL,已开通电话,72,88.05
6772-WFQRD,一年合约,在网,未开通互联网,已开通电话,40,20.4
3810-DVDQQ,两年合约,在网,光纤,已开通电话,72,117.6
6972-SNKKW,月付套餐,在网,未开通互联网,已开通电话,6,20
3694-GLTJM,月付套餐,在网,未开通互联网,已开通电话,5,19.65
8550-XSXUQ,一年合约,在网,宽带 DSL,已开通电话,48,70.55
8149-RSOUN,月付套餐,已流失,光纤,已开通电话,1,93.85
9055-MOJJJ,一年合约,在网,宽带 DSL,已开通电话,64,65.8
4359-INNWN,一年合约,在网,未开通互联网,已开通电话,17,20.05
0585-EGDDA,月付套餐,在网,光纤,已开通电话,40,80
4032-RMHCI,一年合约,在网,宽带 DSL,未开通电话,41,35.4
0549-CYCQN,一年合约,在网,光纤,已开通电话,51,79.6
3481-JHUZH,月付套餐,在网,光纤,已开通电话,41,80.25
7250-EQKIY,月付套餐,已流失,宽带 DSL,已开通电话,1,50.45
3594-IVHJZ,月付套餐,在网,未开通互联网,已开通电话,2,20.45
6869-FGJJC,一年合约,在网,光纤,已开通电话,68,79.6
3896-ZVNET,两年合约,在网,未开通互联网,已开通电话,24,24.7
8205-VSLRB,两年合约,在网,宽带 DSL,已开通电话,70,77.3
5960-MVTUK,月付套餐,在网,宽带 DSL,未开通电话,3,29.75
6817-WTYHE,月付套餐,在网,宽带 DSL,已开通电话,2,44.9
3082-VQXNH,月付套餐,在网,宽带 DSL,未开通电话,3,29.8
4013-UBXWQ,月付套餐,已流失,宽带 DSL,已开通电话,7,74.65
4931-TRZWN,月付套餐,在网,宽带 DSL,已开通电话,13,71.95
0750-EKNGL,月付套餐,在网,未开通互联网,已开通电话,7,20.75
7669-LCRSD,月付套餐,在网,宽带 DSL,已开通电话,12,56.3
3567-PQTSO,一年合约,在网,光纤,已开通电话,53,105.25
5519-NPHVG,月付套餐,已流失,光纤,已开通电话,12,94.2
8043-PNYSD,两年合约,在网,未开通互联网,已开通电话,63,19.55
9938-EKRGF,月付套餐,在网,宽带 DSL,已开通电话,15,84.45
2703-AMTUL,一年合约,在网,宽带 DSL,已开通电话,36,53.65
0928-JMXNP,月付套餐,在网,宽带 DSL,未开通电话,4,29.9
8173-RXAYP,两年合约,在网,未开通互联网,已开通电话,24,19.7
4825-XJGDM,一年合约,在网,宽带 DSL,未开通电话,61,43.7
5402-HTOTQ,月付套餐,在网,宽带 DSL,已开通电话,16,55.3
6734-JDTTV,两年合约,在网,未开通互联网,已开通电话,65,19.85
7850-THJMU,两年合约,在网,未开通互联网,已开通电话,26,19.65
3890-RTCMS,月付套餐,在网,宽带 DSL,已开通电话,16,49.45
8849-GYOKR,一年合约,已流失,光纤,已开通电话,54,106.55
3148-BLQJT,月付套餐,已流失,未开通互联网,已开通电话,1,20.1
3717-FDJFU,两年合约,在网,未开通互联网,已开通电话,5,20.45
3665-JATSN,月付套餐,在网,宽带 DSL,未开通电话,19,39.7
7966-YOTQW,月付套餐,在网,宽带 DSL,已开通电话,10,54.5
0461-CVKMU,月付套餐,已流失,光纤,已开通电话,23,83.8
8806-EAGWC,月付套餐,已流失,宽带 DSL,已开通电话,3,55.15
8853-TZDGH,两年合约,在网,光纤,已开通电话,72,111.6
7779-LGOVN,月付套餐,已流失,光纤,已开通电话,10,86.65
4324-BZCKL,月付套餐,在网,宽带 DSL,已开通电话,10,55.55
6924-TDGMT,一年合约,在网,未开通互联网,已开通电话,11,20.55
9710-ZUSHQ,月付套餐,已流失,光纤,已开通电话,37,106.75
1536-YHDOE,一年合约,在网,宽带 DSL,已开通电话,17,62.1
8123-QBNAZ,月付套餐,在网,光纤,已开通电话,36,104.5
3629-ZNKXA,月付套餐,在网,光纤,已开通电话,17,101.8
4827-LTQRJ,一年合约,在网,光纤,已开通电话,66,110.6
7711-YIJWC,一年合约,在网,宽带 DSL,已开通电话,61,84.9
5482-VXSXJ,月付套餐,在网,光纤,已开通电话,22,93.2
7365-BVCJH,月付套餐,在网,宽带 DSL,未开通电话,1,24.4
9620-ENEJV,月付套餐,在网,光纤,已开通电话,6,70.55
4183-WCSEP,月付套餐,已流失,光纤,已开通电话,31,78.45
2378-YIZKA,两年合约,在网,宽带 DSL,已开通电话,68,85
5498-TXHLF,月付套餐,已流失,光纤,已开通电话,34,87.45
0689-DSXGL,月付套餐,在网,光纤,已开通电话,52,85.8
6818-DJXAA,月付套餐,在网,光纤,已开通电话,10,91.1
9722-UJOJR,月付套餐,已流失,光纤,已开通电话,29,70.75
0464-WJTKO,两年合约,在网,未开通互联网,已开通电话,72,20.1
8902-ZEOVF,一年合约,在网,未开通互联网,已开通电话,47,20.05
6778-EICRF,一年合约,在网,宽带 DSL,已开通电话,24,74.8
2662-NNTDK,一年合约,在网,未开通互联网,已开通电话,65,24.8
4132-KALRO,月付套餐,在网,光纤,已开通电话,4,100.85
3902-FOIGH,月付套餐,已流失,光纤,已开通电话,12,101.35
6772-KSATR,月付套餐,已流失,光纤,已开通电话,1,81.7
7112-OPOTK,月付套餐,已流失,光纤,已开通电话,33,68.25
2874-YXVVA,月付套餐,在网,光纤,已开通电话,34,105.1
1245-HARPS,两年合约,在网,未开通互联网,已开通电话,14,20.4
4210-QFJMF,月付套餐,已流失,光纤,已开通电话,4,79.15
4323-ELYYB,一年合约,在网,未开通互联网,已开通电话,13,20
4293-ETKAP,两年合约,在网,宽带 DSL,已开通电话,65,79.4
6064-PUPMC,一年合约,在网,宽带 DSL,已开通电话,23,57.2
6504-VBLFL,两年合约,在网,宽带 DSL,已开通电话,55,58.6
6322-PJJDJ,两年合约,在网,光纤,已开通电话,49,94.8
0330-BGYZE,一年合约,在网,光纤,已开通电话,60,102.5
1085-LDWAM,一年合约,在网,未开通互联网,已开通电话,69,20.35
7586-ZATGZ,月付套餐,在网,光纤,已开通电话,40,84.9
7197-VOJMM,两年合约,在网,宽带 DSL,已开通电话,67,69.2
3318-OSATS,月付套餐,已流失,光纤,已开通电话,35,95.45
5828-AVIPD,一年合约,已流失,光纤,已开通电话,19,100.95
1843-TLSGD,两年合约,在网,未开通互联网,已开通电话,13,20.85
9626-VFRGG,月付套餐,在网,光纤,已开通电话,41,88.5
7075-BNDVQ,月付套餐,在网,宽带 DSL,未开通电话,4,35
9143-CANJF,月付套餐,在网,宽带 DSL,已开通电话,24,55.15
7284-BUYEC,月付套餐,在网,宽带 DSL,未开通电话,5,50.95
2041-JIJCI,月付套餐,在网,宽带 DSL,已开通电话,5,64
1086-LXKFY,月付套餐,已流失,光纤,已开通电话,1,69.1
4900-MSOMT,两年合约,在网,宽带 DSL,已开通电话,72,80.2
2229-VWQJH,月付套餐,在网,宽带 DSL,已开通电话,24,49.3
9194-GFVOI,两年合约,在网,宽带 DSL,已开通电话,42,84.35
1336-EZFZY,月付套餐,在网,未开通互联网,已开通电话,4,20.05
4282-MSACW,一年合约,在网,光纤,已开通电话,68,117.2
1403-LKLIK,一年合约,在网,未开通互联网,已开通电话,33,20.1
2636-ALXXZ,月付套餐,已流失,光纤,已开通电话,1,69.6
7774-OJSXI,一年合约,已流失,光纤,已开通电话,31,103.45
7786-WBJYI,月付套餐,已流失,光纤,已开通电话,4,77.95
0136-IFMYD,两年合约,在网,光纤,已开通电话,69,109.95
5144-TVGLP,月付套餐,在网,光纤,已开通电话,38,94.75
9643-AVVWI,月付套餐,在网,光纤,已开通电话,3,80
0253-ZTEOB,两年合约,在网,宽带 DSL,已开通电话,48,79.65
2706-QZIHY,两年合约,在网,未开通互联网,已开通电话,15,25.2
6061-PQHMK,一年合约,在网,未开通互联网,已开通电话,25,19.9
9885-CSMWE,月付套餐,已流失,光纤,已开通电话,1,78.45
6137-MFAJN,月付套餐,在网,宽带 DSL,未开通电话,48,44.8
9122-UMROB,月付套餐,在网,未开通互联网,已开通电话,1,20.3
4232-JGKIY,月付套餐,在网,未开通互联网,已开通电话,1,19.2
2402-TAIRZ,一年合约,在网,光纤,已开通电话,37,80.05
9659-ZTWSM,一年合约,在网,光纤,已开通电话,66,107.35
9139-TWBAS,一年合约,在网,宽带 DSL,未开通电话,26,47.85
6685-GBWJZ,一年合约,在网,宽带 DSL,已开通电话,63,70.8
5016-ETTFF,月付套餐,已流失,宽带 DSL,未开通电话,10,29.5
3866-MDTUB,月付套餐,已流失,宽带 DSL,已开通电话,2,70.75
2195-VVRJF,月付套餐,在网,宽带 DSL,已开通电话,18,59.1
3913-RDSJZ,两年合约,在网,未开通互联网,已开通电话,64,25.55
8058-JMEQO,月付套餐,已流失,光纤,已开通电话,9,84.45
4203-QGNZA,月付套餐,在网,未开通互联网,已开通电话,28,20.25
5043-TRZWM,月付套餐,在网,光纤,已开通电话,1,75.55
0697-ZMSWS,月付套餐,已流失,光纤,已开通电话,4,85.65
7657-DYEPJ,一年合约,已流失,宽带 DSL,已开通电话,38,70.15
9494-BDNNC,一年合约,在网,光纤,已开通电话,66,95.3
1640-PLFMP,月付套餐,在网,光纤,已开通电话,1,70.25
5366-OBVMR,月付套餐,在网,宽带 DSL,已开通电话,18,50.3
8276-MQBYC,月付套餐,已流失,光纤,已开通电话,51,97.8
7644-OMVMY,两年合约,在网,未开通互联网,已开通电话,0,19.85
7593-XFKDI,月付套餐,已流失,宽带 DSL,已开通电话,1,46.3
4573-JKNAE,两年合约,在网,未开通互联网,已开通电话,12,19.35
0337-CNPZE,月付套餐,已流失,光纤,已开通电话,41,106.3
9817-APLHW,月付套餐,在网,未开通互联网,已开通电话,12,25
8380-MQINP,两年合约,在网,未开通互联网,已开通电话,55,20.3
0840-DFEZH,月付套餐,在网,光纤,已开通电话,7,75.35
1513-XNPPH,月付套餐,已流失,光纤,已开通电话,12,89.4
8690-ZVLCL,两年合约,在网,宽带 DSL,已开通电话,68,88
6015-VVHHE,月付套餐,已流失,光纤,已开通电话,5,83.15
1125-SNVCK,月付套餐,在网,宽带 DSL,已开通电话,49,43.8
0384-LPITE,一年合约,在网,宽带 DSL,未开通电话,40,62.05
4616-EWBNJ,一年合约,在网,未开通互联网,已开通电话,16,20.1
6347-DCUIK,月付套餐,已流失,光纤,已开通电话,10,74.15
1335-HQMKX,一年合约,在网,光纤,已开通电话,72,101.35
2545-EBUPK,月付套餐,在网,光纤,已开通电话,2,84.05
6923-AQONU,两年合约,在网,未开通互联网,已开通电话,23,20.9
2172-EJXVF,一年合约,在网,光纤,已开通电话,71,105.9
0897-FEGMU,月付套餐,已流失,光纤,已开通电话,11,99.5
7663-RGWBC,月付套餐,已流失,宽带 DSL,已开通电话,1,44.15
1120-BMWUB,月付套餐,已流失,宽带 DSL,已开通电话,16,53.9
9124-LHCJQ,月付套餐,已流失,光纤,已开通电话,1,85.45
4536-PLEQY,月付套餐,在网,光纤,已开通电话,12,85.05
7029-IJEJK,一年合约,在网,宽带 DSL,未开通电话,54,44.1
8871-JLMHM,两年合约,在网,光纤,已开通电话,68,90.2
2235-ZGKPT,月付套餐,已流失,宽带 DSL,已开通电话,4,50.85
3891-PUQOD,月付套餐,已流失,宽带 DSL,已开通电话,1,59.2
5447-VYTKW,月付套餐,在网,宽带 DSL,已开通电话,27,53.45
3623-FQBOX,月付套餐,在网,未开通互联网,已开通电话,21,19.95
0689-NKYLF,月付套餐,已流失,光纤,已开通电话,13,83.2
8659-HDIYE,月付套餐,在网,宽带 DSL,已开通电话,64,74.65
3658-KIBGF,月付套餐,已流失,宽带 DSL,已开通电话,1,54.9
3474-BAFSJ,两年合约,在网,宽带 DSL,未开通电话,57,57.5
5519-YLDGW,月付套餐,已流失,光纤,已开通电话,21,103.9
3865-ZFZIB,两年合约,在网,未开通互联网,已开通电话,19,19.65
1855-AGAWH,一年合约,在网,光纤,已开通电话,31,93.8
7109-CQYUZ,两年合约,在网,宽带 DSL,已开通电话,52,89.25
1370-GGAWX,一年合约,在网,光纤,已开通电话,46,94.15
4680-KUTAJ,月付套餐,在网,宽带 DSL,已开通电话,11,55.6
5307-UVGNB,月付套餐,在网,宽带 DSL,未开通电话,53,48.7
4946-EDSEW,月付套餐,已流失,未开通互联网,已开通电话,11,19.25
2883-ILGWO,月付套餐,在网,光纤,已开通电话,57,104.9
2516-VQRRV,月付套餐,已流失,光纤,已开通电话,2,75.45
7580-UGXNC,月付套餐,已流失,宽带 DSL,已开通电话,2,54.85
3642-BYHDO,两年合约,在网,未开通互联网,已开通电话,71,19.9
9629-NHXFW,月付套餐,在网,未开通互联网,已开通电话,1,19.4
2696-RZVZW,两年合约,在网,未开通互联网,已开通电话,68,25.05
5766-FTRTS,两年合约,在网,宽带 DSL,已开通电话,72,84.45
0396-HUJBP,月付套餐,在网,未开通互联网,已开通电话,2,19.3
5178-LMXOP,月付套餐,已流失,光纤,已开通电话,1,95.1
8879-ZKJOF,一年合约,在网,宽带 DSL,已开通电话,41,79.85
6285-FTQBF,两年合约,在网,未开通互联网,已开通电话,72,25.55
8185-UPYBR,月付套餐,已流失,光纤,已开通电话,6,75.5
4585-HETAI,月付套餐,已流失,光纤,已开通电话,4,73.75
7526-BEZQB,月付套餐,已流失,光纤,已开通电话,12,96.05
1474-JUWSM,一年合约,在网,宽带 DSL,已开通电话,58,68.4
3530-CRZSB,月付套餐,在网,未开通互联网,已开通电话,7,20.65
8498-XXGWA,月付套餐,在网,宽带 DSL,已开通电话,65,55.15
9617-INGJY,月付套餐,在网,光纤,已开通电话,1,70.6
0621-TSSMU,一年合约,在网,未开通互联网,已开通电话,56,19.95
7234-KMNRQ,月付套餐,在网,未开通互联网,已开通电话,4,19
7636-PEPNS,一年合约,在网,宽带 DSL,已开通电话,58,44.1
4683-WYDOU,两年合约,在网,光纤,已开通电话,62,107.6
9052-DHNKM,一年合约,在网,宽带 DSL,已开通电话,26,61.55
6794-HKIAJ,月付套餐,在网,光纤,已开通电话,62,90.7
5578-NKCXI,一年合约,在网,光纤,已开通电话,58,99.25
1642-HMARX,两年合约,在网,宽带 DSL,已开通电话,68,91.7
3096-WPXBT,一年合约,在网,光纤,已开通电话,61,100.7
8434-PNQZX,两年合约,在网,宽带 DSL,已开通电话,42,78.45
5950-AAAGJ,月付套餐,在网,光纤,已开通电话,18,84.3
4299-OPXEJ,两年合约,在网,未开通互联网,已开通电话,56,19.55
4951-UKAAQ,月付套餐,已流失,光纤,已开通电话,4,88.95
9618-LFJRU,月付套餐,在网,未开通互联网,已开通电话,4,20.45
6693-DJWTY,一年合约,在网,宽带 DSL,已开通电话,35,55.6
0744-GKNGE,月付套餐,在网,光纤,已开通电话,64,86.8
6447-EGDIV,一年合约,在网,未开通互联网,已开通电话,31,20.95
1167-OYZJF,两年合约,在网,未开通互联网,已开通电话,67,20.05
2108-YKQTY,月付套餐,已流失,宽带 DSL,已开通电话,4,50.7
4806-DXQCE,两年合约,在网,光纤,已开通电话,70,113.65
4918-QLLIW,月付套餐,已流失,宽带 DSL,已开通电话,3,53.4
7056-IMHCC,月付套餐,已流失,光纤,已开通电话,53,101.9
4854-SSLTN,两年合约,在网,宽带 DSL,已开通电话,2,59.5
5294-DMSFH,月付套餐,在网,光纤,已开通电话,29,87.8
4837-PZTIC,两年合约,在网,宽带 DSL,未开通电话,47,41.9
1625-JAIIY,一年合约,已流失,光纤,已开通电话,68,83
0603-OLQDC,月付套餐,在网,宽带 DSL,已开通电话,12,69.85
3272-VUHPV,月付套餐,在网,宽带 DSL,已开通电话,8,56.3
4176-FXYBO,月付套餐,在网,光纤,已开通电话,54,109.55
1063-DHQJF,两年合约,在网,光纤,已开通电话,69,92.15
8663-UPDGF,月付套餐,在网,宽带 DSL,已开通电话,26,69.5
6719-FGEDO,两年合约,在网,光纤,已开通电话,72,97
1837-YQUCE,两年合约,在网,宽带 DSL,未开通电话,70,58.35
2947-DOMLJ,月付套餐,已流失,宽带 DSL,已开通电话,1,50.6
4112-LUEIZ,月付套餐,已流失,光纤,已开通电话,10,89.5
0369-ZGOVK,一年合约,在网,光纤,已开通电话,28,70.4
4510-HIMLV,月付套餐,已流失,光纤,已开通电话,1,69.8
9919-KNPOO,月付套餐,在网,光纤,已开通电话,21,94.3
8749-JMNKX,月付套餐,已流失,光纤,已开通电话,51,93.8
7872-BAAZR,一年合约,在网,未开通互联网,已开通电话,53,19.55
9391-LMANN,一年合约,在网,光纤,已开通电话,53,95.95
2430-USGXP,月付套餐,已流失,光纤,已开通电话,24,101.05
8174-TBVCF,两年合约,在网,宽带 DSL,已开通电话,70,94.8
1698-XFZCI,一年合约,在网,光纤,已开通电话,61,107.75
1877-HKBQX,一年合约,在网,宽带 DSL,已开通电话,11,54.6
4450-DLLMH,月付套餐,在网,光纤,已开通电话,2,71.3
0428-AXXLJ,一年合约,在网,未开通互联网,已开通电话,25,19.5
2746-DIJLO,一年合约,在网,宽带 DSL,已开通电话,41,56.3
5955-ERIHD,月付套餐,已流失,光纤,已开通电话,18,94.7
0917-EZOLA,两年合约,已流失,光纤,已开通电话,72,104.15
3508-VLHCZ,两年合约,在网,宽带 DSL,已开通电话,71,90.55
4086-ATNFV,一年合约,在网,宽带 DSL,已开通电话,34,60.8
0468-YRPXN,月付套餐,在网,光纤,已开通电话,29,98.8
5996-NRVXR,一年合约,在网,光纤,已开通电话,40,98.15
3739-YBWAB,一年合约,在网,宽带 DSL,未开通电话,36,35.35
7047-FWEYA,一年合约,在网,光纤,已开通电话,46,103.15
2000-MPKCA,一年合约,在网,光纤,已开通电话,58,107.75
9762-YAQAA,一年合约,在网,光纤,已开通电话,39,81.4
5949-EBSQK,月付套餐,已流失,宽带 DSL,已开通电话,4,61.45
5473-KHBPS,一年合约,在网,光纤,已开通电话,52,95.7
0100-DUVFC,一年合约,在网,光纤,已开通电话,70,104.8
5397-TUPSH,一年合约,在网,光纤,已开通电话,65,70.95
8950-MTZNV,月付套餐,在网,宽带 DSL,已开通电话,1,44.95
0326-VDYXE,一年合约,在网,光纤,已开通电话,70,97.65
6773-LQTVT,月付套餐,在网,宽带 DSL,未开通电话,29,35.65
7274-RTAPZ,月付套餐,已流失,光纤,已开通电话,1,90.55
0436-TWFFZ,两年合约,在网,宽带 DSL,已开通电话,67,85.25
8566-YPRGL,月付套餐,在网,未开通互联网,已开通电话,1,19.5
0311-UNPFF,月付套餐,已流失,光纤,已开通电话,26,88.8
6609-MXJHJ,两年合约,在网,未开通互联网,已开通电话,30,25.1
2669-OIDSD,月付套餐,在网,光纤,已开通电话,48,100.05
8400-WZICQ,月付套餐,在网,宽带 DSL,已开通电话,55,55.7
3834-XUIFC,月付套餐,已流失,光纤,已开通电话,7,85.2
9576-SYUHJ,月付套餐,在网,光纤,已开通电话,37,91.15
0410-IPFTY,月付套餐,在网,光纤,已开通电话,31,83.85
2831-EBWRN,月付套餐,在网,宽带 DSL,已开通电话,4,45.9
9430-NKQLY,两年合约,在网,未开通互联网,已开通电话,72,25.1
8414-MYSHR,月付套餐,已流失,光纤,已开通电话,5,91.4
0247-SLUJI,月付套餐,在网,未开通互联网,已开通电话,1,19.7
9402-ORRAH,月付套餐,在网,光纤,已开通电话,15,91.5
6483-OATDN,月付套餐,在网,宽带 DSL,已开通电话,8,51.3
1293-HHSHJ,一年合约,在网,未开通互联网,已开通电话,35,21.1
4840-ORQXB,月付套餐,在网,光纤,已开通电话,56,104.75
7599-FKVXZ,月付套餐,已流失,光纤,已开通电话,42,106.15
3982-DQLUS,月付套餐,在网,光纤,已开通电话,65,85.75
8610-ZIKJJ,一年合约,在网,未开通互联网,已开通电话,2,20.3
3756-VNWDH,一年合约,在网,光纤,已开通电话,65,100.75
7801-KICAO,月付套餐,在网,光纤,已开通电话,18,74.15
7673-LPRNY,一年合约,在网,宽带 DSL,已开通电话,23,78.55
8229-TNIQA,月付套餐,已流失,宽带 DSL,已开通电话,4,45.3
6060-QBMGV,两年合约,在网,未开通互联网,已开通电话,70,19.85
7339-POGZN,月付套餐,在网,宽带 DSL,已开通电话,4,50.7
2828-SLQPF,月付套餐,在网,宽带 DSL,已开通电话,19,45
4465-VDKIQ,月付套餐,在网,光纤,已开通电话,18,77.8
2921-XWDJH,月付套餐,在网,光纤,已开通电话,38,83.45
6221-AVQYL,月付套餐,已流失,光纤,已开通电话,2,73.25
2558-BUOZZ,一年合约,在网,光纤,已开通电话,47,94.8
9257-AZMTZ,两年合约,在网,未开通互联网,已开通电话,52,20.1
0003-MKNFE,月付套餐,在网,宽带 DSL,已开通电话,9,59.9
0975-UYDTX,一年合约,在网,宽带 DSL,已开通电话,26,90.1
7743-EXURX,月付套餐,已流失,宽带 DSL,已开通电话,8,51.05
4682-BLBUC,一年合约,在网,宽带 DSL,已开通电话,44,70.95
0975-VOOVL,月付套餐,在网,宽带 DSL,未开通电话,3,29.2
5968-VXZLG,月付套餐,在网,宽带 DSL,已开通电话,2,46.6
5569-KGJHX,月付套餐,已流失,光纤,已开通电话,9,85.35
4988-IQIGL,月付套餐,已流失,光纤,已开通电话,1,75.35
5201-FRKKS,月付套餐,在网,光纤,已开通电话,25,74.3
9799-CAYJJ,月付套餐,在网,光纤,已开通电话,2,69.3
7730-IUTDZ,月付套餐,已流失,光纤,已开通电话,43,75.2
0426-TIRNE,月付套餐,已流失,未开通互联网,已开通电话,1,20.9
5443-SCMKX,一年合约,在网,光纤,已开通电话,58,94.3
8295-KMENE,两年合约,在网,宽带 DSL,已开通电话,59,76.45
6738-ISCBM,一年合约,在网,宽带 DSL,未开通电话,44,54
9821-BESNZ,一年合约,在网,光纤,已开通电话,66,104.25
3678-MNGZX,两年合约,在网,未开通互联网,已开通电话,68,19.95
1335-NTIUC,月付套餐,在网,宽带 DSL,未开通电话,9,24.95
2916-BQZLN,月付套餐,在网,光纤,已开通电话,19,84.75
4558-CGYCZ,月付套餐,在网,未开通互联网,已开通电话,4,19.75
2368-GAKKQ,两年合约,在网,光纤,已开通电话,70,113.65
8710-YGLWG,月付套餐,在网,宽带 DSL,已开通电话,1,44.9
3199-XGZCY,月付套餐,在网,光纤,已开通电话,8,75.25
3785-KTYSH,两年合约,在网,未开通互联网,已开通电话,53,24.6
6814-ZPWFQ,一年合约,在网,未开通互联网,已开通电话,51,25
4063-EIKNQ,月付套餐,在网,未开通互联网,已开通电话,11,20.95
6993-YCOBK,两年合约,在网,光纤,已开通电话,60,110.6
5206-HPJKM,月付套餐,在网,宽带 DSL,已开通电话,17,55.5
7587-RZNME,月付套餐,已流失,宽带 DSL,已开通电话,3,43.3
0748-RDGGM,一年合约,已流失,光纤,已开通电话,70,109.5
8393-JMVMB,月付套餐,在网,未开通互联网,已开通电话,1,19.45
5019-GQVCR,月付套餐,在网,光纤,已开通电话,43,84.85
6036-TTFYU,月付套餐,在网,未开通互联网,已开通电话,16,19.6
2550-AEVRU,一年合约,在网,宽带 DSL,已开通电话,57,53.45
0969-RGKCU,一年合约,在网,未开通互联网,已开通电话,37,19.8
0378-CJKPV,两年合约,在网,光纤,已开通电话,72,112.1
4706-AXVKM,月付套餐,已流失,光纤,已开通电话,11,84.8
5889-JTMUL,月付套餐,已流失,光纤,已开通电话,50,95.05
9026-RNUJS,月付套餐,已流失,宽带 DSL,已开通电话,5,50.35
3746-EUBYR,月付套餐,已流失,光纤,已开通电话,1,74.6
2332-EFBJY,月付套餐,已流失,未开通互联网,已开通电话,16,19.7
2880-FPNAE,月付套餐,在网,光纤,已开通电话,2,74.2
1703-MGIAB,月付套餐,在网,宽带 DSL,已开通电话,17,69
4311-QTTAI,一年合约,在网,未开通互联网,已开通电话,16,19.35
9474-PHLYD,月付套餐,已流失,宽带 DSL,已开通电话,15,59.45
4318-RAJVY,一年合约,在网,未开通互联网,已开通电话,10,19.8
2165-VOEGB,一年合约,已流失,光纤,已开通电话,46,105.2
3612-YUNGG,两年合约,在网,光纤,已开通电话,64,109.2
2254-DLXRI,月付套餐,在网,光纤,已开通电话,1,79.15
5062-CJJKH,一年合约,在网,宽带 DSL,已开通电话,25,53.65
9028-LIHRP,两年合约,在网,光纤,已开通电话,71,100.2
2219-MVUSO,月付套餐,已流失,宽带 DSL,已开通电话,8,45.15
1053-MXTTK,两年合约,在网,光纤,已开通电话,72,108.65
1530-ZTDOZ,月付套餐,在网,宽带 DSL,未开通电话,49,40.65
1301-LOPVR,一年合约,在网,宽带 DSL,未开通电话,29,55.35
0853-TWRVK,两年合约,在网,光纤,已开通电话,72,105.6
8914-RBTSB,月付套餐,已流失,光纤,已开通电话,31,93.8
6212-ATMLK,月付套餐,在网,光纤,已开通电话,50,95.7
8200-LGKSR,两年合约,在网,宽带 DSL,已开通电话,71,83.2
1568-BEKZM,两年合约,在网,宽带 DSL,已开通电话,70,90.05
0670-ANMUU,一年合约,在网,光纤,已开通电话,71,97.65
6897-RWMUB,两年合约,在网,宽带 DSL,已开通电话,61,68.05
0963-ZBDRN,月付套餐,已流失,光纤,已开通电话,32,96.2
7594-RQHXR,月付套餐,已流失,光纤,已开通电话,1,79.6
6999-CHVCF,两年合约,在网,光纤,已开通电话,68,102.1
6134-KWTBV,两年合约,在网,未开通互联网,已开通电话,62,23.4
1077-HUUJM,月付套餐,在网,光纤,已开通电话,7,71.05
6331-EWIEB,月付套餐,已流失,光纤,已开通电话,20,85.25
0895-LNKRC,一年合约,在网,未开通互联网,已开通电话,6,19.45
2045-BMBTJ,月付套餐,在网,宽带 DSL,未开通电话,33,59.45
8417-GSODA,一年合约,在网,光纤,已开通电话,28,92.2
5171-EPLKN,两年合约,在网,未开通互联网,已开通电话,27,19.85
4452-QIIEB,月付套餐,在网,宽带 DSL,已开通电话,7,43.9
5998-VVEJY,月付套餐,已流失,光纤,已开通电话,26,80.5
1624-NALOJ,月付套餐,已流失,光纤,已开通电话,5,89.8
6741-EGCBI,月付套餐,在网,光纤,已开通电话,30,90.5
7820-ZYGNY,一年合约,在网,光纤,已开通电话,63,90.45
4317-VTEOA,月付套餐,已流失,宽带 DSL,已开通电话,1,50.75
9677-AVKED,一年合约,在网,宽带 DSL,已开通电话,53,84.6
1670-SVOWZ,月付套餐,已流失,光纤,已开通电话,14,89.65
2227-JRSJX,月付套餐,在网,光纤,已开通电话,21,99.15
9847-HNVGP,一年合约,在网,未开通互联网,已开通电话,17,19.95
6696-YDAYZ,两年合约,在网,未开通互联网,已开通电话,16,20.5
8980-WQFWL,月付套餐,在网,宽带 DSL,已开通电话,35,62.1
1730-ZMAME,月付套餐,在网,光纤,已开通电话,32,79.5
6506-EYCNH,月付套餐,在网,未开通互联网,已开通电话,28,19.55
4634-JLRJT,月付套餐,在网,未开通互联网,已开通电话,1,20.35
9501-UKKNL,月付套餐,在网,宽带 DSL,未开通电话,59,51.7
2560-QTSBS,一年合约,在网,未开通互联网,已开通电话,72,23.3
7541-YLXCL,一年合约,已流失,宽带 DSL,已开通电话,36,65.4
4795-WRNVT,月付套餐,在网,宽带 DSL,已开通电话,40,65.1
6080-TCMYC,月付套餐,在网,光纤,已开通电话,40,81.2
0260-ZDLGK,月付套餐,已流失,宽带 DSL,已开通电话,9,72.9
7860-UXCRM,两年合约,在网,宽带 DSL,已开通电话,63,74.5
6357-JJPQT,月付套餐,在网,光纤,已开通电话,3,80.5
2292-XQWSV,一年合约,在网,宽带 DSL,未开通电话,40,60.3
9552-TGUZV,月付套餐,在网,光纤,已开通电话,8,75
5913-INRQV,一年合约,在网,光纤,已开通电话,34,90.15
8722-NGNBH,月付套餐,已流失,宽带 DSL,未开通电话,5,40
6210-KBBPI,月付套餐,已流失,光纤,已开通电话,9,99.45
9643-YBLUR,月付套餐,在网,宽带 DSL,已开通电话,9,69.05
8734-FNWVH,月付套餐,在网,宽带 DSL,已开通电话,31,59.7
9447-YPTBX,一年合约,在网,未开通互联网,已开通电话,50,19.85
0133-BMFZO,月付套餐,已流失,光纤,已开通电话,2,86.25
6128-CZOMY,月付套餐,已流失,宽带 DSL,已开通电话,1,45.65
9540-JYROE,月付套餐,已流失,光纤,已开通电话,8,70.1
9026-LHEVG,月付套餐,在网,宽带 DSL,未开通电话,9,40.75
2260-USTRB,月付套餐,已流失,光纤,已开通电话,2,70.2
3656-TKRVZ,月付套餐,已流失,宽带 DSL,已开通电话,3,55.35
7011-CVEUC,月付套餐,在网,光纤,已开通电话,25,95.7
6185-TASNN,月付套餐,在网,宽带 DSL,已开通电话,1,46.3
7925-PNRGI,月付套餐,在网,宽带 DSL,已开通电话,45,81.3
8623-TMRBY,月付套餐,已流失,光纤,已开通电话,51,84.2
1552-CZCLL,月付套餐,在网,未开通互联网,已开通电话,55,20
3038-PQIUY,月付套餐,在网,宽带 DSL,已开通电话,38,66.15
1501-SGHBW,月付套餐,已流失,宽带 DSL,已开通电话,2,45.85
9313-CDOGY,月付套餐,在网,未开通互联网,已开通电话,38,19.6
8148-BPLZQ,月付套餐,在网,宽带 DSL,已开通电话,34,49.8
2623-DRYAM,一年合约,在网,光纤,已开通电话,70,101.75
9987-LUTYD,一年合约,在网,宽带 DSL,已开通电话,13,55.15
3208-YPIOE,月付套餐,已流失,光纤,已开通电话,39,75.25
4488-KQFDT,一年合约,在网,光纤,已开通电话,61,103.95
2612-RANWT,月付套餐,已流失,光纤,已开通电话,12,100.15
5693-PIPCS,两年合约,在网,光纤,已开通电话,41,99.65
0491-KAPQG,月付套餐,在网,光纤,已开通电话,21,73.7
1925-LFCZZ,一年合约,在网,宽带 DSL,未开通电话,55,50.05
8039-EQPIM,两年合约,在网,宽带 DSL,未开通电话,69,60.25
6900-PXRMS,月付套餐,已流失,光纤,已开通电话,26,105.75
8707-RMEZH,一年合约,在网,光纤,已开通电话,69,87.3
3346-BRMIS,月付套餐,已流失,宽带 DSL,未开通电话,18,48.35
3209-ZPKFI,月付套餐,在网,宽带 DSL,已开通电话,47,54.25
6479-VDGRK,两年合约,在网,宽带 DSL,已开通电话,72,85.3
9373-WSLOY,月付套餐,在网,宽带 DSL,未开通电话,33,50
2933-FILNV,月付套餐,已流失,宽带 DSL,未开通电话,2,24.4
3569-JFODW,两年合约,在网,宽带 DSL,已开通电话,72,90.95
9819-FBNSV,月付套餐,在网,光纤,已开通电话,37,72.25
9544-PYPSJ,月付套餐,在网,光纤,已开通电话,62,96.1
1591-XWLGB,两年合约,在网,未开通互联网,已开通电话,71,19.85
0396-UKGAI,月付套餐,在网,宽带 DSL,已开通电话,23,55.3
3243-ZHOHY,一年合约,在网,未开通互联网,已开通电话,16,20.1
5186-EJEGL,月付套餐,在网,宽带 DSL,已开通电话,9,69.5
7527-QNRUS,两年合约,在网,未开通互联网,已开通电话,17,25.15
9986-BONCE,月付套餐,已流失,未开通互联网,已开通电话,4,20.95
2722-JMONI,月付套餐,已流失,宽带 DSL,已开通电话,1,49.55
2203-GHNWN,月付套餐,在网,光纤,已开通电话,24,79.65
3878-AVSOQ,月付套餐,在网,光纤,已开通电话,1,71.25
3258-SYSWS,两年合约,在网,光纤,已开通电话,72,113.8
5296-PSYVW,两年合约,在网,未开通互联网,已开通电话,72,24.55
6319-QSUSR,月付套餐,在网,未开通互联网,已开通电话,11,19.7
4083-EUGRJ,月付套餐,已流失,未开通互联网,已开通电话,9,20.25
7579-OOPEC,月付套餐,已流失,宽带 DSL,已开通电话,2,50.15
0512-FLFDW,一年合约,在网,光纤,已开通电话,60,100.5
1771-OADNZ,月付套餐,已流失,光纤,已开通电话,29,95.9
0487-CRLZF,两年合约,在网,宽带 DSL,已开通电话,49,74.45
2107-FBPTK,月付套餐,在网,光纤,已开通电话,30,104.1
9451-WLYRI,一年合约,在网,未开通互联网,已开通电话,53,19.05
8219-VYBVI,两年合约,在网,未开通互联网,已开通电话,39,25
1991-VOPLL,月付套餐,在网,未开通互联网,已开通电话,9,19.05
9738-QLWTP,一年合约,在网,光纤,已开通电话,39,81.9
1016-DJTSV,月付套餐,在网,光纤,已开通电话,8,69.7
9419-IPPBE,一年合约,在网,光纤,已开通电话,51,90.15
0174-QRVVY,两年合约,在网,未开通互联网,已开通电话,71,25.35
5699-BNCAS,两年合约,在网,未开通互联网,已开通电话,71,24.65
2900-PHPLN,两年合约,在网,未开通互联网,已开通电话,70,19.55
0612-RTZZA,月付套餐,已流失,宽带 DSL,未开通电话,1,25.25
8106-GWQOK,两年合约,在网,宽带 DSL,未开通电话,38,60
8751-EDEKA,月付套餐,在网,光纤,已开通电话,28,89.9
6878-GGDWG,月付套餐,在网,未开通互联网,已开通电话,32,19.4
4039-PIMHX,两年合约,在网,宽带 DSL,已开通电话,49,49.8
8450-LUGUK,两年合约,在网,未开通互联网,已开通电话,37,24.1
3604-WLABM,月付套餐,在网,宽带 DSL,已开通电话,10,54.25
0795-GMVQO,一年合约,在网,光纤,已开通电话,67,109.9
2259-OUUSZ,一年合约,在网,宽带 DSL,未开通电话,7,35.5
1142-IHLOO,一年合约,在网,光纤,已开通电话,51,87.55
6410-LEFEN,月付套餐,已流失,宽带 DSL,已开通电话,9,45.15
4633-MKHYU,月付套餐,在网,光纤,已开通电话,9,88.4
6257-RJOHI,月付套餐,在网,宽带 DSL,已开通电话,4,50.8
1545-JFUML,两年合约,在网,光纤,已开通电话,71,99
3194-ORPIK,月付套餐,已流失,光纤,已开通电话,50,84.4
7826-VVKWT,两年合约,在网,光纤,已开通电话,24,96.55
1353-GHZOS,一年合约,在网,宽带 DSL,已开通电话,22,59.75
2587-EKXTS,月付套餐,在网,光纤,已开通电话,44,111.5
5442-BXVND,月付套餐,在网,未开通互联网,已开通电话,33,24.25
8816-VXNZD,月付套餐,已流失,光纤,已开通电话,1,75.1
9378-FXTIZ,一年合约,已流失,宽带 DSL,已开通电话,54,70.15
1723-HKXJQ,月付套餐,已流失,光纤,已开通电话,42,101.75
7825-GKXMW,月付套餐,已流失,宽带 DSL,已开通电话,1,45.8
9753-OYLBX,月付套餐,在网,未开通互联网,已开通电话,1,20.5
2364-UFROM,一年合约,在网,宽带 DSL,已开通电话,30,70.4
6656-JWRQX,月付套餐,在网,宽带 DSL,未开通电话,1,30.55
6473-ULUHT,月付套餐,在网,宽带 DSL,已开通电话,16,84.9
1240-KNSEZ,月付套餐,已流失,未开通互联网,已开通电话,1,20.1
0836-SEYLU,月付套餐,已流失,宽带 DSL,未开通电话,9,40.65
4433-JCGCG,月付套餐,已流失,光纤,已开通电话,46,101
3716-BDVDB,月付套餐,已流失,光纤,已开通电话,1,69.1
7688-AWMDX,两年合约,在网,宽带 DSL,已开通电话,71,54.5
2842-BCQGE,月付套餐,在网,光纤,已开通电话,43,75.35
7244-QWYHG,一年合约,在网,宽带 DSL,未开通电话,50,44.45
5899-MQZZL,月付套餐,已流失,光纤,已开通电话,13,75
6849-OYAMU,一年合约,已流失,光纤,已开通电话,19,100
5312-UXESG,月付套餐,在网,光纤,已开通电话,41,98.05
9488-HGMJH,月付套餐,已流失,光纤,已开通电话,1,71.15
6038-GCYEC,月付套餐,已流失,宽带 DSL,未开通电话,24,54.15
2150-WLKUW,一年合约,在网,宽带 DSL,已开通电话,40,63.9
7159-FVYPK,月付套餐,在网,宽带 DSL,已开通电话,3,69.15
7032-LMBHI,一年合约,在网,宽带 DSL,已开通电话,37,64.65
1150-WFARN,两年合约,已流失,光纤,已开通电话,67,108.75
6088-BXMRG,月付套餐,在网,光纤,已开通电话,32,98.85
3144-AUDBS,月付套餐,已流失,宽带 DSL,已开通电话,6,49.15
4821-SJHJV,月付套餐,在网,光纤,已开通电话,32,89.6
7346-MEDWM,月付套餐,在网,光纤,已开通电话,59,83.25
1137-DGOWI,一年合约,在网,宽带 DSL,已开通电话,30,70.25
5616-PRTNT,月付套餐,已流失,未开通互联网,已开通电话,20,19.4
3812-LRZIR,两年合约,在网,未开通互联网,已开通电话,27,24.5
4818-QIUFN,月付套餐,已流失,光纤,已开通电话,20,79.15
9483-GCPWE,一年合约,在网,未开通互联网,已开通电话,9,20.1
4227-OJHAL,一年合约,在网,宽带 DSL,已开通电话,68,73
9220-CXRSC,两年合约,在网,宽带 DSL,已开通电话,69,61.4
4993-JCRGJ,月付套餐,在网,光纤,已开通电话,26,84.3
9537-JALFH,两年合约,在网,未开通互联网,已开通电话,69,19.9
6698-OXETB,两年合约,在网,未开通互联网,已开通电话,11,20.4
2103-ZRXFN,月付套餐,在网,宽带 DSL,已开通电话,1,50.75
3724-BSCVH,一年合约,在网,未开通互联网,已开通电话,10,20.45
4877-TSOFF,一年合约,在网,宽带 DSL,已开通电话,55,75.75
9209-NWPGU,一年合约,在网,宽带 DSL,已开通电话,44,65.4
6961-VCPMC,月付套餐,已流失,光纤,已开通电话,46,80.4
7306-YDSOI,两年合约,在网,宽带 DSL,已开通电话,69,59.75
5288-AHOUP,月付套餐,在网,光纤,已开通电话,11,78.5
6688-UZPWD,月付套餐,已流失,光纤,已开通电话,11,102
0655-YDGFJ,月付套餐,在网,宽带 DSL,已开通电话,29,48.95
8468-EHYJA,月付套餐,在网,光纤,已开通电话,57,99.65
6823-SIDFQ,一年合约,在网,未开通互联网,已开通电话,28,18.25
1097-FSPVW,月付套餐,在网,宽带 DSL,已开通电话,42,54.55
2839-RFSQE,月付套餐,已流失,未开通互联网,已开通电话,2,20.65
8328-SKJNO,一年合约,在网,宽带 DSL,未开通电话,23,40.65
7010-ZMVBF,月付套餐,在网,未开通互联网,已开通电话,18,20.45
5201-CBWYG,一年合约,在网,未开通互联网,已开通电话,62,24.8
0968-GSIKN,月付套餐,已流失,光纤,已开通电话,1,70.8
1965-DDBWU,月付套餐,已流失,光纤,已开通电话,16,89.05
9057-SIHCH,月付套餐,已流失,光纤,已开通电话,3,96.6
6352-GIGGQ,一年合约,在网,宽带 DSL,已开通电话,67,88.8
3635-QQRQD,两年合约,在网,未开通互联网,已开通电话,62,20.05
6771-XWBDM,月付套餐,已流失,光纤,已开通电话,57,104.5
2897-DOVND,月付套餐,在网,光纤,已开通电话,2,69.8
3082-YVEKW,两年合约,在网,宽带 DSL,已开通电话,23,77.15
0191-EQUUH,两年合约,在网,宽带 DSL,未开通电话,25,35.05
7134-HBPBS,两年合约,在网,光纤,已开通电话,72,108.1
3489-HHPFY,月付套餐,在网,光纤,已开通电话,2,84.05
2926-JEJJC,一年合约,在网,未开通互联网,已开通电话,8,20.2
8601-QACRS,月付套餐,已流失,宽带 DSL,已开通电话,5,50.6
4950-BDEUX,月付套餐,在网,宽带 DSL,未开通电话,35,49.2
5789-LDFXO,一年合约,在网,未开通互联网,已开通电话,24,24.6
0508-OOLTO,月付套餐,在网,光纤,已开通电话,2,71.65
2984-TBYKU,两年合约,在网,光纤,已开通电话,72,104.9
9822-WMWVG,月付套餐,在网,光纤,已开通电话,41,106.5
2391-SOORI,月付套餐,已流失,宽带 DSL,已开通电话,4,49.35
9040-KZVWO,一年合约,在网,光纤,已开通电话,26,75.5
2645-QTLMB,月付套餐,已流失,光纤,已开通电话,7,94.25
4806-HIPDW,月付套餐,已流失,光纤,已开通电话,1,68.95
1548-ARAGG,月付套餐,在网,宽带 DSL,已开通电话,4,58.5
6339-RZCBJ,两年合约,在网,宽带 DSL,已开通电话,48,78.9
4424-TKOPW,月付套餐,已流失,光纤,已开通电话,2,93.85
4415-WNGVR,一年合约,在网,宽带 DSL,已开通电话,12,79.2
2522-AHJXR,月付套餐,在网,光纤,已开通电话,60,109.45
0412-UCCNP,两年合约,在网,宽带 DSL,已开通电话,55,59.2
1816-FLZDK,月付套餐,在网,宽带 DSL,未开通电话,1,29.15
7096-UCLNH,月付套餐,在网,未开通互联网,已开通电话,1,20.05
8443-ZRDBZ,月付套餐,已流失,光纤,已开通电话,4,76.05
9136-ALYBR,月付套餐,已流失,宽带 DSL,未开通电话,1,24.45
4615-PIVVU,两年合约,在网,宽带 DSL,已开通电话,42,66.5
8885-QSQBX,月付套餐,在网,宽带 DSL,已开通电话,1,49.55
7479-NITWS,月付套餐,已流失,光纤,已开通电话,7,89.35
8617-ENBDS,月付套餐,在网,光纤,已开通电话,3,73.6
9385-NXKDA,两年合约,在网,宽带 DSL,已开通电话,72,82.65
0430-IHCDJ,月付套餐,在网,宽带 DSL,已开通电话,15,49
2959-MJHIC,月付套餐,已流失,光纤,已开通电话,4,80.35
6674-KVJHG,一年合约,在网,未开通互联网,已开通电话,11,25.2
1814-DKOLC,月付套餐,在网,未开通互联网,已开通电话,5,25.45
4201-JMNGR,月付套餐,已流失,宽带 DSL,已开通电话,1,55.8
9351-HXDMR,两年合约,在网,光纤,已开通电话,72,110.9
3537-HPKQT,月付套餐,在网,光纤,已开通电话,55,77.75
2129-ALKBS,月付套餐,在网,未开通互联网,已开通电话,40,26.2
5821-MMEIL,两年合约,在网,未开通互联网,已开通电话,57,19.9
5960-WPXQM,月付套餐,已流失,光纤,已开通电话,1,79.05
0684-AOSIH,月付套餐,已流失,光纤,已开通电话,1,95
8260-NGFNY,月付套餐,已流失,宽带 DSL,未开通电话,1,25.2
1309-XGFSN,一年合约,在网,宽带 DSL,已开通电话,52,80.85
1866-RZZQS,月付套餐,已流失,光纤,已开通电话,41,98.4
6968-URWQU,一年合约,在网,宽带 DSL,已开通电话,43,56.35
4742-TXUEX,两年合约,在网,未开通互联网,已开通电话,47,19.3
9631-XEYKE,月付套餐,在网,宽带 DSL,已开通电话,3,50.4
8631-NBHFZ,两年合约,已流失,宽带 DSL,已开通电话,66,79.4
1335-MXCSE,两年合约,在网,宽带 DSL,已开通电话,55,55.25
8873-TMKGR,一年合约,在网,未开通互联网,已开通电话,29,19.1
8800-JOOCF,月付套餐,在网,光纤,已开通电话,12,84.05
1469-LBJQJ,月付套餐,在网,光纤,已开通电话,66,105.2
4958-XCBDQ,月付套餐,已流失,光纤,已开通电话,35,101.4
8337-UPOAQ,月付套餐,已流失,光纤,已开通电话,10,89.8
0064-YIJGF,月付套餐,在网,光纤,已开通电话,27,75.75
2386-OWURY,月付套餐,在网,光纤,已开通电话,58,95.3
1725-IQNIY,两年合约,已流失,光纤,已开通电话,54,109.75
0310-VQXAM,月付套餐,在网,未开通互联网,已开通电话,9,19.85
6598-RFFVI,一年合约,已流失,未开通互联网,已开通电话,2,19.3
3453-RTHJQ,月付套餐,在网,光纤,已开通电话,6,69.1
6712-OAWRH,月付套餐,已流失,光纤,已开通电话,26,91.25
6278-FEPBZ,月付套餐,在网,未开通互联网,已开通电话,9,20.25
4280-DLSHD,月付套餐,在网,宽带 DSL,已开通电话,8,54.75
1508-DFXCU,月付套餐,在网,光纤,已开通电话,12,81.45
8614-VGMMV,月付套餐,已流失,宽带 DSL,已开通电话,15,49.1
7868-BGSZA,一年合约,在网,宽带 DSL,已开通电话,43,80.2
2800-QQUSO,月付套餐,在网,光纤,已开通电话,42,100.3
2930-UOTMB,月付套餐,已流失,宽带 DSL,已开通电话,31,65.25
7973-DZRKH,两年合约,在网,光纤,已开通电话,66,90.95
5914-DVBWJ,月付套餐,已流失,光纤,已开通电话,18,85.45
7698-YFGEZ,月付套餐,在网,未开通互联网,已开通电话,1,20
2533-QVMSK,两年合约,已流失,光纤,已开通电话,61,94.1
9773-PEQBZ,月付套餐,在网,光纤,已开通电话,10,79.85
8644-XLFBW,月付套餐,已流失,光纤,已开通电话,1,71.65
0650-BWOZN,月付套餐,在网,光纤,已开通电话,18,73.55
8625-AZYZY,月付套餐,已流失,光纤,已开通电话,24,104.65
7785-RDVIG,月付套餐,在网,未开通互联网,已开通电话,3,19.3
9602-WCXPI,一年合约,在网,未开通互联网,已开通电话,50,20.15
2903-YYTBW,月付套餐,在网,宽带 DSL,已开通电话,1,44.55
3620-MWJNE,月付套餐,在网,宽带 DSL,已开通电话,2,54.45
8573-JGCZW,一年合约,在网,未开通互联网,已开通电话,17,19.65
6837-HAEVO,两年合约,在网,光纤,已开通电话,69,105
6701-YVNQG,两年合约,在网,宽带 DSL,已开通电话,72,88.7
9306-CPCBC,月付套餐,已流失,光纤,已开通电话,3,74.25
4304-XUMGI,两年合约,在网,宽带 DSL,已开通电话,50,75.15
9504-YAZWB,两年合约,在网,未开通互联网,已开通电话,53,20.25
8819-ZBYNA,两年合约,在网,光纤,已开通电话,58,109.1
6174-NRBTZ,一年合约,在网,宽带 DSL,未开通电话,46,30.75
9481-IEBZY,月付套餐,在网,光纤,已开通电话,72,112.9
1833-VGRUM,月付套餐,已流失,光纤,已开通电话,1,74.2
6137-NICCO,月付套餐,在网,光纤,已开通电话,6,94.05
9065-ZCPQX,两年合约,在网,宽带 DSL,已开通电话,72,78.85
6402-EJMWF,月付套餐,在网,宽带 DSL,已开通电话,4,55.3
3620-EHIMZ,两年合约,在网,未开通互联网,已开通电话,52,19.35
3213-VVOLG,两年合约,在网,未开通互联网,已开通电话,0,25.35
6870-ECSHE,一年合约,在网,未开通互联网,已开通电话,2,20.45
8747-UDCOI,两年合约,在网,未开通互联网,已开通电话,65,19.35
8374-XGEJJ,月付套餐,已流失,光纤,已开通电话,43,101
2656-TABEH,月付套餐,已流失,光纤,已开通电话,4,100.2
6946-LMSQS,一年合约,已流失,光纤,已开通电话,25,89.05
4626-OZDTJ,一年合约,在网,宽带 DSL,已开通电话,51,78.65
9169-BSVIN,月付套餐,在网,宽带 DSL,已开通电话,12,74.75
2325-ZUSFD,一年合约,已流失,宽带 DSL,已开通电话,57,70.1
8194-PEEBY,一年合约,在网,未开通互联网,已开通电话,24,19.9
6872-HXFNF,一年合约,在网,宽带 DSL,已开通电话,64,58.35
3932-CMDTD,一年合约,已流失,光纤,已开通电话,4,105.65
7714-YXSMB,月付套餐,在网,光纤,已开通电话,26,100.5
8387-UGUSU,月付套餐,在网,未开通互联网,已开通电话,15,20.05
1080-BWSYE,两年合约,在网,未开通互联网,已开通电话,64,25.65
4039-HEUNW,月付套餐,已流失,光纤,已开通电话,36,96.5
1194-HVAIF,月付套餐,在网,光纤,已开通电话,27,95
0812-WUPTB,月付套餐,已流失,光纤,已开通电话,1,70.85
3594-UVONA,一年合约,已流失,宽带 DSL,已开通电话,35,85.95
0004-TLHLJ,月付套餐,已流失,光纤,已开通电话,4,73.9
1767-TGTKO,月付套餐,在网,宽带 DSL,已开通电话,8,45.45
8439-LTUGF,月付套餐,在网,未开通互联网,已开通电话,10,20
8805-JNRAZ,月付套餐,在网,宽带 DSL,已开通电话,2,49.2
5089-IFSDP,两年合约,已流失,光纤,已开通电话,58,109.45
6418-HNFED,两年合约,在网,宽带 DSL,已开通电话,51,83.25
0206-OYVOC,两年合约,在网,未开通互联网,已开通电话,46,19.25
7291-CDTMJ,月付套餐,在网,未开通互联网,已开通电话,1,19.65
7128-GGCNO,月付套餐,在网,光纤,已开通电话,46,72.8
0237-YFUTL,月付套餐,在网,光纤,已开通电话,50,109.65
7691-KGKGP,月付套餐,在网,宽带 DSL,已开通电话,53,65
6710-HSJRD,月付套餐,在网,光纤,已开通电话,61,114.1
3675-EQOZA,月付套餐,在网,未开通互联网,已开通电话,5,20.65
0840-DCNZE,一年合约,在网,宽带 DSL,已开通电话,47,86.95
1732-FEKLD,一年合约,在网,光纤,已开通电话,54,94.75
9862-KJTYK,月付套餐,在网,宽带 DSL,未开通电话,19,25.35
0479-HMSWA,两年合约,在网,光纤,已开通电话,26,105.45
5854-KSRBJ,两年合约,在网,未开通互联网,已开通电话,70,25.4
0365-BZUWY,月付套餐,在网,光纤,已开通电话,17,102.55
4817-VYYWS,月付套餐,已流失,光纤,已开通电话,30,100.2
5701-SVCWR,月付套餐,在网,未开通互联网,已开通电话,1,24
3129-AAQOU,两年合约,在网,未开通互联网,已开通电话,19,25.6
4922-CVPDX,两年合约,在网,宽带 DSL,已开通电话,26,73.5
1396-QWFBJ,月付套餐,已流失,光纤,已开通电话,21,74.05
1357-BIJKI,一年合约,在网,光纤,已开通电话,50,98.25
1099-BTKWT,一年合约,在网,宽带 DSL,未开通电话,68,54.4
5299-SJCZT,月付套餐,已流失,光纤,已开通电话,3,101.55
2018-PZKMU,月付套餐,在网,光纤,已开通电话,9,103.1
7340-KEFQE,两年合约,在网,宽带 DSL,未开通电话,51,34.2
4570-QHXHL,月付套餐,在网,宽带 DSL,已开通电话,9,43.75
2403-BCASL,一年合约,已流失,光纤,已开通电话,41,111.95
7392-YYPYJ,月付套餐,在网,光纤,已开通电话,22,100.65
2898-LSJGD,一年合约,已流失,宽带 DSL,未开通电话,21,55.95
2223-GDSHL,两年合约,在网,光纤,已开通电话,71,116.05
7359-PTSXY,月付套餐,已流失,宽带 DSL,已开通电话,1,45.75
9470-RTWDV,一年合约,在网,宽带 DSL,已开通电话,26,82
2176-OSJUV,两年合约,在网,宽带 DSL,已开通电话,71,65.15
9348-YVOMK,月付套餐,在网,宽带 DSL,已开通电话,4,44.8
8104-OSKWT,月付套餐,在网,光纤,已开通电话,12,79.8
4521-YEEHE,月付套餐,在网,光纤,已开通电话,18,88.85
4090-KPJIP,月付套餐,在网,光纤,已开通电话,3,74.95
3786-WOVKF,一年合约,在网,光纤,已开通电话,72,106.85
4503-BDXBD,月付套餐,已流失,光纤,已开通电话,11,74.95
6086-ESGRL,月付套餐,已流失,光纤,已开通电话,1,80.15
2592-HODOV,一年合约,在网,未开通互联网,已开通电话,13,19.3
3886-CERTZ,一年合约,已流失,光纤,已开通电话,72,109.25
7995-ZHHNZ,一年合约,在网,宽带 DSL,已开通电话,42,56.1
3824-RHKVR,月付套餐,在网,未开通互联网,已开通电话,17,19.7
5816-SCGFC,月付套餐,在网,宽带 DSL,已开通电话,7,51.3
5989-AXPUC,两年合约,在网,光纤,已开通电话,68,118.6
4979-HPRFL,两年合约,在网,未开通互联网,已开通电话,56,24.15
8590-OHDIW,一年合约,在网,未开通互联网,已开通电话,38,20.3
8015-IHCGW,两年合约,在网,光纤,已开通电话,72,115.5
2332-TODQS,一年合约,在网,未开通互联网,已开通电话,48,25.05
9278-VZKCD,月付套餐,在网,光纤,已开通电话,52,109.1
8008-OTEZX,一年合约,在网,未开通互联网,已开通电话,35,19.65
2773-OVBPK,两年合约,在网,光纤,已开通电话,67,111.3
5999-LCXAO,月付套餐,在网,宽带 DSL,未开通电话,1,29.9
5206-XZZQI,月付套餐,在网,光纤,已开通电话,53,80.6
4803-LBYPN,月付套餐,在网,未开通互联网,已开通电话,34,20.8
5759-RCVCB,月付套餐,已流失,宽带 DSL,未开通电话,3,35.2
6372-RFVNS,月付套餐,已流失,光纤,已开通电话,1,78.8
2139-FQHLM,月付套餐,在网,光纤,已开通电话,19,89.95
8261-GWDBQ,两年合约,在网,光纤,已开通电话,60,116.05
1093-YSWCA,两年合约,在网,未开通互联网,已开通电话,11,19.55
8938-UMKPI,月付套餐,已流失,光纤,已开通电话,47,106.4
0991-BRRFB,月付套餐,已流失,宽带 DSL,已开通电话,18,49.4
3882-IYOIJ,两年合约,在网,光纤,已开通电话,60,115.25
8749-TZYEC,两年合约,在网,未开通互联网,已开通电话,72,24.8
1755-FZQEC,一年合约,在网,未开通互联网,已开通电话,39,19.9
3115-JPJDD,一年合约,在网,光纤,已开通电话,59,81.25
5600-KTXFM,月付套餐,在网,光纤,已开通电话,2,69.95
3871-IKPYH,月付套餐,已流失,光纤,已开通电话,1,69.1
6319-IEJWJ,月付套餐,已流失,光纤,已开通电话,20,90.2
9025-AOMKI,月付套餐,已流失,光纤,已开通电话,6,93.55
6339-TBELP,两年合约,在网,光纤,已开通电话,71,86.4
7964-YESJC,月付套餐,在网,宽带 DSL,已开通电话,24,66.3
6173-GOLSU,月付套餐,在网,光纤,已开通电话,67,94.65
5275-SQEIZ,月付套餐,已流失,光纤,已开通电话,1,80.85
7716-YTYHG,一年合约,已流失,光纤,已开通电话,48,82.05
9938-ZREHM,一年合约,在网,宽带 DSL,已开通电话,37,72.1
7950-XWOVN,月付套餐,在网,宽带 DSL,未开通电话,11,34.7
4390-KYULV,月付套餐,已流失,未开通互联网,已开通电话,3,20.55
4647-MUZON,月付套餐,在网,光纤,已开通电话,18,95.95
9702-AIUJO,一年合约,在网,宽带 DSL,已开通电话,50,44.8
8849-PRIQJ,一年合约,在网,光纤,已开通电话,67,109.4
8851-RAGOV,月付套餐,在网,宽带 DSL,已开通电话,25,71.05
1304-NECVQ,月付套餐,已流失,光纤,已开通电话,2,78.55
5396-IZEPB,月付套餐,在网,未开通互联网,已开通电话,9,19.7
1729-VLAZJ,一年合约,在网,宽带 DSL,未开通电话,10,40.25
8285-ABVLB,两年合约,在网,未开通互联网,已开通电话,70,19.85
0701-TJSEF,月付套餐,在网,宽带 DSL,已开通电话,9,68.25
5712-VBOXD,月付套餐,在网,未开通互联网,已开通电话,4,20.15
6629-LADHQ,月付套餐,在网,宽带 DSL,已开通电话,2,50.95
8945-GRKHX,月付套餐,已流失,光纤,已开通电话,1,78.65
1559-DTODC,月付套餐,在网,宽带 DSL,未开通电话,19,25.15
4797-MIWUM,月付套餐,在网,未开通互联网,已开通电话,7,20.25
6959-UWKHF,月付套餐,已流失,宽带 DSL,已开通电话,1,42.9
8720-RQSBJ,月付套餐,在网,宽带 DSL,已开通电话,1,44
4537-CIBHB,一年合约,在网,未开通互联网,已开通电话,9,20.25
3815-SLMEF,月付套餐,已流失,宽带 DSL,未开通电话,3,34.25
5154-VEKBL,月付套餐,已流失,宽带 DSL,未开通电话,9,58.5
4324-AHJKS,月付套餐,在网,宽带 DSL,已开通电话,5,55.8
4355-CVPVS,一年合约,在网,光纤,已开通电话,56,88.9
4495-LHSSK,月付套餐,在网,宽带 DSL,已开通电话,18,57.65
5655-JSMZM,月付套餐,已流失,光纤,已开通电话,49,96.2
5915-ANOEI,两年合约,在网,宽带 DSL,已开通电话,70,79.15
9861-PDSZP,两年合约,在网,光纤,已开通电话,72,108.05
4505-EXZHB,月付套餐,已流失,光纤,已开通电话,6,74.4
7225-CBZPL,月付套餐,在网,光纤,已开通电话,17,94.8
6704-UTUKK,月付套餐,在网,宽带 DSL,未开通电话,29,45.9
4587-VVTOX,月付套餐,已流失,光纤,已开通电话,6,105.3
2019-HDCZY,两年合约,在网,光纤,已开通电话,63,102.6
4652-NNHNY,月付套餐,已流失,光纤,已开通电话,16,73.85
8788-DOXSU,一年合约,在网,宽带 DSL,已开通电话,59,61.35
7404-JLKQG,月付套餐,在网,宽带 DSL,已开通电话,3,57.55
7421-ZLUPA,月付套餐,在网,宽带 DSL,未开通电话,8,29.25
8972-HJWNV,月付套餐,已流失,光纤,已开通电话,7,84.55
3274-NSDWE,两年合约,在网,未开通互联网,已开通电话,68,19.6
2632-IVXVF,两年合约,在网,光纤,已开通电话,68,111.75
3692-JHONH,一年合约,在网,光纤,已开通电话,52,106.5
8915-NNTRC,两年合约,在网,光纤,已开通电话,72,107.7
5914-GXMDA,一年合约,在网,未开通互联网,已开通电话,32,19.3
7463-IFMQU,两年合约,在网,未开通互联网,已开通电话,72,20.05
2920-RNCEZ,月付套餐,在网,光纤,已开通电话,1,69.95
2541-YGPKE,一年合约,在网,宽带 DSL,已开通电话,42,63.7
8515-OCTJS,两年合约,已流失,未开通互联网,已开通电话,25,24.75
5382-TEMLV,月付套餐,在网,宽带 DSL,已开通电话,45,50.9
3441-CGZJH,一年合约,在网,宽带 DSL,未开通电话,43,60.4
9592-ERDKV,一年合约,在网,宽带 DSL,已开通电话,37,79.25
2860-RANUS,月付套餐,已流失,光纤,已开通电话,20,85.8
5261-QSHQM,月付套餐,已流失,宽带 DSL,未开通电话,4,24.45
4778-IZARL,两年合约,在网,光纤,已开通电话,63,110.1
0432-CAJZV,月付套餐,在网,光纤,已开通电话,3,90.7
7008-LZVOZ,两年合约,在网,未开通互联网,已开通电话,66,25.3
8868-WOZGU,月付套餐,已流失,光纤,已开通电话,28,105.7
1200-TUZHR,月付套餐,在网,光纤,已开通电话,8,85.2
9365-CSLBQ,两年合约,在网,未开通互联网,已开通电话,71,24.35
1334-FJSVR,月付套餐,已流失,宽带 DSL,未开通电话,1,24.25
5884-FBCTL,两年合约,在网,未开通互联网,已开通电话,72,25.1
7130-CTCUS,月付套餐,在网,宽带 DSL,已开通电话,16,54.55
6242-FEGFD,两年合约,在网,光纤,已开通电话,66,96.6
7625-XCQRH,月付套餐,已流失,光纤,已开通电话,11,76.5
6194-HBGQN,一年合约,在网,宽带 DSL,已开通电话,51,81.15
7634-WSWDB,月付套餐,在网,宽带 DSL,未开通电话,8,38.5
6986-IXNDM,月付套餐,在网,光纤,已开通电话,14,92.9
1731-TVIUK,月付套餐,已流失,光纤,已开通电话,4,93.5
2987-BJXIK,两年合约,在网,宽带 DSL,已开通电话,70,84.7
9769-TSBZE,两年合约,在网,宽带 DSL,已开通电话,70,66
0406-BPDVR,一年合约,已流失,光纤,已开通电话,54,101.5
0618-XWMSS,月付套餐,已流失,光纤,已开通电话,28,74.9
1395-WSWXR,两年合约,在网,未开通互联网,已开通电话,24,20.75
6023-GSSXW,两年合约,在网,宽带 DSL,已开通电话,69,61.45
6752-APNJL,月付套餐,在网,宽带 DSL,已开通电话,42,54.5
5276-KQWHG,月付套餐,已流失,光纤,已开通电话,2,69.6
0420-HLGXF,月付套餐,在网,光纤,已开通电话,39,99.75
7446-KQISO,两年合约,在网,光纤,已开通电话,45,109.75
9823-EALYC,两年合约,在网,宽带 DSL,已开通电话,72,80.85
0582-AVCLN,两年合约,在网,未开通互联网,已开通电话,38,20.3
5803-NQJZO,两年合约,在网,宽带 DSL,已开通电话,72,67.8
2565-JSLRY,月付套餐,已流失,未开通互联网,已开通电话,1,24.05
2607-DHDAK,两年合约,在网,未开通互联网,已开通电话,72,19.8
1073-XXCZD,两年合约,在网,未开通互联网,已开通电话,55,25.7
0743-HRVFF,一年合约,在网,宽带 DSL,未开通电话,51,56.15
4006-HKYHO,两年合约,在网,宽带 DSL,已开通电话,63,86.7
3727-JEZTU,月付套餐,在网,未开通互联网,已开通电话,1,20.4
8143-ETQTI,两年合约,在网,未开通互联网,已开通电话,23,19.65
6689-KXGBO,月付套餐,已流失,宽带 DSL,已开通电话,1,50.55
9667-TKTVZ,月付套餐,在网,宽带 DSL,已开通电话,2,54.35
3657-COGMW,月付套餐,在网,光纤,已开通电话,52,108.1
8570-KLJYJ,一年合约,在网,宽带 DSL,已开通电话,36,54.45
7754-IXRMC,月付套餐,在网,宽带 DSL,已开通电话,1,45.35
9473-CBZOP,一年合约,在网,宽带 DSL,已开通电话,28,59
2969-WGHQO,一年合约,在网,宽带 DSL,已开通电话,7,69.45
6615-NGGZJ,月付套餐,已流失,光纤,已开通电话,14,100.55
4334-HOWRP,两年合约,在网,宽带 DSL,未开通电话,72,64.95
4255-DDUOU,月付套餐,已流失,未开通互联网,已开通电话,1,20.5
5863-OOKCL,月付套餐,在网,未开通互联网,已开通电话,10,18.85
1686-STUHN,一年合约,在网,未开通互联网,已开通电话,42,19.8
1329-VHWNP,月付套餐,在网,宽带 DSL,未开通电话,7,25.05
2984-MIIZL,月付套餐,已流失,光纤,已开通电话,4,74.8
0266-GMEAO,两年合约,在网,光纤,已开通电话,72,114.3
5590-YRFJT,月付套餐,已流失,宽带 DSL,未开通电话,20,24.45
5574-NXZIU,两年合约,在网,光纤,已开通电话,63,109.2
0019-GFNTW,两年合约,在网,宽带 DSL,未开通电话,56,45.05
4256-ZWTZI,月付套餐,在网,宽带 DSL,已开通电话,5,51
8309-PPCED,两年合约,在网,光纤,已开通电话,72,110.45
4098-NAUKP,月付套餐,在网,光纤,已开通电话,68,84.65
5196-WPYOW,一年合约,在网,宽带 DSL,已开通电话,67,60.05
4608-LCIMN,月付套餐,在网,宽带 DSL,已开通电话,8,44.65
1485-YDHMM,月付套餐,在网,光纤,已开通电话,52,93.25
4054-CUMIA,月付套餐,在网,未开通互联网,已开通电话,18,20.25
0603-TPMIB,两年合约,在网,未开通互联网,已开通电话,59,25.45
2525-GVKQU,两年合约,在网,未开通互联网,已开通电话,60,20.6
8161-QYMTT,月付套餐,在网,光纤,已开通电话,7,94.1
9581-GVBXT,一年合约,在网,宽带 DSL,未开通电话,59,34.8
5862-BRIXZ,两年合约,在网,宽带 DSL,未开通电话,46,60.75
5404-GGUKR,月付套餐,在网,宽带 DSL,已开通电话,5,51.35
3308-JSGML,两年合约,在网,宽带 DSL,未开通电话,59,64.05
2126-GSEGL,两年合约,在网,宽带 DSL,已开通电话,70,84.8
3677-TNKIO,月付套餐,已流失,光纤,已开通电话,14,71
0440-QEXBZ,月付套餐,在网,宽带 DSL,已开通电话,44,50.15
2434-EEVDB,两年合约,在网,光纤,已开通电话,64,94.6
6762-QVYJO,两年合约,在网,宽带 DSL,未开通电话,58,59.75
6199-IWKGC,一年合约,在网,光纤,已开通电话,46,100.25
2675-DHUTR,月付套餐,在网,光纤,已开通电话,58,98.9
8152-VETUR,两年合约,在网,光纤,已开通电话,72,97.7
9667-EQRXU,月付套餐,已流失,宽带 DSL,未开通电话,30,40.3
7446-YPODE,月付套餐,在网,宽带 DSL,已开通电话,11,60.25
9522-BNTHX,月付套餐,在网,宽带 DSL,未开通电话,34,56.25
4676-WLUHT,两年合约,在网,宽带 DSL,未开通电话,54,46.2
3329-WDIOK,月付套餐,已流失,宽带 DSL,未开通电话,3,50.6
7980-MHFLQ,两年合约,在网,未开通互联网,已开通电话,72,24.9
2873-ZLIWT,月付套餐,已流失,光纤,已开通电话,40,84.85
3415-TAILE,月付套餐,已流失,宽带 DSL,已开通电话,2,65.7
0757-WCUUZ,两年合约,在网,宽带 DSL,已开通电话,54,63.35
1629-DQQVB,月付套餐,在网,宽带 DSL,已开通电话,14,50.1
1915-IOFGU,月付套餐,已流失,光纤,已开通电话,1,70.5
3045-XETSH,月付套餐,已流失,光纤,已开通电话,10,94.85
0374-AACSZ,月付套餐,在网,宽带 DSL,已开通电话,1,50.15
7239-HZZCX,月付套餐,已流失,未开通互联网,已开通电话,1,19.75
4872-VXRIL,一年合约,在网,宽带 DSL,已开通电话,56,64.65
9140-CZQZZ,两年合约,在网,宽带 DSL,已开通电话,68,79.6
3423-HHXAO,一年合约,在网,未开通互联网,已开通电话,14,19.5
9938-TKDGL,两年合约,在网,光纤,已开通电话,68,99.55
0531-ZZJWQ,月付套餐,在网,光纤,已开通电话,55,74
6537-QLGEX,月付套餐,在网,宽带 DSL,未开通电话,16,38.9
2688-BHGOG,月付套餐,在网,光纤,已开通电话,9,79.55
7683-CBDKJ,月付套餐,已流失,宽带 DSL,已开通电话,14,65.45
0946-CLJTI,月付套餐,已流失,光纤,已开通电话,58,98.7
3160-TYXLT,月付套餐,在网,宽带 DSL,未开通电话,53,46.3
1325-USMEC,两年合约,在网,光纤,已开通电话,70,99.35
0916-QOFDP,月付套餐,在网,光纤,已开通电话,14,95.8
0628-CNQRM,一年合约,已流失,宽带 DSL,已开通电话,22,67.5
5606-AMZBO,月付套餐,在网,光纤,已开通电话,10,78.15
6199-IPCAO,两年合约,在网,未开通互联网,已开通电话,29,26.1
7665-TOALD,月付套餐,已流失,光纤,已开通电话,1,69.6
0112-QWPNC,一年合约,已流失,宽带 DSL,已开通电话,49,84.35
0324-BRPCJ,月付套餐,已流失,光纤,已开通电话,68,100.2
2777-PHDEI,月付套餐,已流失,光纤,已开通电话,1,78.05
5640-CAXOA,一年合约,在网,宽带 DSL,未开通电话,30,40.35
2235-EZAIK,两年合约,在网,宽带 DSL,已开通电话,72,79.2
3847-BAERP,月付套餐,在网,未开通互联网,已开通电话,10,20.9
1196-AMORA,月付套餐,已流失,光纤,已开通电话,7,73.6
4282-YMKNA,月付套餐,已流失,光纤,已开通电话,9,74.75
1453-RZFON,月付套餐,在网,宽带 DSL,已开通电话,1,49.9
8263-OKETD,月付套餐,在网,宽带 DSL,已开通电话,20,68.9
0670-KDOMA,月付套餐,在网,未开通互联网,已开通电话,1,20.25
2476-YGEFM,月付套餐,在网,光纤,已开通电话,29,76
8687-BAFGU,月付套餐,在网,光纤,已开通电话,1,74
0641-EVBOJ,月付套餐,在网,光纤,已开通电话,3,82.3
0829-XXPLX,月付套餐,在网,光纤,已开通电话,20,89.4
9974-JFBHQ,月付套餐,在网,光纤,已开通电话,64,99.15
5356-RHIPP,月付套餐,已流失,未开通互联网,已开通电话,1,20.2
6624-JDRDS,月付套餐,在网,宽带 DSL,未开通电话,6,29.45
0608-JDVEC,两年合约,在网,未开通互联网,已开通电话,50,19.8
9780-FKVVF,月付套餐,在网,宽带 DSL,已开通电话,6,59.15
1919-RTPQD,月付套餐,在网,宽带 DSL,已开通电话,7,44.75
5214-NLTIT,两年合约,在网,光纤,已开通电话,72,90.8
3345-PBBFH,月付套餐,在网,宽带 DSL,已开通电话,8,49.55
5055-BRMNE,两年合约,在网,光纤,已开通电话,67,106.7
9189-JWSHV,月付套餐,已流失,光纤,已开通电话,24,93.55
2190-PHBHR,两年合约,在网,光纤,已开通电话,72,94.45
2650-GYRYL,一年合约,在网,未开通互联网,已开通电话,33,19.45
0746-JTRFU,月付套餐,已流失,宽带 DSL,未开通电话,2,25.05
5208-FVQKB,两年合约,在网,宽带 DSL,已开通电话,70,67.95
7184-LRUUR,一年合约,在网,宽带 DSL,已开通电话,22,65.25
6627-CFOSN,月付套餐,在网,光纤,已开通电话,59,99.45
3982-JGSFD,一年合约,在网,未开通互联网,已开通电话,36,20.35
1574-DYCWE,两年合约,在网,未开通互联网,已开通电话,51,19.95
7247-XOZPB,一年合约,在网,宽带 DSL,已开通电话,53,77.4
2466-FCCPT,一年合约,在网,未开通互联网,已开通电话,20,19.7
6211-WWLTF,两年合约,在网,光纤,已开通电话,63,99.7
4826-TZEVA,月付套餐,在网,光纤,已开通电话,40,74.8
6016-NXBNJ,一年合约,在网,未开通互联网,已开通电话,35,19.15
9138-EFSMO,一年合约,在网,光纤,已开通电话,26,78.95
0576-WNXXC,月付套餐,已流失,光纤,已开通电话,27,95.55
4632-XJMEX,一年合约,在网,宽带 DSL,已开通电话,53,62.85
8910-LEDAG,月付套餐,在网,光纤,已开通电话,34,71.55
3452-GWUIN,月付套餐,在网,光纤,已开通电话,19,94.95
2716-GFZOR,月付套餐,在网,光纤,已开通电话,43,86.1
3724-UCSHY,月付套餐,在网,未开通互联网,已开通电话,6,19.55
8626-XHBIE,两年合约,在网,未开通互联网,已开通电话,56,24.8
4628-CTTLA,月付套餐,已流失,宽带 DSL,未开通电话,57,39.3
3192-LNKRK,月付套餐,在网,光纤,已开通电话,34,84.05
4439-YRNVD,月付套餐,在网,宽带 DSL,未开通电话,10,36.25
2876-VBBBL,月付套餐,已流失,未开通互联网,已开通电话,1,20.25
6834-NXDCA,月付套餐,已流失,宽带 DSL,未开通电话,13,23.9
2208-UGTGR,月付套餐,在网,光纤,已开通电话,56,98.6
3005-TYFRD,月付套餐,在网,光纤,已开通电话,55,103.65
8670-MEFCP,两年合约,在网,宽带 DSL,已开通电话,36,92.9
3079-BCHLN,一年合约,在网,未开通互联网,已开通电话,47,19.9
7777-UNYHB,月付套餐,在网,未开通互联网,已开通电话,12,20.1
5597-GLBUC,月付套餐,已流失,光纤,已开通电话,1,85.45
7278-CKDNC,月付套餐,在网,光纤,已开通电话,24,80.5
2748-MYRVK,一年合约,已流失,光纤,已开通电话,63,99.9
8450-UYIBU,月付套餐,在网,宽带 DSL,未开通电话,35,39.85
2969-VAPYH,一年合约,在网,宽带 DSL,已开通电话,67,60.5
4822-YCXMX,月付套餐,已流失,光纤,已开通电话,25,84.8
7181-OQCUT,月付套餐,在网,光纤,已开通电话,21,103.85
8474-UMLNT,月付套餐,在网,宽带 DSL,已开通电话,13,67.8
9821-POOTN,月付套餐,已流失,光纤,已开通电话,35,75.2
3836-FZSDJ,两年合约,在网,未开通互联网,已开通电话,71,24.85
9142-XMYJH,月付套餐,在网,未开通互联网,已开通电话,29,19.35
6559-ILWKJ,两年合约,已流失,宽带 DSL,未开通电话,71,49.35
0187-QSXOE,月付套餐,在网,光纤,已开通电话,7,89
7733-UDMTP,月付套餐,在网,宽带 DSL,未开通电话,57,55
2649-HWLYB,两年合约,在网,宽带 DSL,已开通电话,65,76.15
5214-CHIWJ,一年合约,在网,未开通互联网,已开通电话,27,20.3
4229-CZMLL,月付套餐,已流失,光纤,已开通电话,6,74.9
6904-JLBGY,两年合约,在网,光纤,已开通电话,72,117.35
2465-BLLEU,月付套餐,在网,未开通互联网,已开通电话,1,19.75
1685-VAYJF,月付套餐,在网,宽带 DSL,已开通电话,11,45.2
8874-EJNSR,两年合约,在网,未开通互联网,已开通电话,39,25.2
6917-YACBP,月付套餐,在网,光纤,已开通电话,59,89.75
5049-MUBWG,一年合约,在网,宽带 DSL,已开通电话,26,75
4223-WOZCM,月付套餐,在网,宽带 DSL,已开通电话,2,49.95
0769-MURVM,两年合约,在网,宽带 DSL,未开通电话,72,65.7
9253-VIFJQ,一年合约,在网,宽带 DSL,已开通电话,65,67.05
7030-FZTFM,两年合约,在网,光纤,已开通电话,72,110.9
9741-YLNTD,月付套餐,在网,光纤,已开通电话,6,87.95
5917-RYRMG,一年合约,在网,未开通互联网,已开通电话,32,19.8
5120-ZBLAI,一年合约,在网,宽带 DSL,已开通电话,50,75.7
1194-BHJYC,两年合约,在网,宽带 DSL,未开通电话,61,62.15
3663-MITLP,月付套餐,已流失,光纤,已开通电话,15,101.25
0906-QVPMS,两年合约,在网,光纤,已开通电话,72,115.15
9025-ZRPVR,月付套餐,已流失,未开通互联网,已开通电话,9,18.95
1905-OEILC,月付套餐,在网,未开通互联网,已开通电话,1,19.5
7858-GTZSP,月付套餐,在网,光纤,已开通电话,12,86.55
3285-UCQVC,月付套餐,已流失,宽带 DSL,未开通电话,37,28.6
6248-BSHKG,一年合约,在网,未开通互联网,已开通电话,61,20.4
4685-TFLLS,一年合约,在网,未开通互联网,已开通电话,18,19.8
3470-BTGQO,月付套餐,在网,宽带 DSL,已开通电话,21,45.65
1209-VFFOC,两年合约,在网,宽带 DSL,未开通电话,68,56.4
8224-DWCKX,月付套餐,在网,光纤,已开通电话,12,73.3
5482-PLVPE,月付套餐,已流失,宽带 DSL,未开通电话,2,24.35
4553-DVPZG,月付套餐,在网,光纤,已开通电话,62,101.35
4902-OHLSK,月付套餐,已流失,光纤,已开通电话,29,98.65
6917-IAYHD,月付套餐,在网,宽带 DSL,未开通电话,1,33.6
0495-ZBNGW,月付套餐,已流失,光纤,已开通电话,5,79.9
8620-RJPZN,月付套餐,在网,未开通互联网,已开通电话,1,20.7
7572-KPVKK,两年合约,在网,光纤,已开通电话,62,104.05
2642-MAWLJ,两年合约,在网,未开通互联网,已开通电话,36,20.25
2357-COQEK,月付套餐,已流失,光纤,已开通电话,28,103.3
7103-ZGVNT,一年合约,在网,宽带 DSL,已开通电话,69,73.7
3737-GCSPV,月付套餐,已流失,光纤,已开通电话,11,96.2
2027-WKXMW,月付套餐,在网,光纤,已开通电话,63,108.75
7137-NAXML,一年合约,在网,未开通互联网,已开通电话,23,20.15
2428-ZMCTB,月付套餐,在网,未开通互联网,已开通电话,10,19.75
2961-VNFKL,两年合约,在网,未开通互联网,已开通电话,71,25.95
1768-HNVGJ,月付套餐,在网,宽带 DSL,已开通电话,45,70.05
6963-KQYQB,两年合约,在网,未开通互联网,已开通电话,70,24.05
5934-RMPOV,月付套餐,在网,光纤,已开通电话,22,84.75
1207-BLKSA,两年合约,在网,未开通互联网,已开通电话,52,23.05
4088-YLDSU,一年合约,已流失,光纤,已开通电话,55,104.15
8316-BBQAY,两年合约,在网,宽带 DSL,未开通电话,65,59.95
1166-PQLGG,两年合约,在网,未开通互联网,已开通电话,72,19.55
3146-JTQHR,一年合约,在网,未开通互联网,已开通电话,10,19.6
4291-YZODP,一年合约,在网,未开通互联网,已开通电话,7,20.05
4395-PZMSN,月付套餐,在网,光纤,已开通电话,5,85.55
6427-FEFIG,两年合约,在网,宽带 DSL,已开通电话,24,78.6
0017-IUDMW,两年合约,在网,光纤,已开通电话,72,116.8
8706-HRADD,月付套餐,在网,宽带 DSL,未开通电话,21,43.55
9955-QOPOY,一年合约,在网,宽带 DSL,未开通电话,69,60.8
4385-ZKVNW,月付套餐,在网,宽带 DSL,已开通电话,44,54.9
5446-DKWYW,一年合约,在网,宽带 DSL,已开通电话,61,65.2
2034-CGRHZ,月付套餐,已流失,光纤,已开通电话,24,102.95
5797-APWZC,月付套餐,已流失,光纤,已开通电话,1,90.6
3683-QKIUE,月付套餐,已流失,宽带 DSL,已开通电话,6,50.8
4228-ZGYUW,月付套餐,已流失,光纤,已开通电话,4,90.05
9031-ZVQPT,两年合约,在网,光纤,已开通电话,72,108.2
2990-IAJSV,两年合约,在网,宽带 DSL,已开通电话,72,92
8107-KNCIM,月付套餐,在网,光纤,已开通电话,14,75.1
9027-YFHQJ,月付套餐,在网,未开通互联网,已开通电话,7,25.05
5176-LDKUH,一年合约,在网,光纤,已开通电话,48,75.15
4644-OBGFZ,一年合约,在网,未开通互联网,已开通电话,55,19.5
7926-IJOOU,月付套餐,在网,未开通互联网,已开通电话,1,19.3
6480-YAGIY,一年合约,在网,光纤,已开通电话,45,112.2
4029-HPFVY,月付套餐,在网,光纤,已开通电话,3,70.3
7602-DBTOU,两年合约,在网,未开通互联网,已开通电话,71,19.6
5345-BMKWB,月付套餐,在网,未开通互联网,已开通电话,8,20.25
3519-ZKXGG,月付套餐,已流失,光纤,已开通电话,3,75.85
5457-COLHT,两年合约,在网,宽带 DSL,已开通电话,69,80.65
6416-TVAIH,月付套餐,已流失,光纤,已开通电话,1,68.5
5451-YHYPW,两年合约,在网,光纤,已开通电话,72,115.75
5108-ADXWO,月付套餐,已流失,光纤,已开通电话,11,73.5
7998-WNZEM,两年合约,在网,宽带 DSL,已开通电话,71,80.6
3066-RRJIO,月付套餐,已流失,光纤,已开通电话,1,69.95
4664-NJCMS,两年合约,在网,宽带 DSL,未开通电话,33,59.55
0307-BCOPK,一年合约,在网,未开通互联网,已开通电话,16,19.05
7629-WFGLW,一年合约,在网,光纤,已开通电话,56,95.65
2542-HYGIQ,月付套餐,在网,未开通互联网,已开通电话,1,19.95
6715-OFDBP,月付套餐,已流失,宽带 DSL,已开通电话,5,70.05
5016-LIPDW,一年合约,在网,未开通互联网,已开通电话,57,19.4
6481-LXPWL,一年合约,在网,宽带 DSL,未开通电话,56,36.1
1567-DSCIC,月付套餐,已流失,光纤,已开通电话,8,94
2150-UWTFY,月付套餐,已流失,宽带 DSL,已开通电话,22,61.15
6124-ACRHJ,月付套餐,在网,未开通互联网,已开通电话,1,19.75
9362-MWODR,月付套餐,在网,宽带 DSL,已开通电话,40,64.1
9975-GPKZU,两年合约,在网,未开通互联网,已开通电话,46,19.75
9625-RZFUK,两年合约,在网,未开通互联网,已开通电话,63,19.7
5153-LXKDT,两年合约,在网,光纤,已开通电话,68,110.2
5161-UBZXI,两年合约,在网,光纤,已开通电话,69,106.35
1020-JPQOW,月付套餐,在网,光纤,已开通电话,56,90.55
7919-ZODZZ,一年合约,在网,宽带 DSL,已开通电话,10,65.9
0565-JUPYD,一年合约,在网,光纤,已开通电话,63,104.5
6867-ACCZI,两年合约,在网,宽带 DSL,未开通电话,24,52.5
5939-XAIXZ,月付套餐,在网,宽带 DSL,已开通电话,19,56.1
9054-FOWNV,月付套餐,在网,光纤,已开通电话,22,88.75
2683-BPJSO,月付套餐,已流失,光纤,已开通电话,29,84.45
2157-MXBJS,一年合约,已流失,宽带 DSL,已开通电话,13,75.3
8207-VVMYB,两年合约,在网,未开通互联网,已开通电话,70,26
9732-EQMWY,月付套餐,在网,光纤,已开通电话,49,99.4
9360-AHGNL,一年合约,已流失,光纤,已开通电话,43,109.55
1087-UDSIH,月付套餐,已流失,未开通互联网,已开通电话,3,19.6
5269-NRGDP,一年合约,在网,宽带 DSL,已开通电话,42,73.15
6195-MELTI,一年合约,在网,宽带 DSL,已开通电话,57,54.65
5485-WUYWF,月付套餐,已流失,宽带 DSL,已开通电话,2,66.4
2121-JAFOM,两年合约,在网,光纤,已开通电话,72,115.55
8818-DOPVL,月付套餐,在网,光纤,已开通电话,46,104.45
2632-UCGVD,月付套餐,已流失,光纤,已开通电话,66,100.05
5445-PZWGX,一年合约,已流失,光纤,已开通电话,62,102
1227-UDMZR,两年合约,在网,宽带 DSL,已开通电话,72,91.15
5198-HQAEN,一年合约,在网,光纤,已开通电话,35,89.7
9170-CCKOU,月付套餐,已流失,光纤,已开通电话,17,90.2
2167-FQSTQ,两年合约,在网,宽带 DSL,已开通电话,72,92.4
2819-GWENI,一年合约,在网,未开通互联网,已开通电话,28,19.9
1043-YCUTE,两年合约,已流失,未开通互联网,已开通电话,56,25.15
3814-MLAXC,月付套餐,已流失,光纤,已开通电话,31,79.85
3572-UUHRS,一年合约,在网,未开通互联网,已开通电话,45,18.85
2692-PFYTJ,月付套餐,在网,未开通互联网,已开通电话,1,25.75
1226-UDFZR,月付套餐,已流失,宽带 DSL,已开通电话,2,49.6
5955-EPOAZ,月付套餐,在网,未开通互联网,已开通电话,6,20.95
6821-JPCDC,一年合约,在网,光纤,已开通电话,48,97.05
8815-LMFLX,月付套餐,在网,未开通互联网,已开通电话,25,25.4
9135-HSWOC,两年合约,在网,未开通互联网,已开通电话,64,19.7
8582-KRHPJ,月付套餐,在网,宽带 DSL,未开通电话,50,35
5811-IWXYM,一年合约,在网,光纤,已开通电话,52,101.25
7044-YAACC,月付套餐,在网,光纤,已开通电话,4,70.2
8189-XRIKE,月付套餐,在网,光纤,已开通电话,32,90.95
1506-YJTYT,两年合约,在网,宽带 DSL,已开通电话,45,73.85
4123-DVHPH,月付套餐,在网,光纤,已开通电话,9,88.05
6425-YQLLO,一年合约,已流失,光纤,已开通电话,66,105.95
5442-UTCVD,月付套餐,已流失,光纤,已开通电话,3,91.85
2228-BZDEE,两年合约,在网,未开通互联网,已开通电话,54,20.1
7734-DBOAI,月付套餐,已流失,宽带 DSL,未开通电话,1,40.1
2789-CZANW,两年合约,在网,光纤,已开通电话,64,110.3
2091-RFFBA,月付套餐,已流失,光纤,已开通电话,31,73.9
2114-MGINA,月付套餐,已流失,光纤,已开通电话,14,89.8
7596-LDUXP,一年合约,在网,光纤,已开通电话,12,85.15
3740-RLMVT,一年合约,在网,宽带 DSL,已开通电话,67,60.95
4489-SNOJF,月付套餐,已流失,宽带 DSL,已开通电话,35,72.25
2192-OZITF,两年合约,在网,宽带 DSL,已开通电话,45,73.55
5651-CPDND,月付套餐,在网,宽带 DSL,已开通电话,10,46
2186-QZEYA,月付套餐,在网,宽带 DSL,已开通电话,29,58.55
1131-ALZWV,一年合约,在网,未开通互联网,已开通电话,24,24.6
7729-XBTWX,两年合约,在网,未开通互联网,已开通电话,66,19.75
9134-WYRVP,一年合约,在网,光纤,已开通电话,51,86.35
3284-SVCRO,两年合约,在网,未开通互联网,已开通电话,45,25.5
9732-OUYRN,一年合约,在网,未开通互联网,已开通电话,49,19
0559-CKHUS,两年合约,在网,未开通互联网,已开通电话,29,19.55
2931-SVLTV,月付套餐,在网,光纤,已开通电话,40,110.1
6899-PPEEA,月付套餐,已流失,光纤,已开通电话,37,96.55
7504-UWHNB,月付套餐,在网,光纤,已开通电话,25,69.75
2582-FFFZR,月付套餐,在网,宽带 DSL,未开通电话,22,50.6
8908-NMQTX,两年合约,在网,宽带 DSL,未开通电话,72,65.6
2187-LZGPL,月付套餐,已流失,宽带 DSL,未开通电话,7,40.1
1431-AIDJQ,两年合约,在网,宽带 DSL,已开通电话,33,82.1
6288-LBEAR,月付套餐,在网,光纤,已开通电话,23,79.1
4597-NUCQV,月付套餐,已流失,光纤,已开通电话,24,101.25
9019-QVLZD,月付套餐,已流失,光纤,已开通电话,1,79.55
8413-YNHNV,两年合约,在网,宽带 DSL,已开通电话,69,90.65
5808-TOTXO,一年合约,在网,未开通互联网,已开通电话,3,20.55
4369-NYSCF,一年合约,在网,宽带 DSL,已开通电话,56,75.75
6333-YDVLT,一年合约,在网,光纤,已开通电话,65,110
5324-KTGCG,一年合约,在网,未开通互联网,已开通电话,71,20.85
5599-HVLTW,月付套餐,在网,光纤,已开通电话,14,80.35
7394-LWLYN,月付套餐,在网,光纤,已开通电话,2,70.15
3707-LRWZD,一年合约,已流失,光纤,已开通电话,32,84.05
6873-UDNLD,月付套餐,在网,宽带 DSL,已开通电话,40,67.45
2700-LUEVA,月付套餐,在网,未开通互联网,已开通电话,1,20.75
1455-ESIQH,月付套餐,已流失,光纤,已开通电话,1,89.1
0958-YHXGP,月付套餐,在网,光纤,已开通电话,7,69.9
1101-SSWAG,月付套餐,在网,宽带 DSL,已开通电话,15,51.1
2979-SXESE,月付套餐,已流失,光纤,已开通电话,17,94.4
4013-TLDHQ,月付套餐,已流失,光纤,已开通电话,19,78.25
5743-KHMNA,两年合约,在网,未开通互联网,已开通电话,71,25.55
4194-FJARJ,两年合约,在网,宽带 DSL,已开通电话,54,60
5325-UWTWJ,月付套餐,在网,光纤,已开通电话,31,90.55
3969-GYXEL,月付套餐,在网,光纤,已开通电话,11,76.4
9208-OLGAQ,月付套餐,在网,光纤,已开通电话,18,84.95
3244-CQPHU,两年合约,在网,光纤,已开通电话,72,110.1
2674-MLXMN,月付套餐,在网,光纤,已开通电话,71,99.65
9708-HPXWZ,月付套餐,在网,宽带 DSL,未开通电话,5,45.4
6992-TKNYO,一年合约,在网,宽带 DSL,已开通电话,38,69
4468-YDOVK,月付套餐,在网,宽带 DSL,已开通电话,5,48.65
3754-DXMRT,月付套餐,已流失,宽带 DSL,已开通电话,2,44.15
5792-JALQC,两年合约,在网,宽带 DSL,已开通电话,52,59.85
7130-VTEWQ,月付套餐,已流失,光纤,已开通电话,8,75.75
2200-DSAAL,两年合约,在网,宽带 DSL,已开通电话,68,80.65
4302-ZYFEL,一年合约,在网,未开通互联网,已开通电话,69,20.55
9351-LZYGF,月付套餐,在网,宽带 DSL,已开通电话,42,66.4
4366-CTOUZ,两年合约,在网,光纤,已开通电话,50,100.2
6121-VZNQB,月付套餐,已流失,未开通互联网,已开通电话,1,19.1
7903-CMPEY,月付套餐,已流失,光纤,已开通电话,1,80.3
1518-OMDIK,月付套餐,在网,宽带 DSL,已开通电话,33,44.55
6671-NGWON,月付套餐,在网,未开通互联网,已开通电话,7,20.35
0595-ITUDF,月付套餐,在网,光纤,已开通电话,64,91.8
6996-KNSML,月付套餐,已流失,光纤,已开通电话,1,74.9
1955-IBMMB,两年合约,在网,未开通互联网,已开通电话,59,20.2
0096-BXERS,月付套餐,在网,宽带 DSL,已开通电话,6,50.35
3806-YAZOV,月付套餐,在网,未开通互联网,已开通电话,3,18.8
7998-ZLXWN,月付套餐,在网,未开通互联网,已开通电话,15,20.45
6253-WRFHY,一年合约,在网,宽带 DSL,已开通电话,13,64.75
9133-AYJZG,月付套餐,在网,光纤,已开通电话,23,98.7
2675-OTVVJ,月付套餐,在网,光纤,已开通电话,31,89.45
8680-CGLTP,一年合约,在网,宽带 DSL,已开通电话,29,58.75
8430-TWCBX,一年合约,在网,未开通互联网,已开通电话,49,20.7
5018-GWURO,月付套餐,在网,光纤,已开通电话,56,85.6
6741-QRLUP,两年合约,在网,宽带 DSL,已开通电话,63,80.3
4737-HOBAX,两年合约,在网,宽带 DSL,已开通电话,63,79.8
0537-QYZZN,月付套餐,在网,光纤,已开通电话,24,79.85
3340-QBBFM,一年合约,在网,宽带 DSL,已开通电话,36,54.1
1704-NRWYE,月付套餐,已流失,光纤,已开通电话,9,80.85
2592-SEIFQ,月付套餐,已流失,宽带 DSL,未开通电话,3,24.75
8200-KLNYW,一年合约,在网,宽带 DSL,已开通电话,21,80.9
3372-CDXFJ,一年合约,在网,未开通互联网,已开通电话,13,24.5
4781-ZXYGU,月付套餐,在网,未开通互联网,已开通电话,1,20.15
7632-YUTXB,一年合约,在网,未开通互联网,已开通电话,25,20.05
2718-YSKCS,两年合约,在网,未开通互联网,已开通电话,71,19.6
9896-UYMIE,一年合约,在网,光纤,已开通电话,66,114.3
0853-NWIFK,一年合约,在网,光纤,已开通电话,45,100.3
8212-CRQXP,月付套餐,在网,光纤,已开通电话,22,80
6980-CDGFC,一年合约,在网,未开通互联网,已开通电话,67,20.85
7691-XVTZH,两年合约,在网,光纤,已开通电话,68,89.95
2520-SGTTA,两年合约,在网,未开通互联网,已开通电话,0,20
7481-ATQQS,月付套餐,已流失,光纤,已开通电话,49,90.85
2277-VWCNI,月付套餐,在网,宽带 DSL,已开通电话,4,48.75
1088-CNNKB,一年合约,在网,宽带 DSL,已开通电话,63,80
8642-GVWRF,月付套餐,已流失,光纤,已开通电话,2,79.7
1930-BZLHI,一年合约,在网,未开通互联网,已开通电话,21,20.35
3400-ESFUW,两年合约,已流失,宽带 DSL,已开通电话,55,57.55
5868-YTYKS,月付套餐,在网,未开通互联网,已开通电话,1,20.25
3525-DVKFN,两年合约,在网,未开通互联网,已开通电话,17,19.4
1482-OXZSY,月付套餐,在网,光纤,已开通电话,30,100.4
0377-JBKKT,月付套餐,在网,宽带 DSL,已开通电话,22,57.95
5778-BVOFB,月付套餐,在网,宽带 DSL,已开通电话,9,59.5
3373-YZZYM,月付套餐,在网,未开通互联网,已开通电话,1,19.2
2057-ZBLPD,月付套餐,已流失,光纤,已开通电话,21,86.5
0228-MAUWC,月付套餐,在网,宽带 DSL,已开通电话,19,59.55
5502-RLUYV,月付套餐,已流失,光纤,已开通电话,69,103.95
0023-HGHWL,月付套餐,已流失,宽带 DSL,未开通电话,1,25.1
7663-YJHSN,两年合约,在网,光纤,已开通电话,72,103.95
4915-BFSXL,两年合约,在网,宽带 DSL,已开通电话,70,68.95
3086-RUCRN,月付套餐,在网,光纤,已开通电话,66,103.1
5215-LNLDJ,月付套餐,在网,宽带 DSL,未开通电话,7,24.7
7576-JMYWV,月付套餐,在网,光纤,已开通电话,46,110.2
9039-RBEEE,月付套餐,已流失,宽带 DSL,未开通电话,39,48.95
0257-KXZGU,月付套餐,在网,宽带 DSL,已开通电话,32,62.45
1307-ATKGB,月付套餐,在网,光纤,已开通电话,24,89.55
8417-FMLZI,月付套餐,已流失,光纤,已开通电话,6,83.55
3714-XPXBW,月付套餐,在网,宽带 DSL,已开通电话,37,78.9
1850-AKQEP,月付套餐,在网,未开通互联网,已开通电话,8,20.35
2824-DXNKN,两年合约,在网,宽带 DSL,已开通电话,72,71.45
5227-JSCFE,两年合约,在网,宽带 DSL,未开通电话,71,46.35
0848-ZGQIJ,月付套餐,在网,光纤,已开通电话,16,94.65
3621-CHYVB,月付套餐,在网,宽带 DSL,未开通电话,57,49.9
8042-RNLKO,一年合约,在网,未开通互联网,已开通电话,66,25.45
1792-UXAFY,月付套餐,已流失,光纤,已开通电话,17,89.15
5372-FBKBN,月付套餐,在网,未开通互联网,已开通电话,21,20.75
0420-TXVSG,两年合约,在网,宽带 DSL,已开通电话,66,66.1
6217-TOWGS,月付套餐,在网,宽带 DSL,已开通电话,17,75.4
0515-YPMCW,月付套餐,已流失,光纤,已开通电话,1,70.45
0378-XSZPU,一年合约,已流失,宽带 DSL,已开通电话,58,60.3
1045-LTCYT,月付套餐,在网,未开通互联网,已开通电话,8,21.05
1544-JJMYL,一年合约,在网,宽带 DSL,已开通电话,27,69.35
4636-JGAAI,月付套餐,在网,光纤,已开通电话,34,88.85
6874-SGLHU,一年合约,在网,光纤,已开通电话,30,97
5951-AOFIH,月付套餐,在网,宽带 DSL,已开通电话,33,66.4
4729-XKASR,月付套餐,已流失,宽带 DSL,未开通电话,1,24.75
3059-NGMXB,月付套餐,在网,宽带 DSL,已开通电话,14,69.2
8652-YHIYU,一年合约,在网,光纤,已开通电话,16,79.5
5278-PNYOX,两年合约,在网,光纤,已开通电话,49,100.65
5449-FIBXJ,月付套餐,已流失,光纤,已开通电话,19,103.3
3486-HOOGQ,两年合约,在网,宽带 DSL,已开通电话,70,79.7
5061-PBXFW,月付套餐,在网,宽带 DSL,已开通电话,32,61.4
8630-FJLIB,月付套餐,在网,光纤,已开通电话,18,69.8
3891-NLXJB,两年合约,在网,宽带 DSL,未开通电话,37,40.55
4749-OJKQU,月付套餐,在网,光纤,已开通电话,4,75.65
0577-WHMEV,月付套餐,在网,光纤,已开通电话,16,90.7
5453-AXEPF,月付套餐,在网,光纤,已开通电话,17,80.5
3639-XJHKQ,月付套餐,在网,宽带 DSL,已开通电话,19,60.6
3716-LRGXK,两年合约,在网,光纤,已开通电话,60,101.15
2263-SFSQZ,两年合约,在网,未开通互联网,已开通电话,51,24.95
9950-MTGYX,两年合约,在网,未开通互联网,已开通电话,28,20.3
3397-AVTKU,两年合约,在网,宽带 DSL,已开通电话,43,60
4825-FUREZ,两年合约,在网,未开通互联网,已开通电话,42,20.25
9837-BMCLM,月付套餐,已流失,光纤,已开通电话,3,78.5
2672-OJQZP,月付套餐,在网,宽带 DSL,已开通电话,1,44.75
0137-UDEUO,月付套餐,已流失,未开通互联网,已开通电话,3,19.85
3134-DSHVC,两年合约,在网,光纤,已开通电话,63,98
6161-UUUTA,月付套餐,已流失,光纤,已开通电话,3,79.9
7821-DPRQE,月付套餐,在网,光纤,已开通电话,68,107.7
6543-XRMYR,月付套餐,已流失,光纤,已开通电话,30,99.7
2001-EWBQU,两年合约,在网,光纤,已开通电话,60,104.7
4925-LMHOK,月付套餐,已流失,宽带 DSL,已开通电话,15,58.6
1608-GMEWB,月付套餐,在网,光纤,已开通电话,45,93.9
6695-AMZUF,两年合约,在网,宽带 DSL,已开通电话,70,86.45
1455-UGQVH,月付套餐,已流失,光纤,已开通电话,10,98.5
8410-BGQXN,月付套餐,在网,未开通互联网,已开通电话,4,19.4
8280-MQRQN,月付套餐,已流失,宽带 DSL,已开通电话,1,50.45
1619-YWUBB,两年合约,在网,未开通互联网,已开通电话,68,24.95
7611-YKYTC,月付套餐,在网,光纤,已开通电话,22,75
2037-SGXHH,月付套餐,已流失,光纤,已开通电话,38,94.65
3178-FESZO,月付套餐,已流失,光纤,已开通电话,1,100.25
0365-GXEZS,月付套餐,在网,光纤,已开通电话,18,78.2
0082-OQIQY,月付套餐,在网,光纤,已开通电话,29,94.2
6087-MVHJH,月付套餐,已流失,光纤,已开通电话,16,88.45
4603-JANFB,月付套餐,已流失,光纤,已开通电话,1,69.85
3018-TFTSU,月付套餐,已流失,光纤,已开通电话,12,81.7
3606-SBKRY,一年合约,在网,宽带 DSL,未开通电话,31,50.05
4806-KEXQR,月付套餐,已流失,光纤,已开通电话,4,79.9
0667-NSRGI,一年合约,在网,宽带 DSL,已开通电话,48,69.55
7083-YNSKY,月付套餐,已流失,未开通互联网,已开通电话,15,25.4
6893-ODYYE,一年合约,在网,光纤,已开通电话,50,90.1
8242-JSVBO,月付套餐,在网,宽带 DSL,已开通电话,7,44.65
2479-BRAMR,月付套餐,已流失,光纤,已开通电话,41,83.75
9541-ZPSEA,两年合约,在网,光纤,已开通电话,68,80.35
2665-NPTGL,月付套餐,在网,光纤,已开通电话,26,98.1
1139-WUOAH,两年合约,在网,宽带 DSL,未开通电话,57,53.35
4693-VWVBO,月付套餐,在网,未开通互联网,已开通电话,3,19.55
7434-SHXLS,月付套餐,已流失,未开通互联网,已开通电话,1,20.9
6937-GCDGQ,一年合约,在网,宽带 DSL,已开通电话,19,48.95
0988-JRWWP,月付套餐,在网,宽带 DSL,已开通电话,3,54.2
5075-JSDKI,两年合约,在网,未开通互联网,已开通电话,59,24.45
7908-QCBCA,月付套餐,已流失,光纤,已开通电话,1,69.4
8644-XYTSV,月付套餐,在网,宽带 DSL,未开通电话,42,40.15
6711-FLDFB,月付套餐,已流失,光纤,已开通电话,7,74.9
3873-WOSBC,两年合约,在网,未开通互联网,已开通电话,67,25.6
7465-ZZRVX,月付套餐,在网,光纤,已开通电话,1,70.35
7975-JMZNT,两年合约,在网,宽带 DSL,已开通电话,66,91.7
7251-XFOIL,月付套餐,在网,光纤,已开通电话,61,89.2
4116-IQRFR,一年合约,在网,未开通互联网,已开通电话,4,24.1
3714-JTVOV,月付套餐,已流失,光纤,已开通电话,42,74.15
8259-DZLIZ,一年合约,在网,宽带 DSL,已开通电话,64,53.85
0442-ZXKVS,一年合约,在网,光纤,已开通电话,54,115.6
7853-WNZSY,月付套餐,在网,未开通互联网,已开通电话,1,19.75
3120-FAZKD,两年合约,在网,未开通互联网,已开通电话,54,24.05
8606-OEGQZ,两年合约,在网,未开通互联网,已开通电话,18,25.3
0225-ZORZP,月付套餐,在网,光纤,已开通电话,3,84.3
4702-IOQDC,月付套餐,已流失,光纤,已开通电话,1,70.1
9489-JMTTN,两年合约,在网,宽带 DSL,已开通电话,72,89.75
0575-CUQOV,一年合约,在网,光纤,已开通电话,60,97.95
0967-BMLBD,一年合约,在网,未开通互联网,已开通电话,11,20
6178-KFNHS,月付套餐,已流失,光纤,已开通电话,12,78.3
2830-LEWOA,一年合约,在网,光纤,已开通电话,61,103.9
5006-MXVRN,两年合约,在网,未开通互联网,已开通电话,39,20.7
1264-BYWMS,月付套餐,已流失,光纤,已开通电话,55,96.8
9658-WYUFB,月付套餐,已流失,光纤,已开通电话,17,94.4
8327-WKMIE,一年合约,在网,未开通互联网,已开通电话,37,20.15
6917-FIJHC,两年合约,在网,未开通互联网,已开通电话,72,26
5329-KRDTM,两年合约,在网,宽带 DSL,已开通电话,72,77.35
7797-EJMDP,月付套餐,在网,宽带 DSL,已开通电话,8,66.05
3530-VWVGU,月付套餐,在网,未开通互联网,已开通电话,22,19.9
2013-SGDXK,月付套餐,已流失,光纤,已开通电话,1,84.3
6368-NWMCE,月付套餐,在网,宽带 DSL,已开通电话,38,68.15
3633-CDBUW,一年合约,在网,宽带 DSL,已开通电话,17,80.85
0707-HOVVN,两年合约,在网,宽带 DSL,已开通电话,70,75.5
8580-QVLOC,两年合约,已流失,宽带 DSL,已开通电话,72,92.45
3956-MGXOG,月付套餐,在网,光纤,已开通电话,28,80.6
9274-UARKJ,月付套餐,在网,光纤,已开通电话,15,83.2
4077-HWUYD,两年合约,在网,宽带 DSL,已开通电话,72,87.55
2012-NWRPA,月付套餐,已流失,光纤,已开通电话,11,99.55
8808-ELEHO,月付套餐,已流失,光纤,已开通电话,8,81.25
0103-CSITQ,一年合约,在网,光纤,已开通电话,57,109.4
3506-LCJDC,月付套餐,已流失,未开通互联网,已开通电话,1,19.95
8671-KKKOS,月付套餐,在网,宽带 DSL,未开通电话,46,45.55
7305-ZWMAJ,一年合约,在网,未开通互联网,已开通电话,30,20.7
9518-XXBXE,月付套餐,在网,光纤,已开通电话,10,75.3
3934-HXCFZ,月付套餐,已流失,光纤,已开通电话,23,99.25
6578-KRMAW,月付套餐,在网,光纤,已开通电话,32,93.4
4860-IJUDE,月付套餐,在网,光纤,已开通电话,13,73.75
7666-WKRON,两年合约,已流失,光纤,已开通电话,39,80.45
9688-YGXVR,月付套餐,在网,光纤,已开通电话,44,88.15
0423-UDIJQ,月付套餐,在网,宽带 DSL,已开通电话,9,49.2
1945-XISKS,两年合约,在网,未开通互联网,已开通电话,67,19.65
4910-AQFFX,月付套餐,已流失,光纤,已开通电话,9,79.35
2154-KVJFF,月付套餐,已流失,光纤,已开通电话,15,79.75
5360-LJCNJ,两年合约,在网,光纤,已开通电话,71,105.15
2607-FBDFF,月付套餐,在网,宽带 DSL,已开通电话,1,49
9647-ERGBE,月付套餐,已流失,光纤,已开通电话,30,100.05
3428-XZMAZ,月付套餐,已流失,光纤,已开通电话,1,69.35
1100-DDVRV,月付套餐,在网,宽带 DSL,未开通电话,17,49.8
0378-TOVMS,月付套餐,已流失,光纤,已开通电话,3,85.8
4355-HBJHH,两年合约,已流失,宽带 DSL,已开通电话,67,79.7
6728-WYQBC,月付套餐,在网,未开通互联网,已开通电话,1,20.95
9058-CBREO,月付套餐,已流失,宽带 DSL,已开通电话,1,50.55
9029-FEGVJ,月付套餐,在网,光纤,已开通电话,32,79.3
7216-KAOID,一年合约,在网,未开通互联网,已开通电话,41,19.5
0318-QUUOB,月付套餐,已流失,光纤,已开通电话,1,80.55
6145-NNPNO,月付套餐,在网,宽带 DSL,已开通电话,1,44.15
5520-FVEWJ,月付套餐,已流失,光纤,已开通电话,12,84.5
5339-TJFEK,月付套餐,在网,光纤,已开通电话,62,105.5
5572-ZDXHY,月付套餐,已流失,光纤,已开通电话,22,84.3
2074-GUHPQ,月付套餐,在网,光纤,已开通电话,17,92.7
4625-XMOYM,两年合约,在网,未开通互联网,已开通电话,72,26.25
5827-MWCZK,月付套餐,在网,光纤,已开通电话,56,96.95
1385-TQOZW,月付套餐,在网,未开通互联网,已开通电话,9,20.45
5914-XRFQB,两年合约,在网,光纤,已开通电话,72,115.8
4329-YPDDQ,月付套餐,在网,光纤,已开通电话,20,108.2
4804-NCPET,两年合约,在网,未开通互联网,已开通电话,19,20.2
3750-CKVKH,月付套餐,已流失,光纤,已开通电话,2,67.75
5944-UGLLK,一年合约,在网,宽带 DSL,未开通电话,53,54.9
8063-GBATB,月付套餐,已流失,光纤,已开通电话,27,85.25
7787-BNTZM,月付套餐,在网,未开通互联网,已开通电话,6,20.15
2252-ISRNH,一年合约,在网,光纤,已开通电话,9,90.35
9415-TPKRV,月付套餐,在网,宽带 DSL,已开通电话,8,55.75
5322-TEUJK,两年合约,在网,光纤,已开通电话,71,114.6
4547-KQRTM,月付套餐,已流失,光纤,已开通电话,10,80.05
4877-EVATK,月付套餐,已流失,未开通互联网,已开通电话,1,20
1866-DIOQZ,一年合约,在网,宽带 DSL,未开通电话,71,66.8
8375-KVTHK,一年合约,在网,光纤,已开通电话,68,100.3
2697-NQBPF,月付套餐,在网,光纤,已开通电话,34,105.35
3709-OIJEA,一年合约,在网,光纤,已开通电话,26,85.2
7639-SUPCW,月付套餐,已流失,宽带 DSL,已开通电话,22,48.8
1386-ZIKUV,月付套餐,在网,未开通互联网,已开通电话,7,18.95
0599-XNYDO,月付套餐,在网,光纤,已开通电话,20,69.8
6377-WHAOX,月付套餐,在网,光纤,已开通电话,60,106.15
6855-VLGOS,两年合约,在网,未开通互联网,已开通电话,72,20.55
8999-XXGNS,一年合约,在网,光纤,已开通电话,72,105.75
8746-OQQRW,月付套餐,在网,未开通互联网,已开通电话,4,25.25
3181-MIZBN,月付套餐,在网,未开通互联网,已开通电话,16,19.75
0471-ARVMX,一年合约,在网,光纤,已开通电话,62,104.85
7766-CLTIC,月付套餐,在网,宽带 DSL,已开通电话,10,60.95
5650-YLIBA,月付套餐,在网,光纤,已开通电话,31,81.15
0825-CPPQH,两年合约,在网,未开通互联网,已开通电话,71,19.1
9084-OAYKL,两年合约,在网,未开通互联网,已开通电话,58,20.8
6122-LJADA,两年合约,在网,宽带 DSL,已开通电话,70,90.15
2400-XIWIO,两年合约,在网,宽带 DSL,已开通电话,71,90.1
7524-VRLPL,两年合约,在网,宽带 DSL,已开通电话,69,74.1
1069-XAIEM,月付套餐,已流失,光纤,已开通电话,1,85.05
7569-NMZYQ,两年合约,在网,光纤,已开通电话,72,118.75
5201-USSQZ,月付套餐,在网,光纤,已开通电话,26,85.9
2105-PHWON,月付套餐,在网,光纤,已开通电话,33,95
1494-EJZDW,两年合约,在网,未开通互联网,已开通电话,10,20.15
4884-TVUQF,两年合约,在网,光纤,已开通电话,57,101.3
8003-EWNDZ,月付套餐,在网,未开通互联网,已开通电话,10,21.2
1897-RCFUM,一年合约,在网,未开通互联网,已开通电话,39,24.2
9256-JTBNZ,月付套餐,在网,未开通互联网,已开通电话,11,20.3
4658-HCOHW,月付套餐,已流失,光纤,已开通电话,21,102.8
2211-RMNHO,两年合约,在网,宽带 DSL,已开通电话,68,85.3
2432-TFSMK,一年合约,在网,光纤,已开通电话,18,89.6
3440-JPSCL,月付套餐,已流失,光纤,已开通电话,6,99.95
4929-ROART,月付套餐,在网,宽带 DSL,已开通电话,18,56.25
1834-ABKHQ,一年合约,在网,宽带 DSL,已开通电话,52,50.95
1741-WTPON,两年合约,在网,光纤,已开通电话,56,115.85
3932-IJWDZ,月付套餐,在网,光纤,已开通电话,45,103.65
1240-HCBOH,两年合约,在网,未开通互联网,已开通电话,67,26.1
3594-KADLU,月付套餐,在网,宽带 DSL,未开通电话,3,35.1
8065-BVEPF,月付套餐,在网,光纤,已开通电话,65,99.1
3796-ENZGF,两年合约,在网,宽带 DSL,已开通电话,63,67.25
1734-ZMNTZ,两年合约,在网,未开通互联网,已开通电话,11,25
2853-CWQFQ,月付套餐,在网,宽带 DSL,已开通电话,1,59.55
0813-TAXXS,两年合约,在网,宽带 DSL,已开通电话,55,77.8
2519-TWKFS,一年合约,在网,宽带 DSL,已开通电话,25,55.1
2889-FPWRM,一年合约,已流失,光纤,已开通电话,72,117.8
0626-QXNGV,两年合约,在网,未开通互联网,已开通电话,72,24.15
6723-CEGQI,两年合约,在网,宽带 DSL,未开通电话,65,45.25
6987-XQSJT,月付套餐,已流失,光纤,已开通电话,54,79.5
4732-RRJZC,月付套餐,在网,未开通互联网,已开通电话,7,20.25
9499-XPZXM,两年合约,在网,宽带 DSL,已开通电话,72,64.75
4338-EYCER,月付套餐,在网,宽带 DSL,已开通电话,21,54.6
3007-FDPEA,月付套餐,在网,未开通互联网,已开通电话,2,20.7
6350-XFYGW,月付套餐,在网,光纤,已开通电话,4,94.75
4290-BSXUX,月付套餐,已流失,光纤,已开通电话,3,79.65
8513-OLYGY,两年合约,在网,光纤,已开通电话,72,115.8
0311-QYWSS,月付套餐,在网,宽带 DSL,已开通电话,6,49.45
8705-DWKTI,月付套餐,在网,光纤,已开通电话,52,83.8
8755-IWJHN,月付套餐,在网,光纤,已开通电话,69,95.35
0325-XBFAC,月付套餐,已流失,光纤,已开通电话,8,94.7
4480-QQRHC,月付套餐,在网,光纤,已开通电话,8,74.05
0929-PECLO,月付套餐,在网,光纤,已开通电话,63,89.6
3680-CTHUH,一年合约,在网,光纤,已开通电话,60,116.6
1202-KKGFU,月付套餐,在网,宽带 DSL,已开通电话,12,54.2
6112-KTHFQ,月付套餐,在网,未开通互联网,已开通电话,13,19.3
1852-XEMDW,月付套餐,在网,宽带 DSL,已开通电话,22,65.05
2462-XIIJB,月付套餐,已流失,光纤,已开通电话,5,92.5
4760-XOHVN,月付套餐,已流失,未开通互联网,已开通电话,1,19.45
1820-DJFPH,两年合约,在网,未开通互联网,已开通电话,72,24.05
9426-SXNHE,月付套餐,在网,未开通互联网,已开通电话,2,18.75
9068-FHQHD,两年合约,在网,未开通互联网,已开通电话,40,20.15
1269-FOYWN,一年合约,在网,未开通互联网,已开通电话,44,20
9470-YFUYI,一年合约,在网,宽带 DSL,已开通电话,71,71
7817-BOQPW,月付套餐,已流失,光纤,已开通电话,2,75.55
7402-EYFXX,月付套餐,在网,光纤,已开通电话,26,93.6
1853-UDXBW,月付套餐,已流失,光纤,已开通电话,1,70
9895-VFOXH,月付套餐,在网,宽带 DSL,未开通电话,1,24.4
5458-CQJTA,两年合约,已流失,宽带 DSL,已开通电话,65,74.8
1230-QAJDW,月付套餐,在网,宽带 DSL,已开通电话,3,65.25
5701-ZIKJE,月付套餐,在网,宽带 DSL,已开通电话,13,50.55
5219-YIPTK,月付套餐,已流失,光纤,已开通电话,33,104.4
5032-MIYKT,月付套餐,在网,光纤,已开通电话,1,70.7
7396-VJUZB,月付套餐,在网,宽带 DSL,已开通电话,4,45.25
9717-QEBGU,月付套餐,在网,光纤,已开通电话,2,70.3
5172-RKOCB,两年合约,在网,光纤,已开通电话,72,108.95
6509-TSGWN,月付套餐,在网,未开通互联网,已开通电话,37,26.45
3540-RZJYU,月付套餐,已流失,光纤,已开通电话,15,86.2
3178-CIFOT,一年合约,在网,未开通互联网,已开通电话,23,19.65
2091-MJTFX,月付套餐,已流失,宽带 DSL,未开通电话,30,51.2
4530-NDRKU,一年合约,在网,未开通互联网,已开通电话,42,19.05
5985-TBABQ,一年合约,在网,宽带 DSL,已开通电话,32,74.75
9800-ONTFE,月付套餐,在网,光纤,已开通电话,22,75.8
6743-HHQPF,月付套餐,在网,宽带 DSL,未开通电话,42,25.1
8455-HIRAQ,月付套餐,在网,宽带 DSL,已开通电话,8,44.45
6616-AALSR,两年合约,在网,光纤,已开通电话,65,104.3
0883-EIBTI,月付套餐,已流失,未开通互联网,已开通电话,2,19.5
9415-ZNBSX,两年合约,在网,宽带 DSL,已开通电话,70,89
4018-KJYUY,月付套餐,在网,未开通互联网,已开通电话,22,20.15
0722-TROQR,月付套餐,已流失,光纤,已开通电话,4,74.9
7571-YXDAD,月付套餐,已流失,光纤,已开通电话,2,74.9
3884-UEBXB,两年合约,在网,宽带 DSL,未开通电话,67,36.15
8780-RSYYU,月付套餐,在网,未开通互联网,已开通电话,25,19.2
5537-UXXVS,月付套餐,在网,未开通互联网,已开通电话,20,19.25
1791-PQHBB,月付套餐,在网,宽带 DSL,已开通电话,2,61.2
8701-DGLVH,两年合约,在网,未开通互联网,已开通电话,51,20.45
8741-LQOBK,月付套餐,在网,宽带 DSL,未开通电话,46,35.05
3393-FMZPV,月付套餐,已流失,光纤,已开通电话,25,100.25
8082-GHXOP,月付套餐,在网,宽带 DSL,已开通电话,13,44
6402-ZFPPI,月付套餐,已流失,光纤,已开通电话,25,102.8
0980-FEXWF,一年合约,在网,宽带 DSL,已开通电话,26,50.35
7486-KSRVI,一年合约,已流失,光纤,已开通电话,43,100
3011-WQKSZ,月付套餐,在网,未开通互联网,已开通电话,19,20
8443-WVPSS,月付套餐,已流失,光纤,已开通电话,10,99.85
3006-XIMLN,月付套餐,已流失,光纤,已开通电话,2,94.2
8218-FFJDS,两年合约,在网,宽带 DSL,已开通电话,72,86.4
1986-PHGZF,月付套餐,在网,宽带 DSL,已开通电话,18,58.4
9965-YOKZB,月付套餐,已流失,光纤,已开通电话,9,83.85
0504-HHAPI,月付套餐,已流失,光纤,已开通电话,27,88.3
9360-OMDZZ,月付套餐,在网,光纤,已开通电话,24,94.1
6305-YLBMM,一年合约,已流失,光纤,已开通电话,69,104.05
0345-XMMUG,两年合约,在网,光纤,已开通电话,46,108.9
8024-XNAFQ,两年合约,在网,光纤,已开通电话,72,107.4
3647-GMGDH,月付套餐,已流失,光纤,已开通电话,22,94.7
2988-GBIVW,月付套餐,在网,光纤,已开通电话,70,90.85
2832-SCUCO,月付套餐,在网,未开通互联网,已开通电话,2,19.9
7036-ZZKBD,月付套餐,在网,宽带 DSL,已开通电话,31,66.4
3791-LGQCY,月付套餐,已流失,光纤,已开通电话,56,100.65
0265-PSUAE,月付套餐,在网,光纤,已开通电话,16,100.7
0463-TXOAK,两年合约,在网,未开通互联网,已开通电话,52,25.6
0594-UFTUL,月付套餐,在网,未开通互联网,已开通电话,13,19.85
9509-MPYOD,一年合约,在网,未开通互联网,已开通电话,35,20.75
9128-CPXKI,两年合约,在网,光纤,已开通电话,59,95.8
0129-KPTWJ,月付套餐,在网,光纤,已开通电话,72,94.65
8166-ZZTFS,两年合约,已流失,宽带 DSL,已开通电话,66,80.55
5855-EIBDE,两年合约,在网,光纤,已开通电话,49,106.65
5365-LLFYV,月付套餐,在网,宽带 DSL,已开通电话,2,45.85
5956-YHHRX,月付套餐,在网,光纤,已开通电话,21,104.35
6008-NAIXK,一年合约,在网,宽带 DSL,未开通电话,54,55.45
2956-GGUCQ,月付套餐,已流失,光纤,已开通电话,24,78.85
1928-BXYIV,月付套餐,在网,宽带 DSL,已开通电话,1,61.15
5760-FXFVO,月付套餐,在网,光纤,已开通电话,6,78.95
6595-COKXZ,月付套餐,已流失,宽带 DSL,已开通电话,1,44.45
0961-ZWLVI,一年合约,在网,光纤,已开通电话,49,109.2
5181-OABFK,两年合约,在网,宽带 DSL,已开通电话,56,61.3
4007-NHVHI,月付套餐,在网,光纤,已开通电话,56,96.85
7816-VGHTO,两年合约,在网,宽带 DSL,未开通电话,6,40.55
5871-DGTXZ,一年合约,在网,未开通互联网,已开通电话,32,19.8
7550-WIQVA,一年合约,在网,光纤,已开通电话,50,108.25
7544-ZVIKX,一年合约,在网,光纤,已开通电话,58,105.05
0016-QLJIS,两年合约,在网,宽带 DSL,已开通电话,65,90.45
7508-DQAKK,两年合约,在网,宽带 DSL,已开通电话,64,86.4
5176-OLSKT,两年合约,在网,宽带 DSL,已开通电话,66,66.9
9356-AXGMP,一年合约,在网,光纤,已开通电话,38,110.7
3556-BVQGL,一年合约,在网,未开通互联网,已开通电话,20,20
0362-ZBZWJ,月付套餐,已流失,光纤,已开通电话,36,84.9
8979-CAMGB,一年合约,在网,光纤,已开通电话,64,102.1
4211-MMAZN,月付套餐,已流失,未开通互联网,已开通电话,1,20.25
7581-EBBOU,一年合约,在网,宽带 DSL,已开通电话,60,70.15
4274-OWWYO,月付套餐,已流失,光纤,已开通电话,1,74.35
5073-RZGBK,一年合约,在网,宽带 DSL,已开通电话,50,80.05
1541-ETJZO,月付套餐,已流失,宽带 DSL,已开通电话,1,62.05
2192-CKRLV,两年合约,在网,宽带 DSL,未开通电话,72,49.2
3154-HMWUU,两年合约,在网,未开通互联网,已开通电话,60,20.5
6119-SPUDB,两年合约,在网,宽带 DSL,未开通电话,46,38.25
6522-OIQSX,两年合约,在网,宽带 DSL,未开通电话,69,54.95
7813-ZGGAW,月付套餐,在网,光纤,已开通电话,31,96.6
8748-HFWBO,一年合约,在网,未开通互联网,已开通电话,19,19.9
1052-QJIBV,两年合约,在网,未开通互联网,已开通电话,71,19.9
1319-YLZJG,月付套餐,在网,光纤,已开通电话,12,84.6
4106-HADHQ,一年合约,已流失,宽带 DSL,已开通电话,39,80
0723-FDLAY,一年合约,在网,宽带 DSL,已开通电话,44,85.25
3050-RLLXC,两年合约,在网,宽带 DSL,已开通电话,56,81.25
9298-WGMRW,两年合约,在网,光纤,已开通电话,72,115.5
2369-UAPKZ,月付套餐,已流失,光纤,已开通电话,5,104.1
3088-LHEFH,月付套餐,在网,光纤,已开通电话,11,79
2778-OCLGR,月付套餐,已流失,宽带 DSL,未开通电话,24,39.1
6583-KQJLK,月付套餐,在网,光纤,已开通电话,15,94.65
8544-JNBOX,两年合约,在网,未开通互联网,已开通电话,72,20.8
6681-ZSEXG,两年合约,在网,宽带 DSL,已开通电话,56,59.5
6139-ZZRBQ,两年合约,在网,未开通互联网,已开通电话,64,20.05
6116-RFVHN,月付套餐,在网,光纤,已开通电话,34,100.45
0637-KVDLV,月付套餐,已流失,光纤,已开通电话,2,76.5
8884-FEEWR,一年合约,在网,未开通互联网,已开通电话,35,20.6
3125-RAHBV,一年合约,在网,未开通互联网,已开通电话,22,20.3
6633-MPWBS,月付套餐,已流失,宽带 DSL,已开通电话,5,49.2
0373-AIVNJ,一年合约,在网,宽带 DSL,未开通电话,9,39.55
8785-EPNCG,月付套餐,已流失,未开通互联网,已开通电话,11,23.15
1682-VCOIO,一年合约,在网,未开通互联网,已开通电话,23,20.45
5729-KLZAR,月付套餐,已流失,光纤,已开通电话,4,80.85
2072-ZVJJX,两年合约,在网,未开通互联网,已开通电话,68,25.25
8849-AYPTR,月付套餐,在网,光纤,已开通电话,33,91.25
9518-IMLHK,月付套餐,在网,宽带 DSL,已开通电话,31,72.45
1582-RAFML,月付套餐,已流失,宽带 DSL,已开通电话,1,60.1
3646-ITDGM,两年合约,在网,未开通互联网,已开通电话,56,19.7
8740-CRYFY,月付套餐,已流失,光纤,已开通电话,1,78.95
3569-VLDHH,一年合约,在网,宽带 DSL,已开通电话,66,75.1
8224-KDLKN,两年合约,在网,未开通互联网,已开通电话,72,25
7594-LZNWR,月付套餐,在网,光纤,已开通电话,34,69.15
4001-TSBTV,月付套餐,在网,光纤,已开通电话,58,91.55
2962-XPMCQ,月付套餐,已流失,宽带 DSL,已开通电话,2,45.15
8727-XDPUD,两年合约,在网,宽带 DSL,未开通电话,37,35.8
1043-UXOVO,两年合约,在网,光纤,已开通电话,71,113.15
1064-FBXNK,一年合约,在网,未开通互联网,已开通电话,1,19.85
3996-ZNWYK,两年合约,在网,未开通互联网,已开通电话,71,19.8
2878-DHMIN,一年合约,在网,未开通互联网,已开通电话,35,19.9
7762-ONLJY,一年合约,在网,未开通互联网,已开通电话,6,19.7
1678-FYZOW,月付套餐,已流失,光纤,已开通电话,3,79.4
5795-BKOYE,一年合约,在网,宽带 DSL,已开通电话,69,59.1
8627-EHGIP,一年合约,已流失,宽带 DSL,未开通电话,44,53.95
7402-PWYJJ,一年合约,在网,光纤,已开通电话,53,91.15
5480-TBGPH,月付套餐,已流失,光纤,已开通电话,24,99.3
0018-NYROU,月付套餐,在网,光纤,已开通电话,5,68.95
7501-VTYLJ,月付套餐,在网,宽带 DSL,已开通电话,2,51.55
7608-RGIRO,两年合约,在网,未开通互联网,已开通电话,62,24.4
0480-BIXDE,月付套餐,在网,光纤,已开通电话,19,96.8
5895-QSXOD,月付套餐,在网,光纤,已开通电话,9,70.05
9814-AOUDH,两年合约,在网,未开通互联网,已开通电话,53,19.5
6175-IRFIT,月付套餐,在网,光纤,已开通电话,5,78.75
8760-ZRHKE,一年合约,在网,宽带 DSL,已开通电话,71,69.2
1622-HSHSF,月付套餐,在网,未开通互联网,已开通电话,1,19.55
8854-CCVSQ,月付套餐,已流失,光纤,已开通电话,18,80.65
6749-UTDVX,两年合约,在网,光纤,已开通电话,72,103.65
5542-DHSXL,月付套餐,在网,宽带 DSL,已开通电话,4,54.7
9102-OXKFY,两年合约,在网,宽带 DSL,已开通电话,59,54.15
0511-JTEOY,月付套餐,已流失,光纤,已开通电话,1,71.1
5216-WASFJ,月付套餐,在网,光纤,已开通电话,31,84.85
7808-DVWEP,月付套餐,在网,未开通互联网,已开通电话,3,20
7067-KSAZT,一年合约,已流失,光纤,已开通电话,65,106.25
2284-VFLKH,一年合约,在网,光纤,已开通电话,49,99.25
0366-NQSHS,月付套餐,在网,未开通互联网,已开通电话,2,19.35
6532-YLWSI,一年合约,已流失,未开通互联网,已开通电话,53,20.8
3807-BPOMJ,一年合约,在网,光纤,已开通电话,55,94.75
3892-NXAZG,两年合约,在网,光纤,已开通电话,72,114.05
4948-WBBKL,月付套餐,在网,光纤,已开通电话,36,74.9
4182-BGSIQ,月付套餐,在网,未开通互联网,已开通电话,10,19.8
9300-AGZNL,月付套餐,已流失,光纤,已开通电话,1,94
0988-AADSA,两年合约,在网,宽带 DSL,已开通电话,72,80.85
9972-NKTFD,月付套餐,在网,宽带 DSL,已开通电话,28,54.65
3717-LNXKW,月付套餐,在网,光纤,已开通电话,38,91.7
5734-EJKXG,一年合约,在网,光纤,已开通电话,61,118.6
2207-RYYRL,两年合约,在网,未开通互联网,已开通电话,52,24.55
6729-FZWSY,一年合约,在网,未开通互联网,已开通电话,67,19.45
9695-IDRZR,两年合约,在网,光纤,已开通电话,34,116.15
8144-DGHXP,两年合约,在网,宽带 DSL,已开通电话,54,80.6
7814-LEEVE,月付套餐,在网,未开通互联网,已开通电话,1,20.3
1112-CUNAO,月付套餐,已流失,光纤,已开通电话,15,89.85
5175-AOBHI,月付套餐,已流失,宽带 DSL,已开通电话,4,46
5174-RNGBH,月付套餐,已流失,宽带 DSL,已开通电话,9,66.25
8631-WUXGY,月付套餐,在网,光纤,已开通电话,46,99.8
7270-BDIOA,月付套餐,已流失,光纤,已开通电话,22,90
9565-JSNFM,一年合约,已流失,光纤,已开通电话,38,70.45
5906-DVAPM,一年合约,在网,宽带 DSL,已开通电话,55,75
6654-QGBZZ,月付套餐,在网,未开通互联网,已开通电话,1,19.9
8348-JLBUG,一年合约,在网,光纤,已开通电话,64,80.3
0607-DAAHE,两年合约,已流失,未开通互联网,已开通电话,53,19.75
5641-DMBFJ,两年合约,在网,宽带 DSL,已开通电话,58,84.3
9200-NLNPD,一年合约,在网,宽带 DSL,未开通电话,56,54.05
2664-XJZNO,两年合约,在网,光纤,已开通电话,72,104.9
9732-KPKBW,月付套餐,已流失,宽带 DSL,已开通电话,1,53.95
3339-EAQNV,一年合约,在网,光纤,已开通电话,72,97.25
0921-OHLVP,月付套餐,在网,光纤,已开通电话,22,83.05
3389-YGYAI,月付套餐,已流失,光纤,已开通电话,8,105.5
9560-ARGQJ,月付套餐,已流失,光纤,已开通电话,16,81
8350-NYMVI,月付套餐,在网,宽带 DSL,未开通电话,39,41.1
1600-DILPE,月付套餐,在网,宽带 DSL,已开通电话,12,45
0536-ESJEP,两年合约,在网,宽带 DSL,已开通电话,54,74.55
4654-GGUII,一年合约,在网,宽带 DSL,未开通电话,18,40.2
6478-HRRCZ,一年合约,在网,宽带 DSL,已开通电话,32,70.5
8510-BBWMU,一年合约,在网,未开通互联网,已开通电话,41,19.75
6857-TKDJV,两年合约,在网,未开通互联网,已开通电话,67,24.65
2360-RDGRO,月付套餐,在网,光纤,已开通电话,65,104.25
0584-BJQGZ,月付套餐,在网,宽带 DSL,已开通电话,25,78.35
5134-IKDAY,月付套餐,已流失,光纤,已开通电话,1,69.8
1360-XFJMR,一年合约,在网,光纤,已开通电话,67,109.7
3070-DVEYC,月付套餐,已流失,光纤,已开通电话,7,73.75
5730-RIITO,月付套餐,在网,宽带 DSL,未开通电话,43,33.45
9058-MJLZC,月付套餐,在网,光纤,已开通电话,24,94.6
5707-ORNDZ,月付套餐,已流失,宽带 DSL,已开通电话,9,54.55
0902-XKXPN,两年合约,在网,未开通互联网,已开通电话,69,20.2
5177-RVZNU,一年合约,在网,未开通互联网,已开通电话,37,20.3
0056-EPFBG,两年合约,在网,宽带 DSL,未开通电话,20,39.4
8993-IZEUX,月付套餐,在网,光纤,已开通电话,7,69.15
8696-JKZNU,月付套餐,已流失,光纤,已开通电话,37,76.25
5380-AFSSK,月付套餐,已流失,光纤,已开通电话,5,93.9
8190-ZTQFB,一年合约,在网,宽带 DSL,未开通电话,41,51.35
0931-MHTEM,一年合约,在网,光纤,已开通电话,54,100.05
2055-PDADH,月付套餐,已流失,光纤,已开通电话,3,70.4
7515-LODFU,两年合约,在网,未开通互联网,已开通电话,69,20.3
0440-UEDAI,一年合约,在网,光纤,已开通电话,53,94.45
1337-BOZWO,一年合约,在网,宽带 DSL,未开通电话,18,46.4
0868-VJRDR,两年合约,在网,光纤,已开通电话,64,104.05
8714-EUHJO,月付套餐,已流失,光纤,已开通电话,31,91.15
6344-SFJVH,月付套餐,在网,宽带 DSL,未开通电话,20,24.9
3950-VPYJB,一年合约,在网,宽带 DSL,已开通电话,57,59.6
8041-TMEID,两年合约,在网,光纤,已开通电话,63,108.5
7321-ZNSLA,两年合约,在网,宽带 DSL,未开通电话,13,40.55
6941-KXRRV,一年合约,在网,宽带 DSL,已开通电话,48,58.95
3721-CNEYS,月付套餐,已流失,光纤,已开通电话,2,70.95
8727-JQFHV,两年合约,在网,未开通互联网,已开通电话,57,20.75
9475-NNDGC,一年合约,在网,光纤,已开通电话,71,113.15
1355-KUSBG,月付套餐,在网,宽带 DSL,已开通电话,7,48.8
3688-FTHLT,月付套餐,在网,宽带 DSL,已开通电话,16,63.05
0899-LIIBW,月付套餐,在网,光纤,已开通电话,34,100.85
2568-OIADY,月付套餐,已流失,光纤,已开通电话,37,99.5
1384-RCUXW,月付套餐,在网,光纤,已开通电话,16,80.55
5825-XJOCM,一年合约,在网,宽带 DSL,已开通电话,48,64.4
6848-YLDFR,一年合约,在网,宽带 DSL,已开通电话,58,75.2
8125-QPFJD,两年合约,在网,宽带 DSL,已开通电话,72,84.9
2320-YKQBO,月付套餐,在网,未开通互联网,已开通电话,7,19.3
1193-RTSLK,月付套餐,已流失,光纤,已开通电话,38,83.9
2302-ANTDP,月付套餐,已流失,光纤,已开通电话,48,117.45
5923-GXUOC,月付套餐,已流失,光纤,已开通电话,10,104.4
4973-RLZVI,一年合约,在网,宽带 DSL,已开通电话,30,74.65
7869-ZYDST,月付套餐,在网,宽带 DSL,已开通电话,31,59.05
4501-UYKBC,一年合约,在网,宽带 DSL,已开通电话,46,69.1
1215-EXRMO,两年合约,在网,未开通互联网,已开通电话,50,20.55
2305-MRGLV,月付套餐,在网,光纤,已开通电话,28,76.55
8404-VIOMB,两年合约,在网,宽带 DSL,未开通电话,66,62.5
5233-GEEAX,月付套餐,已流失,宽带 DSL,未开通电话,8,29.4
2359-KLTEK,月付套餐,在网,光纤,已开通电话,41,94.9
5304-EFJLP,两年合约,在网,光纤,已开通电话,72,111.65
2673-ZALNP,一年合约,在网,未开通互联网,已开通电话,7,19.9
9184-GALIL,月付套餐,在网,未开通互联网,已开通电话,38,20.45
4393-RYCRE,一年合约,在网,光纤,已开通电话,44,106.05
9746-MDMBK,一年合约,在网,光纤,已开通电话,47,113.45
3162-ZJZFU,月付套餐,在网,光纤,已开通电话,53,92.55
8404-GFGCZ,月付套餐,在网,宽带 DSL,已开通电话,4,65.6
8875-AKBYH,月付套餐,在网,光纤,已开通电话,20,84.35
4432-ADRLB,月付套餐,已流失,宽带 DSL,已开通电话,2,44.65
0533-UCAAU,一年合约,在网,宽带 DSL,已开通电话,57,71.1
1394-SUIUH,月付套餐,在网,光纤,已开通电话,44,85.15
3521-MNKLV,月付套餐,在网,宽带 DSL,已开通电话,24,49.7
2533-TIBIX,月付套餐,在网,宽带 DSL,未开通电话,15,30.2
8993-PHFWD,月付套餐,已流失,宽带 DSL,未开通电话,3,25.25
1565-RHDJD,月付套餐,已流失,光纤,已开通电话,4,84.05
7137-RYLPP,月付套餐,已流失,光纤,已开通电话,37,85.7
3765-JXVKY,月付套餐,已流失,光纤,已开通电话,1,74.7
5092-STPKP,月付套餐,在网,宽带 DSL,已开通电话,24,56.35
7330-WZLNC,月付套餐,已流失,光纤,已开通电话,5,90.8
0114-PEGZZ,月付套餐,在网,光纤,已开通电话,33,107.55
3359-DSRKA,两年合约,在网,未开通互联网,已开通电话,58,19.85
8639-NHQEI,两年合约,在网,光纤,已开通电话,72,95.9
7161-DFHUF,两年合约,在网,未开通互联网,已开通电话,71,23.85
3957-LXOLK,月付套餐,已流失,光纤,已开通电话,28,106.15
3720-DBRWL,两年合约,在网,宽带 DSL,已开通电话,51,83.85
6635-MYYYZ,一年合约,已流失,宽带 DSL,已开通电话,30,85.35
8565-WUXZU,两年合约,在网,光纤,已开通电话,72,84.8
5281-BUZGT,月付套餐,已流失,光纤,已开通电话,36,90.85
4994-OBRSZ,两年合约,在网,宽带 DSL,已开通电话,14,76.1
0562-FGDCR,两年合约,在网,宽带 DSL,已开通电话,72,74.55
2436-QBZFP,月付套餐,在网,宽带 DSL,未开通电话,22,39.2
3420-YJLQT,月付套餐,在网,光纤,已开通电话,2,79.55
6040-CGACY,月付套餐,在网,未开通互联网,已开通电话,15,19.6
6582-PLFUU,两年合约,在网,未开通互联网,已开通电话,51,19.55
8242-PDSGJ,两年合约,在网,宽带 DSL,未开通电话,70,39.15
0264-CNITK,两年合约,在网,未开通互联网,已开通电话,71,20.1
0089-IIQKO,月付套餐,在网,光纤,已开通电话,39,99.95
7839-NUIAA,月付套餐,在网,宽带 DSL,已开通电话,61,59.8
6075-QMNRR,月付套餐,在网,宽带 DSL,已开通电话,52,49.75
5378-IKEEG,月付套餐,已流失,宽带 DSL,未开通电话,1,35.75
5966-EMAZU,一年合约,在网,光纤,已开通电话,64,108.5
0440-EKDCF,两年合约,在网,宽带 DSL,已开通电话,62,60.15
4774-HHGGS,两年合约,在网,未开通互联网,已开通电话,30,19.05
2718-GAXQD,月付套餐,已流失,宽带 DSL,已开通电话,4,46
2055-BFOCC,一年合约,在网,宽带 DSL,已开通电话,63,84
8180-AKMJV,月付套餐,在网,宽带 DSL,已开通电话,1,44.55
4298-OYIFC,月付套餐,在网,光纤,已开通电话,15,103.45
5566-SOEZD,一年合约,在网,光纤,已开通电话,27,80.65
9842-EFSYY,月付套餐,在网,宽带 DSL,未开通电话,4,57.2
2272-WUSPA,两年合约,在网,光纤,已开通电话,72,110.75
4584-LBNMK,一年合约,在网,未开通互联网,已开通电话,45,24.7
3898-GUYTS,月付套餐,在网,光纤,已开通电话,45,97.05
0930-EHUZA,一年合约,在网,宽带 DSL,已开通电话,36,76.35
6413-XKKPU,月付套餐,已流失,光纤,已开通电话,17,89.4
9975-SKRNR,月付套餐,在网,未开通互联网,已开通电话,1,18.9
3703-KBKZP,月付套餐,在网,光纤,已开通电话,16,74.45
1449-XQEMT,月付套餐,已流失,未开通互联网,已开通电话,3,19.8
2626-URJFX,月付套餐,已流失,宽带 DSL,已开通电话,4,50.9
4973-MGTON,两年合约,在网,宽带 DSL,已开通电话,71,84.4
3682-YEUWS,月付套餐,在网,未开通互联网,已开通电话,10,24.4
1223-UNPKS,两年合约,在网,未开通互联网,已开通电话,20,20.05
2612-RRIDN,月付套餐,已流失,光纤,已开通电话,4,81
4735-ASGMA,月付套餐,已流失,光纤,已开通电话,26,98.35
3446-QDSZF,月付套餐,在网,宽带 DSL,已开通电话,4,55.5
3669-LVWZB,月付套餐,已流失,宽带 DSL,未开通电话,5,51
6892-EZDTG,月付套餐,已流失,光纤,已开通电话,4,91.65
5117-IFGPS,月付套餐,在网,光纤,已开通电话,29,84.3
7379-FNIUJ,月付套餐,在网,光纤,已开通电话,2,100.2
1627-AFWVJ,两年合约,在网,未开通互联网,已开通电话,29,19.4
9725-SCPZG,月付套餐,已流失,光纤,已开通电话,1,90.85
5884-GCYMI,月付套餐,已流失,光纤,已开通电话,1,69.4
3217-FZDMN,月付套餐,已流失,光纤,已开通电话,8,94.45
4486-EFAEB,月付套餐,在网,未开通互联网,已开通电话,13,20.4
0060-FUALY,月付套餐,在网,光纤,已开通电话,59,94.75
7853-GVUDZ,月付套餐,已流失,未开通互联网,已开通电话,1,20.15
7480-QNVZJ,月付套餐,已流失,光纤,已开通电话,50,95.7
6954-OOYZZ,月付套餐,在网,宽带 DSL,已开通电话,18,44.35
7088-FBAWU,月付套餐,在网,宽带 DSL,已开通电话,17,74.55
8313-AFGBW,两年合约,在网,宽带 DSL,已开通电话,47,73.6
3943-KDREE,月付套餐,已流失,光纤,已开通电话,26,74.95
9239-ZBZZV,月付套餐,已流失,宽带 DSL,未开通电话,6,47.95
3097-IDVPU,月付套餐,在网,宽带 DSL,已开通电话,19,50.1
4398-HSCJH,月付套餐,已流失,宽带 DSL,已开通电话,3,63.6
2197-OMWGI,两年合约,在网,宽带 DSL,未开通电话,68,53
2303-PJYHN,月付套餐,在网,未开通互联网,已开通电话,2,19.85
9795-VOWON,一年合约,在网,宽带 DSL,未开通电话,7,24.35
1237-WIYYZ,月付套餐,在网,未开通互联网,已开通电话,18,19.55
1987-AUELQ,两年合约,在网,未开通互联网,已开通电话,71,25.05
7852-LECYP,月付套餐,在网,光纤,已开通电话,13,93.8
4430-UZIPO,月付套餐,已流失,宽带 DSL,未开通电话,3,36.85
4822-LPTYJ,两年合约,在网,光纤,已开通电话,72,103.75
8165-CBKXO,两年合约,在网,宽带 DSL,未开通电话,66,56.75
6527-PZFPV,一年合约,在网,未开通互联网,已开通电话,24,20.8
4855-SNKMY,月付套餐,已流失,宽带 DSL,已开通电话,1,44.1
9593-CVZKR,两年合约,在网,未开通互联网,已开通电话,56,24.45
8595-SIZNC,一年合约,在网,未开通互联网,已开通电话,22,25.6
8008-HAWED,月付套餐,已流失,宽带 DSL,未开通电话,14,50.75
7124-UGSUR,一年合约,已流失,光纤,已开通电话,61,104.4
1862-SKORY,月付套餐,已流失,宽带 DSL,未开通电话,40,39.3
5236-XMZJY,月付套餐,在网,宽带 DSL,已开通电话,42,59.65
4827-DPADN,两年合约,在网,宽带 DSL,已开通电话,72,83.3
2694-CIUMO,月付套餐,在网,光纤,已开通电话,12,79.55
5846-ABOBJ,两年合约,在网,未开通互联网,已开通电话,71,24.45
1439-LCGVL,一年合约,在网,未开通互联网,已开通电话,26,19.2
0909-SDHNU,月付套餐,在网,宽带 DSL,未开通电话,7,29.8
4647-XXZAM,月付套餐,在网,宽带 DSL,已开通电话,6,45.5
1502-XFCVR,一年合约,已流失,光纤,已开通电话,58,106.45
7740-KKCXF,月付套餐,在网,宽带 DSL,未开通电话,51,30.05
5360-XGYAZ,两年合约,在网,宽带 DSL,未开通电话,72,65.65
9692-TUSXH,月付套餐,已流失,光纤,已开通电话,18,96.05
7912-SYRQT,月付套餐,已流失,光纤,已开通电话,7,75.1
3557-HTYWR,两年合约,在网,宽带 DSL,已开通电话,47,74.05
4816-JBHOV,月付套餐,已流失,宽带 DSL,已开通电话,2,44.7
8920-NAVAY,一年合约,在网,光纤,已开通电话,62,110.75
1699-TLDLZ,两年合约,在网,未开通互联网,已开通电话,16,19.7
5600-PDUJF,月付套餐,在网,宽带 DSL,已开通电话,6,49.5
8292-TYSPY,月付套餐,已流失,宽带 DSL,已开通电话,19,55
0567-XRHCU,两年合约,在网,宽带 DSL,未开通电话,69,43.95
1867-BDVFH,月付套餐,已流失,光纤,已开通电话,11,74.35
2067-QYTCF,月付套餐,在网,光纤,已开通电话,64,111.15
2359-QWQUL,一年合约,已流失,光纤,已开通电话,39,104.7
9103-TCIHJ,月付套餐,已流失,宽带 DSL,已开通电话,15,55.7
7407-SUJIZ,月付套餐,在网,未开通互联网,已开通电话,25,20.6
9150-KPBJQ,两年合约,在网,未开通互联网,已开通电话,6,19.65
0052-DCKON,一年合约,在网,光纤,已开通电话,66,115.8
3654-ARMGP,两年合约,在网,宽带 DSL,已开通电话,61,88.65
9699-UBQFS,月付套餐,在网,光纤,已开通电话,43,94.5
9367-TCUYN,月付套餐,在网,未开通互联网,已开通电话,12,20.1
1261-FWTTE,月付套餐,在网,宽带 DSL,未开通电话,23,34.65
3528-HFRIQ,月付套餐,在网,宽带 DSL,未开通电话,71,52.3
0708-SJDIS,月付套餐,在网,宽带 DSL,已开通电话,34,65
4140-WJAWW,月付套餐,已流失,未开通互联网,已开通电话,5,19.85
2073-QBVBI,一年合约,在网,宽带 DSL,未开通电话,41,35.45
6928-ONTRW,两年合约,在网,未开通互联网,已开通电话,72,19.7
3320-VEOYC,月付套餐,在网,光纤,已开通电话,14,95.6
5231-FIQPA,两年合约,在网,未开通互联网,已开通电话,41,19.85
6617-WLBQC,一年合约,在网,光纤,已开通电话,23,81.85
2599-CIPQE,两年合约,在网,光纤,已开通电话,71,109.3
6653-CBBOM,月付套餐,已流失,光纤,已开通电话,1,70.3
8774-GSBUN,两年合约,在网,未开通互联网,已开通电话,72,25.4
7326-RIGQZ,月付套餐,在网,光纤,已开通电话,6,69.8
1401-FTHFQ,一年合约,在网,未开通互联网,已开通电话,23,20
3247-ZVOUO,月付套餐,已流失,光纤,已开通电话,10,85.55
0254-FNMCI,两年合约,在网,光纤,已开通电话,72,109.9
1848-LBZHY,月付套餐,在网,宽带 DSL,已开通电话,7,50.3
6101-IMRMM,月付套餐,已流失,光纤,已开通电话,6,94.5
8118-TJAFG,月付套餐,在网,光纤,已开通电话,9,101.5
5429-LWCMV,月付套餐,在网,光纤,已开通电话,12,89.15
7298-IZWLY,月付套餐,在网,未开通互联网,已开通电话,1,19.4
9758-MFWGD,一年合约,在网,宽带 DSL,未开通电话,48,29.9
3955-JBZZM,月付套餐,在网,光纤,已开通电话,20,78.8
1268-ASBGA,月付套餐,已流失,光纤,已开通电话,16,85.35
8943-URTMR,月付套餐,已流失,光纤,已开通电话,2,79.65
4815-TUMEQ,一年合约,在网,未开通互联网,已开通电话,10,19.3
4713-LZDRV,月付套餐,已流失,光纤,已开通电话,2,79.6
9909-IDLEK,月付套餐,在网,光纤,已开通电话,20,96.8
4092-OFQZS,一年合约,在网,未开通互联网,已开通电话,20,20.65
1561-BWHIN,一年合约,在网,未开通互联网,已开通电话,19,19.8
4325-NFSKC,月付套餐,已流失,光纤,已开通电话,19,90.6
9927-DSWDF,月付套餐,在网,光纤,已开通电话,22,104.6
9500-LTVBP,月付套餐,在网,光纤,已开通电话,35,80.05
7252-NTGSS,月付套餐,在网,宽带 DSL,已开通电话,1,45.15
8149-AIQCG,月付套餐,在网,光纤,已开通电话,39,73.15
1360-JYXKQ,一年合约,在网,光纤,已开通电话,54,99.1
2955-PSXOE,月付套餐,已流失,未开通互联网,已开通电话,1,20.2
7762-URZQH,两年合约,已流失,光纤,已开通电话,66,106.05
0899-WZRSD,月付套餐,在网,光纤,已开通电话,56,105.35
3255-GRXMG,月付套餐,在网,宽带 DSL,已开通电话,18,45.65
4828-FAZPK,月付套餐,在网,光纤,已开通电话,16,79.95
6094-ZIVKX,一年合约,在网,宽带 DSL,已开通电话,68,54.45
6925-BAYGL,两年合约,在网,未开通互联网,已开通电话,53,25.1
3262-EIDHV,两年合约,在网,宽带 DSL,已开通电话,72,84.7
7354-OIJLX,月付套餐,在网,光纤,已开通电话,9,75.85
1376-HHBDV,月付套餐,在网,宽带 DSL,已开通电话,30,48.8
6907-NZZIJ,月付套餐,已流失,光纤,已开通电话,36,99.15
6133-OZILE,月付套餐,在网,宽带 DSL,未开通电话,18,35.2
4135-FRWKJ,一年合约,在网,宽带 DSL,已开通电话,55,76.25
2911-UREFD,月付套餐,已流失,宽带 DSL,未开通电话,39,55.9
3744-ZRRDZ,月付套餐,已流失,光纤,已开通电话,21,82.35
5673-TIYIB,月付套餐,已流失,宽带 DSL,未开通电话,2,40.4
6551-ZCOTS,一年合约,在网,未开通互联网,已开通电话,33,24.9
7191-ADRGF,两年合约,在网,宽带 DSL,未开通电话,44,54.3
5018-LXQQG,月付套餐,在网,宽带 DSL,已开通电话,30,66.3
6892-BOGQE,两年合约,在网,未开通互联网,已开通电话,71,20.9
1602-IJQQE,月付套餐,已流失,光纤,已开通电话,4,75.35
4628-WQCQQ,一年合约,已流失,光纤,已开通电话,35,85.15
1746-TGTWV,月付套餐,在网,光纤,已开通电话,1,75.35
5995-SNNEW,月付套餐,在网,光纤,已开通电话,23,104.45
8050-WYBND,一年合约,在网,宽带 DSL,未开通电话,22,49.45
2821-WARNZ,一年合约,在网,未开通互联网,已开通电话,49,19.45
4879-GZLFH,月付套餐,在网,光纤,已开通电话,42,92.15
1644-IRKSF,一年合约,已流失,光纤,已开通电话,33,93.8
8314-HTWVE,两年合约,在网,未开通互联网,已开通电话,7,19.85
9402-ROUMJ,一年合约,在网,光纤,已开通电话,67,100.25
2507-QZPQS,月付套餐,在网,光纤,已开通电话,15,95.7
7159-NOKYQ,两年合约,在网,光纤,已开通电话,67,93.15
5707-ZMDJP,两年合约,在网,宽带 DSL,已开通电话,53,69.7
8779-YIQQA,一年合约,在网,未开通互联网,已开通电话,21,19.8
7136-IHZJA,月付套餐,在网,宽带 DSL,已开通电话,40,71.35
8966-OIQHG,一年合约,在网,未开通互联网,已开通电话,22,20.75
7074-STDCN,月付套餐,在网,宽带 DSL,未开通电话,39,40.6
3705-PSNGL,一年合约,已流失,未开通互联网,已开通电话,45,20.4
8739-QOTTN,月付套餐,在网,未开通互联网,已开通电话,2,20.35
1399-OUPJN,两年合约,在网,未开通互联网,已开通电话,57,19.75
0277-BKSQP,月付套餐,在网,宽带 DSL,已开通电话,8,54.4
6502-HCJTI,月付套餐,已流失,光纤,已开通电话,7,94.7
2606-RMDHZ,月付套餐,已流失,宽带 DSL,未开通电话,6,30.5
5774-XZTQC,月付套餐,在网,未开通互联网,已开通电话,7,20.45
2676-SSLTO,两年合约,在网,宽带 DSL,已开通电话,49,66.15
6266-QHOJZ,一年合约,在网,光纤,已开通电话,65,89.85
7269-JISCY,一年合约,在网,宽带 DSL,已开通电话,55,45.05
0363-SVHYR,两年合约,在网,宽带 DSL,已开通电话,71,86.85
8547-NSBBO,月付套餐,在网,光纤,已开通电话,35,96.75
8258-GSTJK,月付套餐,已流失,光纤,已开通电话,3,77
6861-OKBCE,月付套餐,已流失,未开通互联网,已开通电话,11,20.1
9940-RHLFB,月付套餐,已流失,光纤,已开通电话,1,75.3
6591-QGOYB,月付套餐,在网,光纤,已开通电话,17,106.65
9070-BCKQP,两年合约,在网,光纤,已开通电话,72,110.15
6421-SZVEM,一年合约,在网,光纤,已开通电话,28,82.85
1328-EUZHC,两年合约,在网,未开通互联网,已开通电话,18,20.1
2995-UPRYS,一年合约,已流失,光纤,已开通电话,40,99.2
8878-RYUKI,月付套餐,在网,宽带 DSL,已开通电话,52,59.45
9633-DENPU,月付套餐,在网,宽带 DSL,已开通电话,47,58.6
7811-JIVPF,月付套餐,在网,宽带 DSL,已开通电话,23,49.7
7113-HIPFI,两年合约,在网,宽带 DSL,已开通电话,66,65.85
8541-QVFKM,月付套餐,在网,光纤,已开通电话,8,73.5
6686-YPGHK,月付套餐,已流失,光纤,已开通电话,47,85.5
1383-EZRWL,月付套餐,已流失,未开通互联网,已开通电话,7,20.05
9258-CNWAC,两年合约,在网,光纤,已开通电话,71,113.65
5371-VYLSX,月付套餐,在网,光纤,已开通电话,50,83.4
6374-AFWOX,两年合约,在网,宽带 DSL,已开通电话,46,65.65
4759-TRPLW,月付套餐,已流失,光纤,已开通电话,1,70.4
5317-FLPJF,两年合约,在网,宽带 DSL,未开通电话,66,61.35
7621-VPNET,月付套餐,在网,光纤,已开通电话,42,85.9
6034-YMTOB,月付套餐,在网,光纤,已开通电话,5,75.65
8563-IIOXK,一年合约,已流失,宽带 DSL,已开通电话,7,49.75
4903-CNOZC,一年合约,在网,宽带 DSL,已开通电话,29,70.9
4353-HYOJD,月付套餐,在网,宽带 DSL,已开通电话,27,49.85
8020-BWHYL,月付套餐,已流失,光纤,已开通电话,15,75.3
7267-FRMJW,两年合约,在网,未开通互联网,已开通电话,25,20.1
2982-VPSGI,月付套餐,已流失,光纤,已开通电话,11,94
4188-FRABG,月付套餐,在网,光纤,已开通电话,57,103.05
8199-ZLLSA,一年合约,已流失,光纤,已开通电话,67,118.35
4128-ETESU,月付套餐,在网,光纤,已开通电话,47,99.7
0620-DLSLK,月付套餐,在网,光纤,已开通电话,13,81.9
4625-EWPTF,月付套餐,已流失,宽带 DSL,未开通电话,8,30.45
5980-NOPLP,月付套餐,已流失,光纤,已开通电话,44,96.1
3850-OKINF,一年合约,在网,宽带 DSL,已开通电话,71,66.2
6892-XPFPU,月付套餐,已流失,光纤,已开通电话,24,104.25
8010-EZLOU,月付套餐,已流失,光纤,已开通电话,15,80.2
1156-ZFYDO,月付套餐,在网,未开通互联网,已开通电话,1,19.75
3295-YVUSR,月付套餐,在网,光纤,已开通电话,2,72.6
8016-NCFVO,月付套餐,在网,光纤,已开通电话,55,116.5
4119-ZYPZY,两年合约,在网,光纤,已开通电话,71,106.8
5549-ZGHFB,两年合约,在网,未开通互联网,已开通电话,50,24.95
7577-SWIFR,月付套餐,在网,光纤,已开通电话,1,89.25
0303-WMMRN,月付套餐,在网,未开通互联网,已开通电话,5,19.25
6408-OTUBZ,一年合约,在网,光纤,已开通电话,66,104.55
5204-HMGYF,一年合约,在网,宽带 DSL,已开通电话,49,87.2
1078-TDCRN,月付套餐,在网,宽带 DSL,未开通电话,3,30.75
3727-OVPRY,一年合约,在网,未开通互联网,已开通电话,66,25.7
3797-FKOGQ,月付套餐,在网,光纤,已开通电话,11,86.2
7622-NXQZR,月付套餐,在网,宽带 DSL,未开通电话,28,30.1
6196-HBOBZ,两年合约,在网,光纤,已开通电话,65,99.35
3970-XGJDU,两年合约,在网,未开通互联网,已开通电话,62,19.2
7017-VFULY,月付套餐,在网,未开通互联网,已开通电话,2,20.1
5562-YJQGT,月付套餐,在网,未开通互联网,已开通电话,2,20.35
8807-OPMBM,两年合约,在网,未开通互联网,已开通电话,55,25.65
5439-WIKXB,月付套餐,在网,光纤,已开通电话,41,94.55
9874-QLCLH,月付套餐,已流失,光纤,已开通电话,17,104.2
8294-UIMBA,一年合约,在网,光纤,已开通电话,30,94.4
8109-YUOHE,一年合约,在网,宽带 DSL,已开通电话,17,56.1
5840-NVDCG,两年合约,在网,宽带 DSL,已开通电话,16,68.25
8092-NLTGF,两年合约,在网,未开通互联网,已开通电话,72,24.75
5928-QLDHB,月付套餐,在网,光纤,已开通电话,9,76.25
9840-EFJQB,月付套餐,在网,光纤,已开通电话,1,74.35
0696-UKTOX,月付套餐,在网,宽带 DSL,已开通电话,23,54.15
4801-KFYKL,月付套餐,在网,未开通互联网,已开通电话,8,19.45
3472-OAOOR,月付套餐,在网,宽带 DSL,未开通电话,19,34.95
6135-OZQVA,月付套餐,在网,宽带 DSL,已开通电话,7,53.65
8062-YBDOE,月付套餐,已流失,光纤,已开通电话,1,69.65
2252-JHJGE,一年合约,在网,光纤,已开通电话,61,104
4188-PCPIG,两年合约,在网,宽带 DSL,已开通电话,57,70.35
6000-APYLU,月付套餐,已流失,光纤,已开通电话,9,80.8
7105-BENQF,一年合约,在网,宽带 DSL,已开通电话,15,64.85
7721-DVEKZ,月付套餐,在网,未开通互联网,已开通电话,1,19.65
3566-VVORZ,月付套餐,在网,宽带 DSL,已开通电话,12,45.9
9507-HSMMZ,两年合约,在网,未开通互联网,已开通电话,54,20
2480-SQIOB,月付套餐,在网,宽带 DSL,已开通电话,4,44.8
0947-IDHRQ,月付套餐,已流失,光纤,已开通电话,7,80.3
7813-TKCVO,一年合约,在网,未开通互联网,已开通电话,20,20.35
0128-MKWSG,月付套餐,在网,宽带 DSL,未开通电话,26,45.8
3672-YITQD,月付套餐,已流失,光纤,已开通电话,36,84.1
4350-ZTLPI,一年合约,在网,光纤,已开通电话,53,108.95
9048-JVYVF,月付套餐,已流失,宽带 DSL,已开通电话,3,69.35
0361-HJRDX,两年合约,在网,宽带 DSL,未开通电话,68,64.35
5727-MYATE,两年合约,在网,宽带 DSL,已开通电话,72,90.8
3823-KYNQY,一年合约,在网,未开通互联网,已开通电话,12,24.95
8988-ECPJR,月付套餐,已流失,光纤,已开通电话,34,79.6
7570-WELNY,两年合约,在网,光纤,已开通电话,68,84.7
3021-VLNRJ,一年合约,在网,宽带 DSL,已开通电话,50,70.8
3776-EKTKM,月付套餐,已流失,宽带 DSL,未开通电话,1,36.45
2080-CAZNM,月付套餐,在网,光纤,已开通电话,41,104.4
1028-FFNJK,月付套餐,在网,光纤,已开通电话,30,101.5
6907-FLBER,月付套餐,在网,宽带 DSL,已开通电话,1,54.3
3001-UNBTL,月付套餐,在网,光纤,已开通电话,29,103.95
5982-PSMKW,两年合约,在网,宽带 DSL,已开通电话,23,91.1
3507-GASNP,两年合约,在网,未开通互联网,已开通电话,60,19.95
7096-ZNBZI,两年合约,在网,未开通互联网,已开通电话,72,26.45
1902-XBTFB,月付套餐,已流失,光纤,已开通电话,22,89.4
1676-MQAOA,两年合约,在网,宽带 DSL,已开通电话,72,75.1
0786-IVLAW,一年合约,在网,光纤,已开通电话,66,108.1
7566-DSRLQ,两年合约,在网,光纤,已开通电话,72,110.15
0643-OKLRP,月付套餐,已流失,光纤,已开通电话,47,80.35
7245-JMTTQ,一年合约,在网,光纤,已开通电话,51,111.5
6050-IJRHS,一年合约,在网,光纤,已开通电话,70,106.5
6202-JVYEU,一年合约,在网,未开通互联网,已开通电话,9,19.9
8591-TKMZH,两年合约,在网,光纤,已开通电话,59,111.1
0734-OXWBT,月付套餐,在网,宽带 DSL,已开通电话,3,70.7
4282-ACRXS,月付套餐,在网,宽带 DSL,未开通电话,38,24.85
0365-TRTPY,月付套餐,在网,光纤,已开通电话,37,91.2
7349-ALMUX,两年合约,在网,宽带 DSL,已开通电话,37,65.6
9381-NDKME,月付套餐,已流失,宽带 DSL,未开通电话,24,40.65
6502-KUGLL,月付套餐,在网,宽带 DSL,已开通电话,14,59.45
1841-YSJGV,两年合约,在网,光纤,已开通电话,72,109.95
2794-XIMMO,一年合约,已流失,宽带 DSL,未开通电话,53,60.45
8382-SHQEH,月付套餐,已流失,光纤,已开通电话,8,84.9
3511-BFTJW,两年合约,在网,宽带 DSL,未开通电话,72,38.5
7668-XCFYV,月付套餐,在网,光纤,已开通电话,17,92.55
2983-ZANRP,月付套餐,已流失,光纤,已开通电话,2,73.55
7845-URHJN,月付套餐,已流失,未开通互联网,已开通电话,8,20.15
3034-ZBEQN,一年合约,已流失,宽带 DSL,未开通电话,48,34.7
5018-HEKFO,月付套餐,在网,未开通互联网,已开通电话,10,24.5
2923-ARZLG,一年合约,在网,未开通互联网,已开通电话,0,19.7
3976-NLDEZ,月付套餐,在网,未开通互联网,已开通电话,1,20.6
2282-YGNOR,一年合约,在网,宽带 DSL,已开通电话,29,58
5336-UFNZP,一年合约,在网,光纤,已开通电话,65,107.45
6854-EXGSF,月付套餐,在网,宽带 DSL,已开通电话,8,65.5
1241-EZFMJ,两年合约,在网,未开通互联网,已开通电话,61,25.45
9233-PSYHO,一年合约,在网,光纤,已开通电话,45,100.15
5376-PCKNB,一年合约,在网,光纤,已开通电话,72,104.45
8044-BGWPI,月付套餐,在网,未开通互联网,已开通电话,12,21.15
4060-LDNLU,月付套餐,在网,光纤,已开通电话,7,96.2
3589-PPVKW,月付套餐,在网,宽带 DSL,已开通电话,9,44.4
8327-LZKAS,一年合约,已流失,光纤,已开通电话,43,107.55
5887-IKKYO,两年合约,在网,光纤,已开通电话,58,94.35
1075-BGWOH,月付套餐,已流失,光纤,已开通电话,16,98.75
1755-RMCXH,月付套餐,在网,未开通互联网,已开通电话,2,20.3
0302-JOIVN,月付套餐,已流失,光纤,已开通电话,8,101.15
3858-XHYJO,一年合约,在网,光纤,已开通电话,40,105.75
4299-SIMNS,月付套餐,在网,光纤,已开通电话,9,81.15
7025-IWFHT,一年合约,在网,光纤,已开通电话,41,89.55
6261-LHRTG,月付套餐,在网,宽带 DSL,已开通电话,26,54.75
7841-FCRQD,一年合约,在网,宽带 DSL,已开通电话,33,53.75
2056-EVGZL,一年合约,在网,光纤,已开通电话,68,105.75
8777-MBMTS,两年合约,在网,光纤,已开通电话,65,105.85
7753-USQYQ,一年合约,在网,宽带 DSL,已开通电话,55,64.2
5366-IJEQJ,月付套餐,已流失,光纤,已开通电话,20,88.7
7661-CPURM,一年合约,在网,光纤,已开通电话,19,87.7
6233-HXJMX,月付套餐,在网,光纤,已开通电话,45,89.3
5902-WBLSE,两年合约,在网,未开通互联网,已开通电话,70,20.15
1981-INRFU,月付套餐,已流失,光纤,已开通电话,2,79.75
4971-PUYQO,月付套餐,已流失,光纤,已开通电话,27,94.55
3239-TPHPZ,两年合约,在网,未开通互联网,已开通电话,12,20.05
5115-GZDEL,两年合约,在网,宽带 DSL,未开通电话,72,67.2
3338-CVVEH,月付套餐,在网,光纤,已开通电话,12,94.55
8485-GJCDN,月付套餐,已流失,光纤,已开通电话,5,69.05
2615-YVMYX,月付套餐,在网,光纤,已开通电话,71,107.5
2851-STERV,一年合约,在网,宽带 DSL,已开通电话,35,73
4393-GEADV,两年合约,在网,光纤,已开通电话,70,114.75
8486-AYEQH,月付套餐,在网,光纤,已开通电话,31,76.05
1527-SXDPN,两年合约,已流失,光纤,已开通电话,52,96.25
6029-WTIPC,月付套餐,已流失,光纤,已开通电话,37,101.1
8634-CILSZ,一年合约,已流失,光纤,已开通电话,69,104.7
5419-JKZNQ,月付套餐,在网,光纤,已开通电话,30,77.9
2495-KZNFB,月付套餐,在网,光纤,已开通电话,33,90.65
1409-PHXTF,两年合约,在网,光纤,已开通电话,54,110.45
4560-WQAQW,一年合约,在网,宽带 DSL,已开通电话,59,68.7
9591-YVTEB,月付套餐,在网,宽带 DSL,未开通电话,55,44.85
9309-BZGNT,一年合约,在网,宽带 DSL,未开通电话,69,29.8
4274-DRSQT,一年合约,在网,光纤,已开通电话,66,88.9
2027-DNKIV,一年合约,在网,宽带 DSL,已开通电话,37,58.75
8075-GXIUB,一年合约,在网,未开通互联网,已开通电话,9,19.85
2885-HIJDH,两年合约,在网,宽带 DSL,已开通电话,69,86.9
5424-RLQLC,月付套餐,在网,宽带 DSL,已开通电话,10,59.65
6682-QJDGB,月付套餐,已流失,宽带 DSL,已开通电话,40,55.25
6507-DTJZV,月付套餐,在网,宽带 DSL,已开通电话,13,66.4
8780-IXSTS,月付套餐,已流失,光纤,已开通电话,6,90.1
7673-BQGKU,两年合约,在网,未开通互联网,已开通电话,69,20.15
6723-WSNTY,一年合约,在网,光纤,已开通电话,66,108.1
9530-EHPOH,月付套餐,已流失,宽带 DSL,已开通电话,11,53.75
2725-IWWBA,一年合约,在网,宽带 DSL,已开通电话,46,56.9
0345-HKJVM,月付套餐,已流失,光纤,已开通电话,6,89.3
1061-PNTHC,月付套餐,在网,光纤,已开通电话,56,109.6
0394-YONDK,两年合约,在网,未开通互联网,已开通电话,70,25.15
6574-MCOEH,一年合约,在网,宽带 DSL,已开通电话,33,79.15
7399-QHBJS,两年合约,在网,宽带 DSL,已开通电话,72,66.75
3049-SOLAY,月付套餐,已流失,光纤,已开通电话,3,95.2
0997-YTLNY,月付套餐,在网,宽带 DSL,已开通电话,19,48.8
3317-HRTNN,月付套餐,已流失,宽带 DSL,未开通电话,5,45.7
9479-HYNYL,两年合约,在网,宽带 DSL,已开通电话,71,80.7
3235-ETOOB,月付套餐,已流失,光纤,已开通电话,8,74.5
9708-KFDBY,月付套餐,在网,未开通互联网,已开通电话,1,20.55
8058-INTPH,月付套餐,已流失,光纤,已开通电话,1,79.65
3642-GKTCT,一年合约,在网,光纤,已开通电话,61,115.1
0774-RMNUW,两年合约,在网,宽带 DSL,未开通电话,71,59.7
1334-PDUKM,一年合约,在网,光纤,已开通电话,68,86.45
0756-MPZRL,一年合约,在网,宽带 DSL,未开通电话,46,33.7
2242-MFOTG,一年合约,在网,光纤,已开通电话,33,80.1
2927-CVULT,两年合约,在网,光纤,已开通电话,53,104.05
2144-BFDSO,月付套餐,在网,光纤,已开通电话,50,108.75
8745-PVESG,一年合约,在网,宽带 DSL,未开通电话,57,41.1
7647-GYYKX,两年合约,在网,未开通互联网,已开通电话,54,20.35
5647-FXOTP,月付套餐,在网,光纤,已开通电话,60,105.9
5569-OUICF,月付套餐,已流失,光纤,已开通电话,28,101.3
8821-XNHVZ,月付套餐,已流失,光纤,已开通电话,1,80.05
2082-OJVTK,月付套餐,已流失,光纤,已开通电话,29,89.2
9700-ISPUP,月付套餐,在网,宽带 DSL,已开通电话,10,65.5
9839-ETQOE,月付套餐,在网,宽带 DSL,未开通电话,43,40.45
6078-VESFR,月付套餐,在网,光纤,已开通电话,13,70.45
9027-TMATR,两年合约,在网,宽带 DSL,已开通电话,43,78.8
5940-NFXKV,月付套餐,已流失,光纤,已开通电话,19,83.65
1941-HOSAM,月付套餐,在网,光纤,已开通电话,1,90.1
9110-HSGTV,两年合约,在网,宽带 DSL,已开通电话,69,82.45
0704-VCUMB,两年合约,在网,未开通互联网,已开通电话,61,20.25
6171-ZTVYB,月付套餐,在网,宽带 DSL,已开通电话,43,66.25
8053-WWDRO,月付套餐,已流失,未开通互联网,已开通电话,6,19.5
9564-KCLHR,月付套餐,已流失,宽带 DSL,已开通电话,1,51.25
1935-IMVBB,月付套餐,在网,光纤,已开通电话,56,89.7
2535-PBCGC,两年合约,在网,宽带 DSL,未开通电话,70,64.55
2082-CEFLT,月付套餐,已流失,宽带 DSL,已开通电话,1,45.6
1470-PSXNM,一年合约,在网,光纤,已开通电话,49,93.65
1213-NGCUN,月付套餐,已流失,宽带 DSL,已开通电话,6,49.65
2498-XLDZR,两年合约,在网,宽带 DSL,已开通电话,32,73.6
9866-OCCKE,两年合约,在网,光纤,已开通电话,72,109.75
5338-YHWYT,两年合约,在网,宽带 DSL,已开通电话,37,61.45
7718-UPSKJ,一年合约,在网,光纤,已开通电话,69,106.4
8731-WBBMB,月付套餐,在网,宽带 DSL,已开通电话,26,81.9
1448-CYWKC,一年合约,在网,光纤,已开通电话,58,105.2
7901-IIDQV,一年合约,在网,宽带 DSL,已开通电话,24,54.6
2690-DVRVK,一年合约,在网,未开通互联网,已开通电话,5,20.55
5688-KZTSN,月付套餐,已流失,未开通互联网,已开通电话,15,20
1270-XKUCC,两年合约,在网,未开通互联网,已开通电话,30,19.7
0334-ZFJSR,一年合约,在网,宽带 DSL,已开通电话,55,66.05
2894-QOJRX,月付套餐,已流失,宽带 DSL,未开通电话,25,34
5747-PMBSQ,月付套餐,已流失,光纤,已开通电话,10,92.5
5583-EJXRD,两年合约,在网,宽带 DSL,未开通电话,44,54.05
4565-EVZMJ,一年合约,在网,宽带 DSL,已开通电话,47,58.9
3143-JQEGI,月付套餐,已流失,光纤,已开通电话,13,88.35
6386-SZZKH,两年合约,已流失,光纤,已开通电话,49,107.95
3327-YBAKM,一年合约,在网,光纤,已开通电话,64,96.9
9441-QHEVC,月付套餐,在网,未开通互联网,已开通电话,1,19.1
6705-LNMDD,月付套餐,在网,宽带 DSL,已开通电话,20,50
2580-ASVVY,两年合约,在网,宽带 DSL,未开通电话,37,45.4
3370-GQEAL,月付套餐,在网,光纤,已开通电话,30,85.45
5032-USPKF,一年合约,在网,宽带 DSL,已开通电话,38,84.1
2982-IHMFT,月付套餐,已流失,光纤,已开通电话,1,74.45
3521-SYVOR,月付套餐,已流失,宽带 DSL,已开通电话,37,64.75
4254-QPEDE,两年合约,在网,宽带 DSL,未开通电话,52,66.25
6283-GITPX,两年合约,在网,宽带 DSL,已开通电话,71,76.9
9526-JAWYF,月付套餐,已流失,光纤,已开通电话,26,89.8
0771-CHWSK,两年合约,在网,宽带 DSL,已开通电话,66,74.6
9788-HNGUT,两年合约,在网,光纤,已开通电话,72,116.95
9495-REDIY,一年合约,在网,宽带 DSL,未开通电话,25,40.65
5375-XLDOF,两年合约,在网,光纤,已开通电话,69,114.35
1172-VIYBP,两年合约,在网,宽带 DSL,已开通电话,53,69.7
5649-VUKMC,一年合约,已流失,光纤,已开通电话,12,95.5
6559-PDZLR,月付套餐,在网,光纤,已开通电话,26,98.65
8992-OBVDG,月付套餐,在网,宽带 DSL,已开通电话,21,61.65
4273-MBHYA,月付套餐,在网,光纤,已开通电话,1,89.35
4724-WXVWF,月付套餐,在网,光纤,已开通电话,48,95.4
5701-GUXDC,一年合约,在网,宽带 DSL,未开通电话,26,35.4
1460-UZPRJ,两年合约,在网,未开通互联网,已开通电话,60,19.95
6082-GLJIX,月付套餐,在网,未开通互联网,已开通电话,18,19.25
5143-EGQFK,月付套餐,已流失,宽带 DSL,未开通电话,10,29.65
4919-IKATY,月付套餐,已流失,光纤,已开通电话,5,84.5
2495-TTHBQ,一年合约,在网,未开通互联网,已开通电话,4,20.4
0485-ZBSLN,两年合约,在网,未开通互联网,已开通电话,65,24.75
3810-PJUHR,两年合约,在网,未开通互联网,已开通电话,70,25.35
9050-QLROH,月付套餐,已流失,光纤,已开通电话,18,90.7
0847-HGRML,两年合约,在网,未开通互联网,已开通电话,62,20
8232-CTLKO,两年合约,在网,宽带 DSL,已开通电话,66,59.75
9227-YBAXE,两年合约,在网,宽带 DSL,已开通电话,65,82.5
6168-WFVVF,月付套餐,已流失,光纤,已开通电话,3,70.3
9860-LISIZ,月付套餐,在网,未开通互联网,已开通电话,34,20.35
0112-QAWRZ,月付套餐,在网,光纤,已开通电话,16,90.8
0877-SDMBN,一年合约,已流失,光纤,已开通电话,54,103.95
2786-GCDPI,月付套餐,在网,光纤,已开通电话,50,104.95
4043-MKDTV,两年合约,在网,光纤,已开通电话,71,105.25
8065-YKXKD,月付套餐,已流失,光纤,已开通电话,10,74.75
9637-EIHEQ,月付套餐,已流失,宽带 DSL,已开通电话,1,50.8
9229-RQABD,一年合约,在网,未开通互联网,已开通电话,18,23.75
8313-KTIHG,月付套餐,在网,宽带 DSL,已开通电话,4,61.3
5320-BRKGK,两年合约,在网,宽带 DSL,已开通电话,58,75.8
6284-KMNUF,一年合约,在网,光纤,已开通电话,56,98
9689-PTNPG,月付套餐,已流失,光纤,已开通电话,2,80.25
9465-RWMXL,月付套餐,已流失,光纤,已开通电话,32,78.9
6229-UOLQL,一年合约,在网,宽带 DSL,未开通电话,56,52
2362-IBOOY,月付套餐,已流失,光纤,已开通电话,36,84.75
3137-LUPIX,月付套餐,在网,宽带 DSL,已开通电话,4,64.4
0843-WTBXE,月付套餐,已流失,光纤,已开通电话,53,85.45
6143-JQKEA,月付套餐,在网,宽带 DSL,已开通电话,10,45.8
8676-OOQEJ,月付套餐,在网,宽带 DSL,未开通电话,4,30.5
5515-IDEJJ,月付套餐,已流失,未开通互联网,已开通电话,1,19.9
9701-CDXHR,月付套餐,在网,光纤,已开通电话,51,69.15
7450-NWRTR,月付套餐,已流失,光纤,已开通电话,12,99.45
8124-NZVGJ,一年合约,在网,宽带 DSL,未开通电话,6,49.25
2162-FRZAA,两年合约,在网,宽带 DSL,未开通电话,63,39.35
5376-DEQCP,月付套餐,已流失,光纤,已开通电话,1,70.6
5118-MUEYH,月付套餐,在网,光纤,已开通电话,48,105.1
9095-HFAFX,月付套餐,已流失,光纤,已开通电话,5,81
5627-TVBPP,一年合约,在网,未开通互联网,已开通电话,35,20.1
2379-ENZGV,月付套餐,已流失,光纤,已开通电话,6,84.85
3936-QQFLL,月付套餐,在网,未开通互联网,已开通电话,2,19.75
2589-AYCRP,一年合约,在网,未开通互联网,已开通电话,50,19.75
4067-HLYQI,月付套餐,在网,光纤,已开通电话,33,70.4
5124-EOGYE,两年合约,在网,未开通互联网,已开通电话,31,20.45
5057-RKGLH,两年合约,在网,未开通互联网,已开通电话,9,20.35
0292-WEGCH,月付套餐,在网,宽带 DSL,已开通电话,54,86.2
8910-ICHIU,一年合约,在网,光纤,已开通电话,46,95.65
4097-YODCF,一年合约,在网,光纤,已开通电话,34,103.8
9715-WZCLW,两年合约,在网,光纤,已开通电话,71,97.2
9786-YWNHU,两年合约,在网,宽带 DSL,已开通电话,63,63.55
6407-GSJNL,两年合约,在网,未开通互联网,已开通电话,51,24.95
6005-OBZPH,月付套餐,已流失,光纤,已开通电话,26,89.15
4049-ZPALD,两年合约,在网,光纤,已开通电话,64,99
7932-WPTDS,月付套餐,已流失,宽带 DSL,未开通电话,1,24.8
3733-UOCWF,一年合约,在网,光纤,已开通电话,61,85.55
6833-JMZYP,月付套餐,在网,光纤,已开通电话,15,94
2722-VOJQL,一年合约,已流失,光纤,已开通电话,64,105.65
1310-QRITU,月付套餐,在网,宽带 DSL,已开通电话,18,50.3
8961-QDZZJ,一年合约,在网,光纤,已开通电话,57,95
9715-SBVSU,两年合约,在网,宽带 DSL,已开通电话,14,61.4
8490-BXHEO,月付套餐,在网,光纤,已开通电话,18,80.55
7173-TETGO,两年合约,在网,光纤,已开通电话,72,78.5
7929-SKFGK,两年合约,在网,光纤,已开通电话,70,114.3
2300-RQGOI,两年合约,在网,未开通互联网,已开通电话,38,20.05
3563-SVYLG,两年合约,在网,宽带 DSL,已开通电话,68,62.65
5228-EXCET,月付套餐,已流失,光纤,已开通电话,13,80.85
6435-VWCCY,两年合约,在网,光纤,已开通电话,65,92.7
4998-IKFSE,月付套餐,在网,光纤,已开通电话,30,100.45
8630-QSGXK,两年合约,在网,宽带 DSL,已开通电话,51,75.2
2455-USLMV,月付套餐,在网,光纤,已开通电话,31,84.75
7394-FKDNK,月付套餐,已流失,光纤,已开通电话,9,89.45
9488-FVZCC,两年合约,在网,宽带 DSL,已开通电话,72,79.5
6331-LWDTQ,月付套餐,已流失,宽带 DSL,已开通电话,10,72.15
5995-WWKKG,一年合约,在网,未开通互联网,已开通电话,37,19.8
1597-FZREH,月付套餐,已流失,宽带 DSL,已开通电话,2,76.4
7879-CGSFV,一年合约,在网,光纤,已开通电话,55,100.9
9921-EZKBY,月付套餐,在网,光纤,已开通电话,33,95.3
7432-FFVAR,一年合约,在网,光纤,已开通电话,46,90.95
7246-ZGQDF,月付套餐,在网,宽带 DSL,已开通电话,1,54.5
7000-WCEVQ,月付套餐,已流失,宽带 DSL,已开通电话,20,61.6
0727-IWKVK,月付套餐,已流失,光纤,已开通电话,9,79.9
5959-BELXA,月付套餐,已流失,光纤,已开通电话,32,96.15
4456-RHSNB,月付套餐,在网,宽带 DSL,已开通电话,19,49.6
3512-IZIKN,两年合约,已流失,宽带 DSL,已开通电话,70,65.3
2481-SBOYW,两年合约,在网,未开通互联网,已开通电话,61,25
7109-MFBYV,月付套餐,在网,宽带 DSL,已开通电话,26,45.45
1833-TCXKK,月付套餐,在网,光纤,已开通电话,45,107.75
1832-PEUTS,两年合约,在网,光纤,已开通电话,62,89.1
6141-OOXUQ,月付套餐,已流失,未开通互联网,已开通电话,1,19.65
8660-BUETV,月付套餐,在网,宽带 DSL,已开通电话,3,44.75
0580-PIQHM,一年合约,在网,光纤,已开通电话,41,101.6
5696-CEIQJ,两年合约,在网,光纤,已开通电话,67,103.15
7503-ZGUZJ,月付套餐,已流失,光纤,已开通电话,1,84.65
1696-HXOWK,一年合约,在网,光纤,已开通电话,71,95.65
3026-ATZYV,一年合约,在网,宽带 DSL,已开通电话,37,75.1
4012-YCFAI,两年合约,在网,宽带 DSL,已开通电话,60,61.35
2506-TNFCO,月付套餐,已流失,光纤,已开通电话,1,69.55
9970-QBCDA,月付套餐,在网,未开通互联网,已开通电话,6,19.7
8718-PTMEZ,月付套餐,已流失,宽带 DSL,未开通电话,13,31.05
9496-IVVRP,月付套餐,在网,宽带 DSL,已开通电话,11,51
2207-OBZNX,月付套餐,已流失,宽带 DSL,已开通电话,7,51
2657-VPXTA,月付套餐,在网,光纤,已开通电话,10,88.85
6551-VLJMV,两年合约,在网,未开通互联网,已开通电话,34,20.05
1221-GHZEP,两年合约,在网,宽带 DSL,已开通电话,62,65.1
9289-LBQVU,一年合约,在网,宽带 DSL,已开通电话,64,70.15
6142-VSJQO,月付套餐,已流失,宽带 DSL,已开通电话,1,44.35
3458-IDMFK,两年合约,在网,未开通互联网,已开通电话,25,20.75
6933-FHBZC,一年合约,在网,宽带 DSL,已开通电话,26,56.05
0221-NAUXK,一年合约,在网,未开通互联网,已开通电话,10,19.95
9770-KXGQU,一年合约,在网,光纤,已开通电话,53,98.6
6437-UKHMV,月付套餐,已流失,光纤,已开通电话,7,79.7
6538-POCHL,月付套餐,在网,光纤,已开通电话,33,79
6726-NNFWD,两年合约,在网,光纤,已开通电话,71,89.45
3002-WQZWT,月付套餐,在网,光纤,已开通电话,29,74.2
4277-UDIEF,月付套餐,在网,宽带 DSL,已开通电话,24,81
1208-NBVFH,月付套餐,在网,宽带 DSL,已开通电话,20,49.6
4912-PIGUY,月付套餐,在网,光纤,已开通电话,1,84.6
1114-CENIM,月付套餐,已流失,宽带 DSL,已开通电话,54,55
6060-DRTNL,月付套餐,已流失,光纤,已开通电话,5,84.85
2725-TTRIQ,两年合约,在网,宽带 DSL,已开通电话,72,84.2
3374-TTZTK,两年合约,在网,光纤,已开通电话,52,106.3
8990-ZXLSU,月付套餐,在网,光纤,已开通电话,9,69.05
2275-RBYQS,月付套餐,在网,宽带 DSL,已开通电话,1,45.4
8473-VUVJN,月付套餐,已流失,光纤,已开通电话,1,73.65
6289-CPNLD,一年合约,已流失,宽带 DSL,已开通电话,33,73.9
5536-SLHPM,月付套餐,已流失,光纤,已开通电话,55,77.75
4419-UJMUS,两年合约,在网,光纤,已开通电话,69,99.35
7794-JASDG,月付套餐,在网,宽带 DSL,已开通电话,1,50.75
7609-YBPXG,两年合约,在网,宽带 DSL,已开通电话,54,87.1
5519-TEEUH,一年合约,在网,未开通互联网,已开通电话,33,20.15
7856-GANIL,一年合约,在网,光纤,已开通电话,45,98.7
0804-XBFBV,月付套餐,在网,宽带 DSL,未开通电话,11,25.2
2676-OXPPQ,月付套餐,在网,宽带 DSL,已开通电话,6,55.7
3703-TTEPD,月付套餐,在网,宽带 DSL,已开通电话,21,65.35
2799-TSLAG,两年合约,在网,未开通互联网,已开通电话,65,25.3
0196-VULGZ,月付套餐,已流失,光纤,已开通电话,6,84.35
8837-VVWLQ,月付套餐,已流失,光纤,已开通电话,8,84.95
2696-NARTR,月付套餐,已流失,光纤,已开通电话,11,73.85
2208-NKVVH,两年合约,在网,未开通互联网,已开通电话,43,24.25
7614-QVWQL,一年合约,已流失,宽带 DSL,未开通电话,49,51.8
1976-CFOCS,月付套餐,已流失,宽带 DSL,已开通电话,1,46
4631-OACRM,月付套餐,已流失,光纤,已开通电话,15,79.4
7139-JZFVG,两年合约,在网,宽带 DSL,已开通电话,60,60.5
4987-GQWPO,月付套餐,在网,宽带 DSL,未开通电话,17,25.1
3755-JBMNH,月付套餐,已流失,光纤,已开通电话,16,71.8
1757-TCATG,一年合约,在网,未开通互联网,已开通电话,35,20.05
6345-ULYRW,一年合约,已流失,光纤,已开通电话,44,88.4
4776-XSKYQ,一年合约,在网,宽带 DSL,未开通电话,12,30.25
8048-DSDFQ,月付套餐,在网,未开通互联网,已开通电话,1,20.2
5753-QQWPW,一年合约,在网,宽带 DSL,已开通电话,28,59.9
6010-DDPPW,两年合约,在网,未开通互联网,已开通电话,70,25.15
1809-DMJHQ,月付套餐,已流失,宽带 DSL,已开通电话,5,46
6693-FRIRW,月付套餐,在网,光纤,已开通电话,18,101.3
6586-MYGKD,两年合约,在网,宽带 DSL,已开通电话,70,76.95
3173-NVMPX,月付套餐,在网,宽带 DSL,已开通电话,9,55.3
0248-PGHBZ,两年合约,在网,光纤,已开通电话,67,92.45
0623-GDISB,月付套餐,在网,宽带 DSL,已开通电话,1,48.45
2892-GESUL,两年合约,在网,未开通互联网,已开通电话,18,19.35
6923-EFPNL,月付套餐,已流失,宽带 DSL,已开通电话,4,51.75
7472-EQOAV,一年合约,在网,光纤,已开通电话,71,86.7
9574-RKJIF,月付套餐,已流失,光纤,已开通电话,30,94.4
2043-WVTQJ,月付套餐,在网,宽带 DSL,已开通电话,1,55.7
8034-RYTVV,一年合约,在网,光纤,已开通电话,55,84.25
3863-QSTYI,月付套餐,在网,宽带 DSL,已开通电话,59,64.65
2619-WFQWU,月付套餐,已流失,光纤,已开通电话,1,70.15
5044-LRQAQ,月付套餐,在网,光纤,已开通电话,7,69.2
1716-LSAMB,两年合约,在网,宽带 DSL,已开通电话,45,54.65
1333-PBMXB,一年合约,在网,未开通互联网,已开通电话,54,24.75
6546-OPBBH,一年合约,在网,未开通互联网,已开通电话,51,23.95
5985-BEHZK,一年合约,在网,光纤,已开通电话,72,105
9127-QRZMH,一年合约,在网,宽带 DSL,已开通电话,44,59.85
5919-VCZYM,月付套餐,在网,未开通互联网,已开通电话,2,20.05
9644-KVCNC,一年合约,在网,光纤,已开通电话,66,92.15
2137-DQMEV,一年合约,在网,宽带 DSL,未开通电话,68,44.8
8174-LNWMW,两年合约,在网,未开通互联网,已开通电话,31,20.9
9279-CJEOJ,月付套餐,在网,光纤,已开通电话,21,95.4
7964-VEXDG,月付套餐,在网,光纤,已开通电话,21,80.35
2404-JIBFC,两年合约,在网,宽带 DSL,已开通电话,55,85.1
0778-NELLA,月付套餐,已流失,宽带 DSL,未开通电话,9,34.7
8029-XYPWT,两年合约,在网,光纤,已开通电话,71,115.05
4614-NUVZD,月付套餐,已流失,光纤,已开通电话,1,81.1
4632-PAOYU,一年合约,在网,未开通互联网,已开通电话,22,19.95
3803-KMQFW,月付套餐,已流失,未开通互联网,已开通电话,1,20.55
6804-GDMOI,两年合约,已流失,光纤,已开通电话,61,106.6
2990-OGYTD,两年合约,在网,宽带 DSL,已开通电话,67,86.15
6646-JPPHA,月付套餐,在网,光纤,已开通电话,14,78.85
9572-MTILT,月付套餐,已流失,光纤,已开通电话,59,106.75
7658-UYUQS,月付套餐,在网,光纤,已开通电话,21,86.55
7880-XSOJX,月付套餐,在网,宽带 DSL,未开通电话,4,42.4
9611-CTWIH,月付套餐,已流失,光纤,已开通电话,3,89.45
4589-IUAJB,两年合约,在网,未开通互联网,已开通电话,70,24.25
0329-GTIAJ,月付套餐,已流失,光纤,已开通电话,3,97.9
8746-BFOAJ,一年合约,在网,未开通互联网,已开通电话,21,20.5
8457-XIGKN,月付套餐,在网,未开通互联网,已开通电话,20,19.6
6072-NUQCB,一年合约,在网,未开通互联网,已开通电话,22,20.25
6629-CZTTH,月付套餐,已流失,宽带 DSL,已开通电话,1,55.7
8838-GPHZP,两年合约,在网,未开通互联网,已开通电话,63,20.6
8750-QWZAJ,两年合约,在网,未开通互联网,已开通电话,70,19.8
5364-EVNIB,月付套餐,已流失,光纤,已开通电话,13,79.8
6918-UMQCG,月付套餐,在网,光纤,已开通电话,5,80.2
0675-NCDYU,两年合约,在网,光纤,已开通电话,72,116.4
6339-DKLMK,月付套餐,在网,宽带 DSL,未开通电话,13,31.65
1346-PJWTK,月付套餐,在网,光纤,已开通电话,61,94.15
5088-QZLRL,月付套餐,在网,未开通互联网,已开通电话,1,20.65
8023-QHAIO,月付套餐,在网,光纤,已开通电话,56,76.85
4397-FRLTA,月付套餐,在网,未开通互联网,已开通电话,4,20.15
3057-VJJQE,两年合约,在网,宽带 DSL,已开通电话,35,55.25
5087-SUURX,月付套餐,已流失,宽带 DSL,未开通电话,18,39.05
2302-OUZXB,两年合约,在网,宽带 DSL,已开通电话,72,82.15
8133-ANHHJ,一年合约,在网,光纤,已开通电话,49,103
2270-CHBFN,月付套餐,在网,光纤,已开通电话,44,95.1
0013-EXCHZ,月付套餐,已流失,光纤,已开通电话,3,83.9
5982-FPVQN,月付套餐,在网,光纤,已开通电话,37,95.15
9107-UKCKY,一年合约,在网,宽带 DSL,已开通电话,61,79.8
4654-ULTTN,两年合约,在网,宽带 DSL,已开通电话,70,74.8
5550-VFRLC,月付套餐,已流失,光纤,已开通电话,1,69.85
5546-BYZSM,月付套餐,在网,未开通互联网,已开通电话,41,20.45
1492-KGETH,一年合约,在网,宽带 DSL,已开通电话,70,78.35
4929-BSTRX,月付套餐,已流失,宽带 DSL,已开通电话,1,53.55
4163-HFTUK,一年合约,在网,未开通互联网,已开通电话,51,19.1
8215-NGSPE,两年合约,在网,未开通互联网,已开通电话,42,20
2225-ZRGSG,两年合约,已流失,光纤,已开通电话,70,93.9
8859-YSTWS,一年合约,在网,未开通互联网,已开通电话,48,19.95
5271-YNWVR,两年合约,已流失,光纤,已开通电话,68,113.15
7601-DHFWZ,两年合约,在网,未开通互联网,已开通电话,48,24
2657-ALMWY,月付套餐,已流失,光纤,已开通电话,26,84.95
6330-JKLPC,月付套餐,已流失,光纤,已开通电话,11,80.5
4667-OHGKG,月付套餐,已流失,未开通互联网,已开通电话,1,19.3
1998-VHJHK,一年合约,在网,未开通互联网,已开通电话,27,19.15
1707-HABPF,一年合约,在网,光纤,已开通电话,46,91.3
1660-HSOOQ,月付套餐,已流失,宽带 DSL,已开通电话,1,49.65
7253-UVNDW,两年合约,已流失,宽带 DSL,已开通电话,46,54.35
0487-VVUVK,月付套餐,在网,未开通互联网,已开通电话,25,19.15
7228-OMTPN,月付套餐,已流失,光纤,已开通电话,4,88.45
5063-IUOKK,两年合约,在网,未开通互联网,已开通电话,13,19.75
4508-OEBEY,一年合约,在网,宽带 DSL,已开通电话,31,75.5
0027-KWYKW,月付套餐,在网,光纤,已开通电话,23,83.75
2308-STERM,月付套餐,在网,未开通互联网,已开通电话,2,19.4
5982-XMDEX,两年合约,在网,未开通互联网,已开通电话,65,26.5
6284-AHOOQ,月付套餐,已流失,光纤,已开通电话,22,90.5
6051-PTVNS,一年合约,在网,未开通互联网,已开通电话,55,19.15
2344-JMOGN,月付套餐,已流失,光纤,已开通电话,9,94.85
3799-ISUZQ,月付套餐,已流失,光纤,已开通电话,7,69.95
2877-VDUER,一年合约,在网,宽带 DSL,未开通电话,35,40.9
9152-AMKAK,两年合约,在网,宽带 DSL,已开通电话,6,80.25
1794-HBQTJ,月付套餐,已流失,宽带 DSL,已开通电话,1,48.6
9432-VOFYX,月付套餐,在网,光纤,已开通电话,17,70.8
8049-WJCLQ,月付套餐,在网,宽带 DSL,已开通电话,10,60.2
6586-PSJOX,一年合约,在网,宽带 DSL,已开通电话,15,55.2
2460-FPSYH,月付套餐,已流失,宽带 DSL,未开通电话,40,55.8
9705-ZJBCG,一年合约,在网,宽带 DSL,已开通电话,13,54.15
4818-DRBQT,月付套餐,已流失,光纤,已开通电话,29,80.15
1320-HTRDR,月付套餐,已流失,光纤,已开通电话,3,75.5
6847-KJLTS,月付套餐,在网,光纤,已开通电话,58,100.4
9670-BPNXF,一年合约,在网,宽带 DSL,已开通电话,45,62.55
3913-FCUUW,两年合约,在网,宽带 DSL,已开通电话,72,70.45
3301-VKTGC,一年合约,在网,光纤,已开通电话,68,85.5
1493-AMTIE,月付套餐,已流失,未开通互联网,已开通电话,1,20.2
9555-SAHUZ,月付套餐,在网,宽带 DSL,已开通电话,38,54.5
0816-TSPHQ,月付套餐,在网,未开通互联网,已开通电话,2,20.75
9932-WBWIK,月付套餐,在网,未开通互联网,已开通电话,11,20.35
4619-EVPHY,一年合约,在网,光纤,已开通电话,20,91
5286-YHCVC,两年合约,在网,光纤,已开通电话,72,104.8
6424-ELEYH,月付套餐,已流失,光纤,已开通电话,3,74.75
4391-RESHN,月付套餐,已流失,光纤,已开通电话,23,104.05
9115-YQHGA,月付套餐,在网,宽带 DSL,已开通电话,40,51.1
4462-CYWMH,月付套餐,在网,光纤,已开通电话,62,89.8
8963-MQVYN,月付套餐,在网,未开通互联网,已开通电话,22,20.55
2458-EOMRE,月付套餐,在网,宽带 DSL,已开通电话,11,64.05
9334-GWGOW,月付套餐,在网,光纤,已开通电话,7,74.85
6821-BUXUX,月付套餐,已流失,光纤,已开通电话,13,96.65
5028-HTLJB,月付套餐,已流失,未开通互联网,已开通电话,1,20.05
9801-GDWGV,月付套餐,已流失,光纤,已开通电话,39,103.45
6542-LWGXJ,月付套餐,在网,宽带 DSL,未开通电话,3,25
5567-GZKQY,两年合约,在网,未开通互联网,已开通电话,58,20.3
1222-LRYKO,月付套餐,在网,未开通互联网,已开通电话,6,26.35
2320-JRSDE,月付套餐,已流失,未开通互联网,已开通电话,1,19.9
2087-QAREY,月付套餐,在网,宽带 DSL,已开通电话,22,54.7
0601-WZHJF,月付套餐,已流失,宽带 DSL,未开通电话,14,46.35
4423-JWZJN,一年合约,在网,光纤,已开通电话,64,90.25
5143-WMWOG,月付套餐,已流失,未开通互联网,已开通电话,1,19.95
6490-FGZAT,月付套餐,在网,未开通互联网,已开通电话,6,20.65
5393-RXQSZ,月付套餐,已流失,光纤,已开通电话,1,79.6
7452-FOLON,一年合约,在网,未开通互联网,已开通电话,39,25.45
2320-TZRRH,一年合约,在网,未开通互联网,已开通电话,20,19.5
0231-LXVAP,月付套餐,已流失,光纤,已开通电话,1,75.9
9444-JTXHZ,月付套餐,已流失,光纤,已开通电话,1,76.2
4942-VZZOM,一年合约,在网,宽带 DSL,已开通电话,64,66.15
5510-BOIUJ,月付套餐,已流失,未开通互联网,已开通电话,1,19.25
7502-BNYGS,月付套餐,在网,宽带 DSL,已开通电话,46,69.1
4291-HYEBC,一年合约,在网,宽带 DSL,未开通电话,28,39.1
6147-CBCRA,月付套餐,在网,未开通互联网,已开通电话,33,20.05
6047-SUHPR,一年合约,在网,宽带 DSL,已开通电话,39,59.8
4471-KXAUH,月付套餐,已流失,光纤,已开通电话,42,84.3
9752-ZNQUT,月付套餐,在网,宽带 DSL,已开通电话,1,48.6
7638-QVMVY,月付套餐,已流失,光纤,已开通电话,7,79
1576-PFZIW,两年合约,在网,光纤,已开通电话,70,105.35
5666-MBJPT,两年合约,在网,未开通互联网,已开通电话,65,25.1
7312-XSBAT,月付套餐,在网,宽带 DSL,已开通电话,1,49.75
3096-GKWEB,月付套餐,在网,光纤,已开通电话,18,94.75
2371-JQHZZ,月付套餐,在网,光纤,已开通电话,24,93
0674-GCDXG,两年合约,在网,宽带 DSL,已开通电话,63,71.9
1121-QSIVB,一年合约,在网,宽带 DSL,已开通电话,44,77.55
4396-KLSEH,月付套餐,在网,未开通互联网,已开通电话,4,19.85
3244-DCJWY,月付套餐,已流失,光纤,已开通电话,1,70.25
2824-MYYBN,月付套餐,在网,光纤,已开通电话,37,95.25
0875-CABNR,月付套餐,已流失,光纤,已开通电话,10,84.6
6345-HOVES,月付套餐,在网,宽带 DSL,未开通电话,34,25.05
8318-LCNBW,一年合约,在网,宽带 DSL,未开通电话,35,53.15
6469-QJKZW,月付套餐,在网,未开通互联网,已开通电话,4,20.15
0147-ESWWR,月付套餐,在网,光纤,已开通电话,39,101.25
1217-VASWC,一年合约,在网,光纤,已开通电话,43,100.55
7812-FZHPE,月付套餐,已流失,未开通互联网,已开通电话,17,24.1
6370-ZVHDV,两年合约,在网,未开通互联网,已开通电话,61,25.3
5915-DGNVC,一年合约,在网,宽带 DSL,已开通电话,49,71.8
6260-XLACS,一年合约,在网,未开通互联网,已开通电话,4,19.7
3566-CAAYU,两年合约,在网,宽带 DSL,未开通电话,64,49.85
4983-CCWMC,月付套餐,在网,光纤,已开通电话,3,69.6
9103-CXVOK,月付套餐,在网,未开通互联网,已开通电话,1,19.75
2896-TBNBE,一年合约,在网,光纤,已开通电话,40,80.8
4797-AXPXK,月付套餐,已流失,宽带 DSL,已开通电话,1,60
5229-PRWKT,月付套餐,已流失,光纤,已开通电话,8,86.55
6982-UQZLY,月付套餐,已流失,未开通互联网,已开通电话,1,20.85
2522-WLNSF,一年合约,在网,宽带 DSL,已开通电话,34,64.2
3841-CONLJ,月付套餐,在网,宽带 DSL,未开通电话,1,35
5057-LCOUI,月付套餐,已流失,宽带 DSL,未开通电话,39,50.75
0193-ESZXP,一年合约,已流失,光纤,已开通电话,58,105.5
4475-NVTLU,两年合约,在网,未开通互联网,已开通电话,45,19.2
4369-HTUIF,月付套餐,已流失,光纤,已开通电话,6,85.15
9386-LDCZR,一年合约,在网,光纤,已开通电话,43,90.65
9585-KKMFD,两年合约,在网,未开通互联网,已开通电话,41,20
5399-ZIMKF,月付套餐,在网,光纤,已开通电话,5,74.65
0336-KXKFK,两年合约,在网,宽带 DSL,未开通电话,72,61.2
5619-XZZKR,一年合约,在网,未开通互联网,已开通电话,4,19.95
3948-FVVRP,月付套餐,在网,宽带 DSL,已开通电话,9,54.8
5327-XOKKY,两年合约,在网,宽带 DSL,已开通电话,72,73.45
0983-TATYJ,一年合约,在网,宽带 DSL,已开通电话,33,51.45
1813-JYWTO,两年合约,在网,光纤,已开通电话,72,80.45
0156-FVPTA,月付套餐,已流失,宽带 DSL,已开通电话,22,54.2
1984-FCOWB,一年合约,已流失,光纤,已开通电话,70,109.5
0654-HMSHN,月付套餐,已流失,光纤,已开通电话,21,104.4
6719-OXYBR,月付套餐,在网,光纤,已开通电话,15,85.3
3312-ZWLGF,月付套餐,在网,光纤,已开通电话,29,79.3
6476-YHMGA,月付套餐,在网,宽带 DSL,已开通电话,15,76.5
5287-QWLKY,月付套餐,已流失,光纤,已开通电话,71,105.1
0795-XCCTE,两年合约,在网,未开通互联网,已开通电话,72,25.4
0168-XZKBB,月付套餐,在网,光纤,已开通电话,19,86.85
3785-NRHYR,月付套餐,在网,未开通互联网,已开通电话,1,19.65
5196-SGOAK,月付套餐,已流失,光纤,已开通电话,1,75.7
4537-DKTAL,月付套餐,在网,宽带 DSL,已开通电话,2,45.55
7072-MBHEV,月付套餐,在网,光纤,已开通电话,11,78.1
5602-BVFMK,一年合约,在网,未开通互联网,已开通电话,12,19.3
6297-NOOPG,两年合约,在网,光纤,已开通电话,70,110.5
1891-UAWWU,月付套餐,已流失,光纤,已开通电话,20,90.8
8204-TIFGJ,月付套餐,在网,未开通互联网,已开通电话,23,20.3
8050-DVOJX,两年合约,在网,宽带 DSL,已开通电话,49,81.35
6108-OQZDQ,月付套餐,已流失,光纤,已开通电话,4,97.95
0363-QJVFX,月付套餐,已流失,光纤,已开通电话,32,108.15
8903-XEBGX,月付套餐,在网,宽带 DSL,已开通电话,2,55.3
8169-SAEJD,两年合约,在网,宽带 DSL,未开通电话,69,56.55
9840-DVNDC,月付套餐,已流失,光纤,已开通电话,6,80.5
1089-XZWHH,两年合约,在网,未开通互联网,已开通电话,24,19.7
2325-WINES,一年合约,在网,光纤,已开通电话,32,104.05
6064-ZATLR,两年合约,在网,宽带 DSL,已开通电话,27,52.85
3096-JRDSO,月付套餐,已流失,光纤,已开通电话,27,104.3
7824-PANSQ,月付套餐,在网,光纤,已开通电话,58,80.65
8042-JVNFH,月付套餐,已流失,光纤,已开通电话,1,71.35
9648-BCHKM,两年合约,在网,未开通互联网,已开通电话,18,24.65
2888-ADFAO,两年合约,在网,未开通互联网,已开通电话,47,21.3
8707-HOEDG,两年合约,在网,光纤,已开通电话,70,110.2
3374-LXDEV,月付套餐,已流失,光纤,已开通电话,13,89.4
4072-IPYLT,月付套餐,在网,宽带 DSL,已开通电话,36,51.05
7167-PCEYD,两年合约,在网,未开通互联网,已开通电话,67,19.8
4936-YPJNK,月付套餐,在网,未开通互联网,已开通电话,10,19.9
1580-BMCMR,月付套餐,在网,光纤,已开通电话,19,87.3
4817-KEQSP,两年合约,在网,未开通互联网,已开通电话,71,19.85
6408-WHTEF,两年合约,在网,宽带 DSL,已开通电话,72,89.4
9251-AWQGT,两年合约,在网,未开通互联网,已开通电话,48,20
8749-CLJXC,月付套餐,在网,未开通互联网,已开通电话,1,20.05
7989-VCQOH,月付套餐,在网,宽带 DSL,已开通电话,18,83.25
5049-GLYVG,月付套餐,已流失,未开通互联网,已开通电话,1,20.6
4199-QHJNM,两年合约,在网,光纤,已开通电话,67,102.9
8882-TLVRW,两年合约,在网,宽带 DSL,未开通电话,69,39.1
5883-GTGVD,月付套餐,已流失,光纤,已开通电话,19,99.95
5135-GRQJV,两年合约,在网,光纤,已开通电话,72,114.5
2384-OVPSA,两年合约,在网,未开通互联网,已开通电话,38,20.2
1371-WEPDS,一年合约,在网,宽带 DSL,已开通电话,40,55.8
3580-GICBM,两年合约,在网,未开通互联网,已开通电话,61,24.2
4817-QRJSX,月付套餐,已流失,光纤,已开通电话,10,81
9730-DRTMJ,一年合约,在网,宽带 DSL,已开通电话,32,72.8
4686-UXDML,月付套餐,在网,光纤,已开通电话,21,99.85
3349-ANQNH,一年合约,在网,光纤,已开通电话,59,99.5
2398-YPMUR,月付套餐,已流失,光纤,已开通电话,13,70.15
0932-YIXYU,两年合约,在网,未开通互联网,已开通电话,47,20.25
7480-SPLEF,两年合约,在网,未开通互联网,已开通电话,69,26
7636-XUHWW,月付套餐,在网,未开通互联网,已开通电话,2,19.9
1431-CYWMH,月付套餐,在网,未开通互联网,已开通电话,22,19.05
5937-EORGB,月付套餐,在网,光纤,已开通电话,15,96.5
6349-JDHQP,两年合约,在网,未开通互联网,已开通电话,53,19.85
5539-HIVAK,月付套餐,在网,未开通互联网,已开通电话,28,25.7
5847-MXBEO,一年合约,在网,未开通互联网,已开通电话,22,20.3
9985-MWVIX,月付套餐,已流失,光纤,已开通电话,1,70.15
4583-PARNH,月付套餐,在网,光纤,已开通电话,16,91.55
1116-FRYVH,两年合约,在网,宽带 DSL,未开通电话,48,39.4
1421-HCERK,月付套餐,在网,光纤,已开通电话,30,105.7
9633-XQABV,月付套餐,在网,光纤,已开通电话,3,70.25
0716-BQNDX,两年合约,在网,光纤,已开通电话,57,93.75
1265-XTECC,一年合约,已流失,光纤,已开通电话,68,96.55
1183-CANVH,一年合约,在网,宽带 DSL,已开通电话,23,60
1972-XMUWV,两年合约,在网,宽带 DSL,已开通电话,65,59.8
8679-LZBMD,一年合约,在网,光纤,已开通电话,44,90.65
3407-JMJQQ,两年合约,在网,光纤,已开通电话,71,109
6252-DFGTK,一年合约,在网,宽带 DSL,已开通电话,37,68.1
1539-LNKHM,月付套餐,在网,未开通互联网,已开通电话,12,20.4
8645-KOMJQ,两年合约,在网,宽带 DSL,已开通电话,69,81.95
0289-IVARM,月付套餐,在网,宽带 DSL,已开通电话,35,60.55
9761-XUJWD,月付套餐,在网,宽带 DSL,已开通电话,5,65.6
4057-FKCZK,两年合约,在网,光纤,已开通电话,58,82.5
4291-TPNFG,两年合约,在网,宽带 DSL,已开通电话,72,82.3
6087-YPWHO,两年合约,在网,宽带 DSL,已开通电话,72,68.15
3090-QFUVD,月付套餐,在网,未开通互联网,已开通电话,1,20.3
2237-ZFSMY,一年合约,已流失,光纤,已开通电话,39,95.55
1722-LDZJS,一年合约,在网,未开通互联网,已开通电话,53,20.2
1818-ESQMW,月付套餐,在网,光纤,已开通电话,27,89.2
4871-JTKJF,月付套餐,已流失,光纤,已开通电话,1,69.65
1415-YFWLT,月付套餐,已流失,光纤,已开通电话,1,89.3
7401-RUBNK,月付套餐,在网,光纤,已开通电话,18,74.8
0506-YLVKJ,两年合约,在网,未开通互联网,已开通电话,46,20.2
8661-BOYNW,两年合约,在网,宽带 DSL,已开通电话,72,84.4
6711-VTNRE,月付套餐,已流失,光纤,已开通电话,36,87.55
4815-GBTCD,月付套餐,在网,宽带 DSL,未开通电话,4,25.15
2805-AUFQN,两年合约,在网,未开通互联网,已开通电话,25,19.8
0980-PVMRC,月付套餐,在网,宽带 DSL,未开通电话,40,50.85
7233-DRTRF,月付套餐,在网,光纤,已开通电话,63,102.4
3500-RMZLT,月付套餐,已流失,光纤,已开通电话,15,96.3
3873-NFTGI,月付套餐,在网,宽带 DSL,已开通电话,14,55.5
1162-ECVII,两年合约,在网,光纤,已开通电话,72,109.75
7048-GXDAY,月付套餐,在网,光纤,已开通电话,39,106.4
8571-ZCMCX,两年合约,在网,宽带 DSL,未开通电话,47,60
1169-WCVAK,月付套餐,在网,光纤,已开通电话,19,88.8
4548-SDBKE,月付套餐,已流失,光纤,已开通电话,5,85.2
8066-POXGX,月付套餐,已流失,宽带 DSL,未开通电话,13,35.1
7129-CAKJW,月付套餐,在网,光纤,已开通电话,17,80.05
8695-ARGXZ,月付套餐,在网,光纤,已开通电话,34,75.55
3570-YUEKJ,月付套餐,在网,宽带 DSL,已开通电话,42,49.55
4143-OOBWZ,月付套餐,已流失,光纤,已开通电话,5,81.3
1555-HAPSU,两年合约,在网,未开通互联网,已开通电话,71,23.9
1697-NVVGY,月付套餐,在网,宽带 DSL,已开通电话,19,66.4
7854-EKTJL,月付套餐,已流失,未开通互联网,已开通电话,2,19.6
8464-EETCQ,两年合约,在网,未开通互联网,已开通电话,57,18.8
2419-FSORS,两年合约,在网,光纤,已开通电话,72,108.4
8132-YPVBX,月付套餐,在网,光纤,已开通电话,6,85.95
9102-IAYHT,月付套餐,已流失,光纤,已开通电话,17,85.45
6754-LZUKA,两年合约,在网,宽带 DSL,已开通电话,61,80.9
3422-LYEPQ,月付套餐,已流失,光纤,已开通电话,1,71
8099-MZPUJ,两年合约,在网,光纤,已开通电话,48,111.8
0787-LHDYT,月付套餐,在网,未开通互联网,已开通电话,16,20.6
2642-DTVCO,月付套餐,已流失,光纤,已开通电话,9,85.05
0374-IOEGQ,月付套餐,在网,宽带 DSL,已开通电话,3,44.6
4361-JEIVL,月付套餐,已流失,宽带 DSL,已开通电话,1,44.4
3197-NNYNB,两年合约,在网,光纤,已开通电话,65,105.1
3396-DKDEL,两年合约,在网,光纤,已开通电话,70,115.15
1752-OZXFY,一年合约,在网,宽带 DSL,已开通电话,60,59.8
9066-QRSDU,一年合约,在网,未开通互联网,已开通电话,69,26.3
9112-WSNPU,月付套餐,在网,光纤,已开通电话,35,70.55
9867-NNXLC,月付套餐,在网,未开通互联网,已开通电话,22,20.05
5321-NTRKC,两年合约,在网,宽带 DSL,已开通电话,66,79.85
1363-TXLSL,月付套餐,已流失,光纤,已开通电话,1,70.3
9507-EXLTT,月付套餐,已流失,光纤,已开通电话,1,79.35
3161-GETRM,月付套餐,在网,光纤,已开通电话,34,90.05
0402-OAMEN,两年合约,在网,未开通互联网,已开通电话,72,24.45
6933-VLYFX,一年合约,在网,宽带 DSL,未开通电话,31,59.95
6754-WKSHP,一年合约,在网,未开通互联网,已开通电话,30,25.35
9846-GKXAS,月付套餐,已流失,光纤,已开通电话,9,90.8
6017-PPLPX,月付套餐,已流失,光纤,已开通电话,20,70.45
4976-LNFVV,月付套餐,在网,宽带 DSL,未开通电话,19,34.3
5055-MGMGF,月付套餐,在网,光纤,已开通电话,65,105.05
4641-FROLU,两年合约,在网,未开通互联网,已开通电话,30,19.3
2862-JVEOY,一年合约,在网,未开通互联网,已开通电话,6,19.15
2969-QWUBZ,月付套餐,在网,宽带 DSL,未开通电话,2,51.4
9822-BIIGN,月付套餐,在网,宽带 DSL,已开通电话,53,71.85
2077-MPJQO,月付套餐,在网,光纤,已开通电话,7,75.4
1534-OULXE,一年合约,在网,宽带 DSL,已开通电话,61,49.7
7136-RVDTZ,一年合约,已流失,宽带 DSL,未开通电话,70,45.25
2971-SGAFL,月付套餐,在网,宽带 DSL,已开通电话,13,78.75
1480-IVEVR,一年合约,在网,光纤,已开通电话,35,81.6
2905-KFQUV,月付套餐,在网,光纤,已开通电话,2,70.4
4581-SSPWD,月付套餐,已流失,光纤,已开通电话,3,75.8
3370-HXOPH,月付套餐,在网,光纤,已开通电话,3,76.1
9391-YZEJW,一年合约,在网,光纤,已开通电话,62,94
9958-MEKUC,两年合约,在网,光纤,已开通电话,72,103.95
0281-CNTZX,两年合约,在网,未开通互联网,已开通电话,63,19.95
6927-WTFIV,月付套餐,已流失,光纤,已开通电话,20,71.3
4118-CEVPF,一年合约,在网,光纤,已开通电话,35,110.8
3398-ZOUAA,月付套餐,已流失,光纤,已开通电话,21,69.1
9114-VEPUF,一年合约,在网,光纤,已开通电话,62,96.1
7876-BEUTG,月付套餐,在网,宽带 DSL,已开通电话,15,48.8
2338-BQEZT,月付套餐,在网,宽带 DSL,已开通电话,55,50.55
9873-MNDKV,月付套餐,在网,宽带 DSL,已开通电话,11,44.65
0378-NHQXU,月付套餐,已流失,光纤,已开通电话,17,88.25
8241-JUIQO,一年合约,在网,未开通互联网,已开通电话,61,19.45
2194-IIQOF,两年合约,在网,宽带 DSL,已开通电话,71,89.3
4512-ZUIYL,月付套餐,已流失,光纤,已开通电话,2,70
9631-RXVJM,两年合约,在网,未开通互联网,已开通电话,35,19.25
9584-EXCDZ,月付套餐,在网,光纤,已开通电话,17,70.5
7969-AULMZ,月付套餐,已流失,光纤,已开通电话,21,97.35
5093-FEGLU,两年合约,在网,未开通互联网,已开通电话,47,19.65
2621-UDNLU,月付套餐,在网,未开通互联网,已开通电话,3,20.85
7526-IVLYU,月付套餐,在网,未开通互联网,已开通电话,3,19.65
2428-HYUNX,两年合约,在网,未开通互联网,已开通电话,44,19.35
9214-EKVXR,月付套餐,在网,宽带 DSL,已开通电话,1,44
3410-MHHUM,一年合约,在网,光纤,已开通电话,44,94.4
0568-ONFPC,月付套餐,已流失,未开通互联网,已开通电话,5,25.9
0733-VUNUW,月付套餐,已流失,宽带 DSL,已开通电话,24,55.65
4550-EVXNY,月付套餐,已流失,光纤,已开通电话,1,69.65
2122-YWVYA,月付套餐,在网,光纤,已开通电话,18,75.4
2968-SSGAA,月付套餐,已流失,光纤,已开通电话,10,100.6
2296-DKZFP,两年合约,在网,宽带 DSL,已开通电话,65,71
4844-JJWUY,月付套餐,已流失,光纤,已开通电话,1,86
6777-TGHTM,一年合约,已流失,光纤,已开通电话,53,106.95
8909-BOLNL,一年合约,在网,未开通互联网,已开通电话,3,21.2
6603-YRDCJ,两年合约,在网,宽带 DSL,已开通电话,33,61.05
3538-WZPHD,月付套餐,已流失,宽带 DSL,未开通电话,3,29.6
3229-USWAR,一年合约,在网,宽带 DSL,已开通电话,34,79.95
2138-VFAPZ,两年合约,在网,未开通互联网,已开通电话,14,19.7
6131-JLWZM,月付套餐,在网,未开通互联网,已开通电话,13,20.3
4785-QRJHC,一年合约,已流失,宽带 DSL,未开通电话,46,59.9
0269-XFESX,一年合约,在网,未开通互联网,已开通电话,23,24.35
1709-EJDOX,两年合约,在网,未开通互联网,已开通电话,47,19.75
4316-XCSLJ,月付套餐,在网,宽带 DSL,已开通电话,17,50.3
8610-WFCJF,月付套餐,已流失,光纤,已开通电话,49,95.6
9693-XMUOB,月付套餐,在网,宽带 DSL,未开通电话,59,50.25
0383-CLDDA,两年合约,在网,宽带 DSL,已开通电话,69,85.35
4905-JEFDW,一年合约,已流失,宽带 DSL,未开通电话,11,41.6
2709-UQGNP,月付套餐,在网,宽带 DSL,已开通电话,10,51.65
3549-ZTMNH,两年合约,在网,未开通互联网,已开通电话,12,24
7881-INRLC,月付套餐,已流失,光纤,已开通电话,45,100.85
8033-ATFAS,月付套餐,在网,宽带 DSL,已开通电话,39,59.85
1635-NZATJ,两年合约,在网,未开通互联网,已开通电话,71,25.45
0562-HKHML,两年合约,在网,未开通互联网,已开通电话,71,23.9
8277-RVRSV,一年合约,在网,未开通互联网,已开通电话,33,24.15
9943-VSZUV,月付套餐,在网,光纤,已开通电话,67,75.7
0117-LFRMW,月付套餐,已流失,宽带 DSL,未开通电话,37,40.2
6172-FECYY,月付套餐,已流失,光纤,已开通电话,49,84.5
7054-ENNGU,月付套餐,在网,宽带 DSL,已开通电话,9,50.85
1455-HFBXA,两年合约,在网,光纤,已开通电话,52,91.6
9402-CXWPL,一年合约,在网,光纤,已开通电话,70,98.9
1628-BIZYP,月付套餐,在网,光纤,已开通电话,1,85
1965-AKTSX,月付套餐,已流失,光纤,已开通电话,14,78.95
0082-LDZUE,月付套餐,在网,宽带 DSL,已开通电话,1,44.3
4786-UKSNZ,月付套餐,已流失,未开通互联网,已开通电话,1,20.2
5343-SGUBI,一年合约,在网,光纤,已开通电话,52,80.2
0856-NAOES,月付套餐,在网,宽带 DSL,已开通电话,6,60.9
1976-AZZPJ,月付套餐,在网,宽带 DSL,未开通电话,7,34.2
7248-VZQLC,月付套餐,已流失,光纤,已开通电话,47,85.2
6156-UZDLF,一年合约,在网,光纤,已开通电话,26,87.15
3099-OONVS,月付套餐,在网,宽带 DSL,已开通电话,25,54.3
9500-WBGRP,两年合约,在网,未开通互联网,已开通电话,69,19.1
5183-KLYEM,两年合约,在网,光纤,已开通电话,72,112.75
5144-PQCDZ,月付套餐,在网,未开通互联网,已开通电话,4,19.95
8514-VZHEB,两年合约,在网,未开通互联网,已开通电话,59,19.5
6625-IUTTT,两年合约,在网,宽带 DSL,已开通电话,67,65.55
9355-NPPFS,月付套餐,在网,光纤,已开通电话,26,78.8
0068-FIGTF,一年合约,在网,宽带 DSL,已开通电话,27,78.2
5965-GGPRW,两年合约,在网,光纤,已开通电话,72,105.25
8035-PWSEV,月付套餐,在网,光纤,已开通电话,6,89.25
2236-HILPA,两年合约,在网,未开通互联网,已开通电话,62,20.65
1840-BIUOG,一年合约,在网,宽带 DSL,已开通电话,20,68.7
1356-MKYSK,月付套餐,在网,宽带 DSL,已开通电话,6,78.65
6080-LNESI,两年合约,在网,未开通互联网,已开通电话,51,24.75
1830-IPXVJ,两年合约,在网,未开通互联网,已开通电话,61,19.75
5828-DWPIL,月付套餐,在网,光纤,已开通电话,62,89.1
8398-TBIYD,两年合约,在网,光纤,已开通电话,72,84.7
0011-IGKFF,月付套餐,已流失,光纤,已开通电话,13,98
4192-GORJT,月付套餐,已流失,光纤,已开通电话,5,94.45
6496-SLWHQ,月付套餐,已流失,光纤,已开通电话,3,105
9912-GVSEQ,月付套餐,已流失,光纤,已开通电话,26,93.85
2931-FSOHN,月付套餐,在网,宽带 DSL,已开通电话,13,59.9
9418-RUKPH,两年合约,在网,未开通互联网,已开通电话,38,19.95
5383-MMTWC,月付套餐,已流失,光纤,已开通电话,8,84
9971-ZWPBF,月付套餐,在网,光纤,已开通电话,34,108.9
4712-AUQZO,月付套餐,在网,宽带 DSL,未开通电话,18,33.6
9711-FJTBX,一年合约,在网,光纤,已开通电话,56,85.85
2908-ZTPNF,月付套餐,在网,宽带 DSL,未开通电话,36,34.85
7240-ETPTR,月付套餐,已流失,宽带 DSL,未开通电话,9,48.75
2202-CUYXZ,月付套餐,已流失,光纤,已开通电话,1,84.85
5995-OIGLP,月付套餐,已流失,宽带 DSL,已开通电话,12,56.65
8421-WZOOW,月付套餐,在网,光纤,已开通电话,57,95.3
6261-RCVNS,一年合约,已流失,宽带 DSL,已开通电话,42,73.9
7951-QKZPL,两年合约,已流失,未开通互联网,已开通电话,33,24.5
1414-YADCW,两年合约,在网,光纤,已开通电话,70,84.6
8756-RDDLT,月付套餐,在网,宽带 DSL,未开通电话,68,44.95
2862-PFNIK,月付套餐,在网,宽带 DSL,未开通电话,1,24.7
5816-QVHRX,月付套餐,在网,光纤,已开通电话,37,100.3
4430-YHXGG,月付套餐,在网,未开通互联网,已开通电话,4,25.45
6888-SBYAI,月付套餐,在网,宽带 DSL,已开通电话,1,50.7
7395-XWZOY,月付套餐,在网,宽带 DSL,未开通电话,20,55
7169-YWAMK,两年合约,在网,宽带 DSL,已开通电话,72,68.4
3640-PHQXK,月付套餐,已流失,光纤,已开通电话,31,89.9
6877-LGWXO,月付套餐,已流失,光纤,已开通电话,18,78.55
6859-RKMZJ,月付套餐,在网,宽带 DSL,已开通电话,11,55.05
2729-VNVAP,两年合约,在网,未开通互联网,已开通电话,33,19.8
2957-JIRMN,一年合约,在网,光纤,已开通电话,62,84.45
2049-BAFNW,月付套餐,在网,宽带 DSL,未开通电话,1,35.9
3842-QTGDL,月付套餐,在网,光纤,已开通电话,16,80.75
7163-OCEQI,一年合约,在网,宽带 DSL,已开通电话,22,78.65
9782-LGXMC,月付套餐,在网,宽带 DSL,已开通电话,49,61.75
5975-BAICR,一年合约,在网,宽带 DSL,已开通电话,36,63.7
8019-ENHXU,月付套餐,已流失,光纤,已开通电话,42,99.45
5167-GBFRE,月付套餐,已流失,宽带 DSL,未开通电话,4,25.2
9033-EOXWV,一年合约,已流失,宽带 DSL,已开通电话,12,74.05
4673-KKSLS,月付套餐,在网,光纤,已开通电话,31,87.6
4853-OITSN,月付套餐,在网,光纤,已开通电话,5,89.15
9800-OUIGR,两年合约,在网,未开通互联网,已开通电话,66,20
1324-NLTJE,月付套餐,已流失,宽带 DSL,已开通电话,15,55
2324-EFHVG,两年合约,在网,光纤,已开通电话,64,104.4
7094-MSZAO,月付套餐,在网,未开通互联网,已开通电话,10,20.05
1522-VVDMG,月付套餐,已流失,光纤,已开通电话,7,89.75
6907-CQGPN,月付套餐,在网,宽带 DSL,未开通电话,29,34.3
0780-XNZFN,两年合约,在网,未开通互联网,已开通电话,57,20.65
0239-OXEXL,月付套餐,在网,光纤,已开通电话,46,84.25
2675-IJRGJ,两年合约,在网,未开通互联网,已开通电话,53,19.65
7049-GKVZY,一年合约,在网,宽带 DSL,已开通电话,17,79.85
8577-QSOCG,两年合约,在网,未开通互联网,已开通电话,38,20.2
3721-CNZHX,一年合约,在网,未开通互联网,已开通电话,15,19.8
0212-ISBBF,月付套餐,在网,宽带 DSL,未开通电话,22,50.35
9185-TQCVP,月付套餐,已流失,光纤,已开通电话,14,85.15
3585-YNADK,一年合约,在网,宽带 DSL,已开通电话,57,74.6
5271-DBYSJ,月付套餐,在网,光纤,已开通电话,11,79.15
1099-GODLO,两年合约,在网,未开通互联网,已开通电话,1,20.35
6828-HMKWP,两年合约,在网,未开通互联网,已开通电话,12,21.05
5567-WSELE,月付套餐,已流失,光纤,已开通电话,3,94.6
1472-TNCWL,月付套餐,在网,光纤,已开通电话,36,94.7
8063-RJYNF,月付套餐,已流失,光纤,已开通电话,16,94.25
0687-ZVTHB,一年合约,已流失,宽带 DSL,已开通电话,65,72.45
2080-GKCWQ,月付套餐,在网,光纤,已开通电话,2,74.95
9661-ACXBS,月付套餐,已流失,光纤,已开通电话,42,105.2
2193-SFWQW,两年合约,在网,光纤,已开通电话,72,111.95
5656-JAMLX,两年合约,在网,未开通互联网,已开通电话,62,19.85
3462-BJQQA,月付套餐,在网,光纤,已开通电话,6,89.75
0442-TDYUO,两年合约,在网,未开通互联网,已开通电话,48,20.05
6733-LRIZX,两年合约,在网,光纤,已开通电话,35,108.95
9503-XJUME,一年合约,在网,未开通互联网,已开通电话,52,19.65
4367-NHWMM,月付套餐,在网,宽带 DSL,未开通电话,1,24.9
3727-RJMEO,月付套餐,已流失,光纤,已开通电话,6,82.85
3779-OSWCF,两年合约,在网,宽带 DSL,已开通电话,71,93.2
6736-DHUQI,一年合约,在网,光纤,已开通电话,67,84.8
3915-ODIYG,一年合约,在网,宽带 DSL,已开通电话,60,71.75
1360-RCYRT,月付套餐,在网,宽带 DSL,未开通电话,23,30.35
2724-FJDYW,一年合约,在网,宽带 DSL,未开通电话,39,54.85
4451-RWASJ,一年合约,在网,未开通互联网,已开通电话,15,19.5
6646-VRFOL,月付套餐,已流失,光纤,已开通电话,53,103.85
3460-TJBWI,两年合约,在网,未开通互联网,已开通电话,24,24.2
5917-HBSDW,月付套餐,在网,未开通互联网,已开通电话,37,19.35
5685-IIXLY,月付套餐,已流失,光纤,已开通电话,5,83.6
5671-UUNXD,一年合约,在网,光纤,已开通电话,50,100.65
0956-ACVZC,一年合约,在网,光纤,已开通电话,54,94.1
2325-NBPZG,月付套餐,在网,光纤,已开通电话,3,74.55
4250-ZBWLV,一年合约,已流失,光纤,已开通电话,68,108.45
4482-FTFFX,月付套餐,在网,宽带 DSL,已开通电话,5,56.15
8859-DZTGQ,两年合约,在网,未开通互联网,已开通电话,33,20.35
0440-MOGPM,一年合约,在网,宽带 DSL,已开通电话,41,80.55
0020-JDNXP,一年合约,在网,宽带 DSL,未开通电话,34,61.25
3752-CQSJI,月付套餐,在网,未开通互联网,已开通电话,13,20.45
5025-GOOKI,月付套餐,在网,未开通互联网,已开通电话,20,18.9
4698-KVLLG,两年合约,在网,未开通互联网,已开通电话,51,19.6
5095-AESKG,月付套餐,已流失,光纤,已开通电话,3,91.5
2887-JPYLU,月付套餐,在网,宽带 DSL,已开通电话,41,45.2
4770-QAZXN,月付套餐,在网,未开通互联网,已开通电话,13,19.45
4896-CPRPF,两年合约,在网,未开通互联网,已开通电话,35,25.45
1871-MOWRM,月付套餐,已流失,光纤,已开通电话,12,80.85
9714-EDSUC,月付套餐,在网,光纤,已开通电话,4,94.9
2027-OAQQC,月付套餐,已流失,宽带 DSL,未开通电话,43,49.05
0282-NVSJS,月付套餐,在网,宽带 DSL,未开通电话,12,29.3
9090-SGQXL,月付套餐,已流失,光纤,已开通电话,68,105.3
6595-YGXIT,月付套餐,已流失,光纤,已开通电话,25,88.95
7353-YOWFP,一年合约,在网,未开通互联网,已开通电话,7,20.25
9835-ZIITK,一年合约,已流失,光纤,已开通电话,66,110.85
8008-ESFLK,一年合约,在网,光纤,已开通电话,53,110.5
7537-CBQUZ,月付套餐,在网,光纤,已开通电话,63,109.4
1555-DJEQW,两年合约,已流失,光纤,已开通电话,70,114.2
5649-TJHOV,月付套餐,已流失,宽带 DSL,未开通电话,27,36.5
0519-XUZJU,月付套餐,已流失,光纤,已开通电话,1,70.75
3363-EWLGO,月付套餐,在网,未开通互联网,已开通电话,5,19.95
4750-UKWJK,一年合约,在网,未开通互联网,已开通电话,37,19.6
6338-AVWCY,月付套餐,已流失,宽带 DSL,未开通电话,3,40.15
1689-YQBYY,月付套餐,在网,光纤,已开通电话,12,76.6
4487-ZYJZK,一年合约,在网,未开通互联网,已开通电话,38,19.6
2959-FENLU,月付套餐,在网,光纤,已开通电话,9,85.3
0708-LGSMF,月付套餐,在网,宽带 DSL,已开通电话,13,65.85
9253-QXKBE,月付套餐,已流失,光纤,已开通电话,29,94.45
7634-HLQJR,两年合约,在网,未开通互联网,已开通电话,47,20.05
0487-RPVUM,月付套餐,在网,光纤,已开通电话,61,99.4
4079-ULGFR,月付套餐,在网,未开通互联网,已开通电话,16,20
2516-XSJKX,两年合约,在网,宽带 DSL,已开通电话,41,78.45
0057-QBUQH,两年合约,在网,未开通互联网,已开通电话,43,25.1
9445-SZLCH,月付套餐,已流失,光纤,已开通电话,36,97.35
6599-SFQVE,月付套餐,在网,宽带 DSL,已开通电话,6,55
8331-ZXFOE,一年合约,在网,宽带 DSL,已开通电话,58,71.1
4003-FUSHP,月付套餐,在网,宽带 DSL,已开通电话,19,61.55
0356-ERHVT,月付套餐,在网,宽带 DSL,已开通电话,11,45.9
7325-ENZFI,一年合约,在网,宽带 DSL,未开通电话,39,40.3
4884-ZTHVF,月付套餐,在网,光纤,已开通电话,8,87.1
3920-HIHMQ,月付套餐,在网,宽带 DSL,已开通电话,26,49.5
3055-OYMSE,月付套餐,在网,光纤,已开通电话,53,73.8
0613-WUXUM,两年合约,在网,未开通互联网,已开通电话,70,19.2
7568-PODML,月付套餐,已流失,宽带 DSL,未开通电话,1,45.3
4458-KVRBJ,两年合约,在网,未开通互联网,已开通电话,59,25
5349-IECLD,月付套餐,已流失,光纤,已开通电话,2,94.95
1397-XKKWR,一年合约,在网,宽带 DSL,未开通电话,7,35.3
3945-GFWQL,月付套餐,已流失,宽带 DSL,已开通电话,12,44.55
8097-OMULG,一年合约,在网,宽带 DSL,已开通电话,59,76.75
6013-BHCAW,两年合约,在网,宽带 DSL,已开通电话,61,81
0401-WDBXM,两年合约,在网,光纤,已开通电话,72,105.55
3387-PLKUI,月付套餐,在网,未开通互联网,已开通电话,13,18.8
6096-EGVTU,一年合约,在网,未开通互联网,已开通电话,64,24.9
3797-VTIDR,月付套餐,已流失,宽带 DSL,未开通电话,1,23.45
5081-NWSUP,一年合约,在网,宽带 DSL,已开通电话,10,64.9
2580-ATZSQ,一年合约,在网,宽带 DSL,已开通电话,65,61.35
8085-MSNLK,两年合约,在网,光纤,已开通电话,62,113.95
9691-HKOVS,一年合约,在网,宽带 DSL,已开通电话,55,90.15
9881-VCZEP,月付套餐,在网,宽带 DSL,已开通电话,25,54.1
9526-BIHHD,月付套餐,已流失,宽带 DSL,未开通电话,1,29.7
8757-TFHHJ,月付套餐,在网,宽带 DSL,已开通电话,1,49.8
4523-WXCEF,月付套餐,已流失,光纤,已开通电话,59,101.1
1468-DEFNC,两年合约,在网,未开通互联网,已开通电话,64,24.4
5119-KEPFY,月付套餐,在网,光纤,已开通电话,36,95
8364-TRMMK,月付套餐,已流失,宽带 DSL,已开通电话,3,50.65
0916-KNFAJ,两年合约,在网,宽带 DSL,已开通电话,61,69.9
8319-QBEHW,一年合约,在网,宽带 DSL,未开通电话,26,39.95
3063-QFSZL,月付套餐,已流失,宽带 DSL,已开通电话,1,55.4
8775-LHDJH,月付套餐,已流失,光纤,已开通电话,1,90.6
9625-QNLUX,两年合约,在网,光纤,已开通电话,68,103.25
3097-NQYSN,月付套餐,已流失,光纤,已开通电话,2,86.85
4024-CSNBY,两年合约,在网,光纤,已开通电话,72,94.25
7110-BDTWG,两年合约,在网,宽带 DSL,未开通电话,71,47.05
7493-GVFIO,两年合约,在网,未开通互联网,已开通电话,57,20.55
0690-SRQID,月付套餐,在网,未开通互联网,已开通电话,4,19.65
9605-WGJVW,月付套餐,在网,光纤,已开通电话,1,70.2
9114-DPSIA,两年合约,在网,宽带 DSL,已开通电话,72,81
4700-UBQMV,一年合约,在网,宽带 DSL,已开通电话,21,75.9
7711-GQBZC,两年合约,在网,未开通互联网,已开通电话,71,24.7
3565-UNOCC,月付套餐,已流失,光纤,已开通电话,29,99.05
4627-MIHJH,两年合约,在网,光纤,已开通电话,69,110.25
9795-NREXC,两年合约,在网,宽带 DSL,已开通电话,64,85
8573-CGOCC,月付套餐,在网,未开通互联网,已开通电话,16,19.75
7356-AYNJP,一年合约,在网,未开通互联网,已开通电话,4,23.9
9249-FXSCK,一年合约,已流失,光纤,已开通电话,52,111.25
5493-SDRDQ,月付套餐,已流失,宽带 DSL,已开通电话,2,55.1
6286-SUUWT,月付套餐,在网,未开通互联网,已开通电话,1,19.95
4819-HJPIW,月付套餐,在网,宽带 DSL,未开通电话,18,25.15
8654-DHAOW,月付套餐,在网,宽带 DSL,已开通电话,2,54.15
5438-QMDDL,月付套餐,在网,宽带 DSL,已开通电话,19,59.8
9812-GHVRI,月付套餐,在网,光纤,已开通电话,40,83.85
5553-AOINX,一年合约,在网,光纤,已开通电话,66,104.9
1228-ZLNBX,月付套餐,在网,光纤,已开通电话,21,75.3
4226-KKDON,月付套餐,在网,宽带 DSL,已开通电话,8,66.65
3831-YCPUO,两年合约,在网,光纤,已开通电话,72,109.5
7445-WMRBW,一年合约,在网,宽带 DSL,已开通电话,48,73.85
3308-DGHKL,两年合约,在网,未开通互联网,已开通电话,69,19.3
9924-JPRMC,两年合约,在网,光纤,已开通电话,72,118.2
0080-EMYVY,一年合约,在网,宽带 DSL,已开通电话,14,51.45
6218-KNUBD,月付套餐,在网,宽带 DSL,已开通电话,6,59.45
7337-CINUD,两年合约,在网,未开通互联网,已开通电话,8,19.5
7609-NRNCA,一年合约,在网,未开通互联网,已开通电话,17,19.55
0623-EJQEG,一年合约,在网,光纤,已开通电话,65,93.55
7153-CHRBV,一年合约,在网,宽带 DSL,已开通电话,57,59.3
0871-URUWO,月付套餐,已流失,光纤,已开通电话,13,102.25
9190-MFJLN,月付套餐,已流失,光纤,已开通电话,19,95.9
6198-PNNSZ,一年合约,在网,光纤,已开通电话,56,109.8
3317-VLGQT,月付套餐,在网,光纤,已开通电话,14,78.1
4132-POCZS,月付套餐,在网,宽带 DSL,未开通电话,52,39.9
5614-DNZCE,两年合约,在网,宽带 DSL,已开通电话,58,64.9
1095-JUDTC,月付套餐,已流失,光纤,已开通电话,47,95.05
3896-RCYYE,月付套餐,在网,宽带 DSL,未开通电话,67,53.4
9638-JIQYA,月付套餐,在网,宽带 DSL,未开通电话,2,24.9
3258-SANFR,月付套餐,在网,宽带 DSL,已开通电话,6,44.7
3726-TBHQT,两年合约,在网,光纤,已开通电话,71,114
3190-ITQXP,两年合约,在网,未开通互联网,已开通电话,46,20.25
0870-VEMYL,月付套餐,已流失,宽带 DSL,已开通电话,5,53.85
4833-QTJNO,月付套餐,在网,光纤,已开通电话,67,83.85
3039-MJSLN,月付套餐,在网,未开通互联网,已开通电话,3,20.2
0178-CIIKR,月付套餐,在网,未开通互联网,已开通电话,3,19.95
5385-SUIRI,月付套餐,已流失,光纤,已开通电话,52,104.2
3982-XWFZQ,月付套餐,已流失,宽带 DSL,已开通电话,42,50.25
5774-QPLTF,一年合约,在网,未开通互联网,已开通电话,50,20.35
2322-VCZHZ,月付套餐,在网,光纤,已开通电话,23,90
5010-IPEAQ,两年合约,在网,宽带 DSL,未开通电话,67,54.2
4009-ALQFH,月付套餐,已流失,光纤,已开通电话,25,99.5
6383-ZTSIW,一年合约,在网,光纤,已开通电话,39,99.1
8990-YOZLV,两年合约,在网,宽带 DSL,已开通电话,69,66.9
3069-SSVSN,一年合约,在网,宽带 DSL,未开通电话,1,25.85
5222-IMUKT,月付套餐,在网,光纤,已开通电话,32,91.05
3627-FCRDW,月付套餐,已流失,光纤,已开通电话,9,71
7562-GSUHK,月付套餐,已流失,光纤,已开通电话,16,93.2
6685-XSHHU,两年合约,在网,未开通互联网,已开通电话,60,20.95
8901-UPRHR,两年合约,在网,光纤,已开通电话,72,109.2
4903-UYAVB,月付套餐,已流失,未开通互联网,已开通电话,5,19.35
0118-JPNOY,月付套餐,在网,光纤,已开通电话,26,85.8
6776-TLWOI,月付套餐,已流失,未开通互联网,已开通电话,3,19.85
3845-FXCYS,月付套餐,在网,未开通互联网,已开通电话,2,19.65
5857-XRECV,一年合约,在网,未开通互联网,已开通电话,2,20.5
0725-CXOTM,一年合约,在网,宽带 DSL,已开通电话,36,89.65
4343-EJVQB,月付套餐,在网,光纤,已开通电话,7,74.35
9000-PLFUZ,两年合约,在网,宽带 DSL,未开通电话,60,49.45
3427-GGZZI,月付套餐,在网,光纤,已开通电话,19,89.1
7779-ORAEL,两年合约,在网,宽带 DSL,已开通电话,45,75.15
0644-OQMDK,月付套餐,在网,光纤,已开通电话,4,70.65
4077-CROMM,月付套餐,已流失,光纤,已开通电话,31,104.2
3154-CFSZG,月付套餐,在网,光纤,已开通电话,47,90.05
2868-MZAGQ,月付套餐,已流失,光纤,已开通电话,1,79.25
4847-QNOKA,月付套餐,已流失,宽带 DSL,已开通电话,1,44.9
2220-IAHLS,月付套餐,在网,未开通互联网,已开通电话,1,19.4
1658-XUHBX,月付套餐,在网,光纤,已开通电话,59,88.75
6379-RXJRQ,月付套餐,已流失,光纤,已开通电话,10,70.1
2378-HTWFW,月付套餐,在网,光纤,已开通电话,35,91
8650-RHRKE,月付套餐,已流失,宽带 DSL,未开通电话,4,29.65
4377-VDHYI,一年合约,在网,光纤,已开通电话,32,90.8
0475-RIJEP,月付套餐,已流失,光纤,已开通电话,43,77.85
1260-TTRXI,月付套餐,已流失,宽带 DSL,已开通电话,4,54.3
3719-TDVQB,两年合约,在网,未开通互联网,已开通电话,54,18.95
6328-ZPBGN,月付套餐,已流失,光纤,已开通电话,11,95.15
0201-MIBOL,两年合约,在网,光纤,已开通电话,66,102.4
4937-QPZPO,一年合约,在网,光纤,已开通电话,61,99.9
2925-VDZHY,两年合约,在网,宽带 DSL,已开通电话,72,88.7
6981-TDRFT,一年合约,在网,宽带 DSL,未开通电话,44,54.3
3413-CSSTH,月付套餐,在网,宽带 DSL,已开通电话,41,55.7
8033-VCZGH,一年合约,在网,光纤,已开通电话,50,103.95
4789-KWMXN,一年合约,已流失,光纤,已开通电话,47,110.85
0224-NIJLP,两年合约,在网,未开通互联网,已开通电话,8,20.15
7542-CYDDM,月付套餐,在网,未开通互联网,已开通电话,18,20.05
4718-WXBGI,两年合约,在网,宽带 DSL,已开通电话,72,91.95
2867-UIMSS,月付套餐,已流失,光纤,已开通电话,1,80.5
8495-PRWFH,月付套餐,在网,宽带 DSL,已开通电话,42,55.65
0439-IFYUN,月付套餐,在网,光纤,已开通电话,18,74.7
5716-LIBJC,一年合约,在网,光纤,已开通电话,13,104.15
2868-LLSKM,一年合约,在网,光纤,已开通电话,68,83.65
8111-RKSPX,月付套餐,已流失,光纤,已开通电话,4,72.2
2988-QRAJY,两年合约,在网,光纤,已开通电话,69,110.05
1585-MQSSU,月付套餐,已流失,宽带 DSL,已开通电话,17,51.5
0071-NDAFP,两年合约,在网,未开通互联网,已开通电话,25,25.5
2856-NNASM,月付套餐,已流失,光纤,已开通电话,43,89.55
7328-ZJAJO,两年合约,在网,未开通互联网,已开通电话,59,19.5
6458-CYIDZ,月付套餐,在网,光纤,已开通电话,5,80.7
8559-CIZFV,一年合约,已流失,宽带 DSL,已开通电话,21,77.5
1090-PYKCI,一年合约,在网,光纤,已开通电话,69,105.1
3058-WQDRE,月付套餐,在网,宽带 DSL,未开通电话,13,25.15
7547-EKNFS,月付套餐,已流失,光纤,已开通电话,42,95.25
2279-AXJJK,月付套餐,在网,光纤,已开通电话,52,95.65
6769-DYBQN,月付套餐,已流失,光纤,已开通电话,46,85
0909-SELIE,两年合约,在网,宽带 DSL,已开通电话,61,80.8
3417-TSCIC,一年合约,在网,宽带 DSL,未开通电话,29,24.85
1042-HFUCW,一年合约,在网,宽带 DSL,已开通电话,25,54.75
4439-JMPMT,月付套餐,已流失,光纤,已开通电话,5,85.75
6537-OTKMY,一年合约,在网,宽带 DSL,未开通电话,15,50.75
8999-EXMNO,两年合约,在网,未开通互联网,已开通电话,19,20.15
6725-TPKJO,两年合约,在网,未开通互联网,已开通电话,44,20.05
2446-BEGGB,月付套餐,已流失,光纤,已开通电话,6,98.25
7162-WPHPM,两年合约,在网,宽带 DSL,已开通电话,58,71.6
1599-MMYRQ,一年合约,在网,光纤,已开通电话,62,81.45
8821-KVZKQ,一年合约,在网,宽带 DSL,未开通电话,70,58.4
1496-GGSUK,月付套餐,已流失,宽带 DSL,未开通电话,1,25.7
6434-TTGJP,两年合约,在网,宽带 DSL,未开通电话,10,53.7
0042-JVWOJ,一年合约,在网,未开通互联网,已开通电话,26,19.6
0130-SXOUN,月付套餐,在网,光纤,已开通电话,66,89.4
2575-GFSOE,月付套餐,已流失,光纤,已开通电话,7,69
2330-PQGDQ,一年合约,在网,光纤,已开通电话,51,84.2
1452-UZOSF,两年合约,在网,光纤,已开通电话,72,106.1
2097-YVPKN,两年合约,在网,未开通互联网,已开通电话,65,25.75
2842-JTCCU,月付套餐,已流失,宽带 DSL,已开通电话,2,46.05
8597-CTXVJ,一年合约,在网,宽带 DSL,已开通电话,70,64.95
6631-HMANX,两年合约,在网,宽带 DSL,已开通电话,72,85.45
9962-BFPDU,月付套餐,在网,未开通互联网,已开通电话,1,20.05
3296-SILRA,月付套餐,已流失,光纤,已开通电话,1,76.4
9681-OXGVC,月付套餐,已流失,光纤,已开通电话,5,100.5
6394-HHHZM,月付套餐,在网,未开通互联网,已开通电话,3,20.7
5995-LFTLE,两年合约,在网,未开通互联网,已开通电话,58,25.3
5180-UCIIQ,月付套餐,已流失,宽带 DSL,未开通电话,22,40.05
1932-UEDCX,月付套餐,在网,光纤,已开通电话,33,100.6
7153-OANIO,月付套餐,已流失,光纤,已开通电话,1,69.95
5188-HGMLP,月付套餐,在网,光纤,已开通电话,54,74
0665-XHDJU,两年合约,在网,光纤,已开通电话,72,99.4
6521-YYTYI,月付套餐,已流失,光纤,已开通电话,1,93.3
8878-HMWBV,月付套餐,已流失,宽带 DSL,已开通电话,3,49.15
8265-HKSOW,两年合约,在网,光纤,已开通电话,72,107.45
3544-FBCAS,两年合约,在网,宽带 DSL,已开通电话,72,83.6
5331-RGMTT,月付套餐,在网,光纤,已开通电话,54,99.05
4759-PXTAN,一年合约,在网,宽带 DSL,已开通电话,59,80.1
7054-DMVAS,两年合约,在网,宽带 DSL,已开通电话,54,65.3
3428-MMGUB,两年合约,在网,光纤,已开通电话,60,89.55
6549-BTYPG,两年合约,在网,宽带 DSL,未开通电话,60,60.8
7823-JSOAG,月付套餐,在网,光纤,已开通电话,3,74.5
3705-RHRFR,两年合约,在网,光纤,已开通电话,69,99.15
9374-YOLBJ,月付套餐,在网,未开通互联网,已开通电话,1,19.25
9074-KGVOX,月付套餐,在网,宽带 DSL,未开通电话,50,39.45
6128-DAFVY,月付套餐,在网,宽带 DSL,未开通电话,56,44.85
9933-QRGTX,两年合约,在网,光纤,已开通电话,60,97.2
4476-OSWTN,一年合约,在网,光纤,已开通电话,69,110.55
3751-KTZEL,月付套餐,已流失,宽带 DSL,未开通电话,1,35.05
1977-STDKI,月付套餐,已流失,光纤,已开通电话,1,73
5066-GFJMM,月付套餐,在网,未开通互联网,已开通电话,3,19.9
2661-GKBTK,两年合约,在网,宽带 DSL,已开通电话,60,76.95
0458-HEUZG,两年合约,在网,宽带 DSL,未开通电话,13,35.4
7268-WNTCP,两年合约,在网,未开通互联网,已开通电话,62,20.45
0824-VWDPO,一年合约,在网,光纤,已开通电话,45,96.75
8409-WQJUX,一年合约,在网,宽带 DSL,未开通电话,25,54.2
2578-JQPHZ,两年合约,在网,光纤,已开通电话,44,100.1
3278-FSIXX,月付套餐,在网,宽带 DSL,已开通电话,2,45.25
5813-UECBU,月付套餐,已流失,光纤,已开通电话,33,83.85
0328-GRPMV,月付套餐,已流失,光纤,已开通电话,1,70.1
9746-UGFAC,一年合约,在网,未开通互联网,已开通电话,22,20.85
2946-KIQSP,月付套餐,在网,宽带 DSL,未开通电话,35,33.45
0625-AFOHS,两年合约,在网,未开通互联网,已开通电话,29,20.2
6726-WEXXK,一年合约,在网,光纤,已开通电话,27,85.9
4636-OLWOE,一年合约,在网,宽带 DSL,已开通电话,54,61
4342-HENTK,月付套餐,已流失,光纤,已开通电话,2,70.65
4685-ERGHK,一年合约,在网,光纤,已开通电话,57,86.9
0885-HMGPY,两年合约,在网,宽带 DSL,已开通电话,62,69.4
5003-OKNNK,一年合约,在网,未开通互联网,已开通电话,15,20.35
4195-SMMNX,月付套餐,已流失,未开通互联网,已开通电话,2,20.35
7208-PSIHR,两年合约,在网,光纤,已开通电话,70,104.3
4012-ZTHBR,月付套餐,在网,宽带 DSL,已开通电话,21,44.95
0489-WMEMG,一年合约,在网,宽带 DSL,已开通电话,23,49.45
7435-ZNUYY,一年合约,在网,未开通互联网,已开通电话,6,20.6
1354-YZFNB,两年合约,在网,未开通互联网,已开通电话,4,19.55
6956-SMUCM,月付套餐,已流失,光纤,已开通电话,3,99
2985-FMWYF,月付套餐,在网,光纤,已开通电话,23,93.5
2812-ENYMO,一年合约,在网,宽带 DSL,未开通电话,26,54.55
2717-HVIZY,月付套餐,在网,未开通互联网,已开通电话,8,20.05
3223-WZWJM,月付套餐,已流失,光纤,已开通电话,26,83.95
3422-GALYP,月付套餐,在网,光纤,已开通电话,2,79.45
9053-JZFKV,两年合约,已流失,光纤,已开通电话,67,116.2
2530-ENDWQ,两年合约,已流失,光纤,已开通电话,71,93.7
2890-WFBHU,一年合约,在网,宽带 DSL,已开通电话,59,79.85
0327-WFZSY,一年合约,在网,光纤,已开通电话,39,100
7977-HXJKU,两年合约,在网,未开通互联网,已开通电话,21,19.6
6615-ZGEDR,月付套餐,已流失,未开通互联网,已开通电话,1,19.7
7033-CLAMM,两年合约,在网,未开通互联网,已开通电话,48,20.2
4023-RTIQM,一年合约,在网,宽带 DSL,未开通电话,31,50.4
0864-FVJNJ,一年合约,在网,光纤,已开通电话,64,113.35
7356-IWLFW,月付套餐,在网,光纤,已开通电话,46,80
9541-PWTWO,两年合约,在网,宽带 DSL,已开通电话,52,80.95
3967-VQOGC,两年合约,在网,未开通互联网,已开通电话,67,24.9
7872-RDDLZ,月付套餐,在网,宽带 DSL,已开通电话,67,54.9
9250-WYPLL,月付套餐,已流失,光纤,已开通电话,5,75.55
6308-CQRBU,两年合约,在网,光纤,已开通电话,71,109.25
2754-XBHTB,月付套餐,已流失,光纤,已开通电话,9,77.65
1597-LHYNC,月付套餐,已流失,光纤,已开通电话,26,95
0186-CAERR,一年合约,在网,光纤,已开通电话,71,116.3
3043-SUDUA,月付套餐,在网,未开通互联网,已开通电话,32,19.9
5442-BHQNG,月付套餐,在网,光纤,已开通电话,2,70.35
2169-RRLFW,两年合约,在网,未开通互联网,已开通电话,71,25.6
5872-OEQNH,一年合约,在网,宽带 DSL,未开通电话,60,44.45
3162-KKZXO,一年合约,在网,光纤,已开通电话,55,100.15
7055-VKGDA,一年合约,已流失,光纤,已开通电话,54,105.4
0754-UKWQP,月付套餐,已流失,光纤,已开通电话,2,95.85
8873-GLDMH,月付套餐,在网,光纤,已开通电话,6,73.85
5696-JVVQY,两年合约,在网,宽带 DSL,已开通电话,48,70.1
8946-BFWSG,两年合约,在网,未开通互联网,已开通电话,63,25.25
7493-TPUWZ,月付套餐,已流失,光纤,已开通电话,1,79.15
0547-HURJB,月付套餐,在网,未开通互联网,已开通电话,12,21.05
8904-OPDCK,月付套餐,在网,宽带 DSL,未开通电话,54,24.95
8845-LWKGE,一年合约,在网,宽带 DSL,已开通电话,30,64.5
1577-HKTFG,月付套餐,已流失,未开通互联网,已开通电话,30,19.65
8752-STIVR,月付套餐,已流失,光纤,已开通电话,4,79
0691-NIKRI,一年合约,在网,光纤,已开通电话,40,105.95
5022-JNQEQ,月付套餐,在网,光纤,已开通电话,9,75.85
4558-FANTW,月付套餐,已流失,光纤,已开通电话,17,91.85
3249-VHRIP,两年合约,在网,宽带 DSL,未开通电话,62,43.6
3736-BLEPA,一年合约,在网,光纤,已开通电话,28,91.25
4701-LKOZD,两年合约,在网,宽带 DSL,已开通电话,70,89.75
6603-QWSPR,两年合约,在网,光纤,已开通电话,46,104.4
9921-QFQUL,月付套餐,在网,光纤,已开通电话,23,90.15
1929-ZCBHE,一年合约,在网,宽带 DSL,未开通电话,47,40.3
4378-MYPGO,两年合约,在网,光纤,已开通电话,68,105.25
8651-ENBZX,一年合约,已流失,光纤,已开通电话,60,106
4129-LYCOI,两年合约,在网,光纤,已开通电话,67,104
7798-JVXYM,月付套餐,在网,宽带 DSL,已开通电话,14,69.65
8647-SDTWQ,月付套餐,在网,光纤,已开通电话,57,74.3
2696-ECXKC,一年合约,在网,光纤,已开通电话,55,100.9
2081-KJSQF,月付套餐,在网,未开通互联网,已开通电话,1,20.25
7623-TRNQN,月付套餐,已流失,宽带 DSL,已开通电话,1,49.9
3323-CPBWR,月付套餐,在网,光纤,已开通电话,23,96.9
9330-IJWIO,月付套餐,已流失,光纤,已开通电话,13,100.35
3384-CTMSF,月付套餐,在网,光纤,已开通电话,47,104.1
0902-RFHOF,一年合约,在网,未开通互联网,已开通电话,38,20.1
9286-DOJGF,月付套餐,已流失,光纤,已开通电话,38,74.95
6048-QBXKL,月付套餐,在网,宽带 DSL,已开通电话,2,56.55
9661-MHUMO,月付套餐,已流失,宽带 DSL,已开通电话,1,49.25
7718-RXDGG,月付套餐,在网,光纤,已开通电话,15,68.6
1025-FALIX,月付套餐,在网,光纤,已开通电话,26,69.05
3451-VAWLI,两年合约,在网,未开通互联网,已开通电话,35,19.7
3407-QGWLG,月付套餐,在网,未开通互联网,已开通电话,3,20.05
1842-EZJMK,月付套餐,已流失,光纤,已开通电话,50,103.7
2347-WKKAE,月付套餐,在网,光纤,已开通电话,42,94.4
8735-DCXNF,月付套餐,在网,宽带 DSL,已开通电话,10,54.95
3214-IYUUQ,一年合约,在网,光纤,已开通电话,61,93.7
1936-UAFEH,两年合约,在网,光纤,已开通电话,68,110.25
3587-PMCOY,一年合约,在网,光纤,已开通电话,10,98.9
8079-XRJRS,一年合约,已流失,光纤,已开通电话,65,89.75
1027-LKKQQ,两年合约,在网,宽带 DSL,已开通电话,72,80.45
7148-XZPHA,月付套餐,在网,光纤,已开通电话,55,79.4
8073-IJDCM,月付套餐,已流失,未开通互联网,已开通电话,1,20.3
5309-TAIKL,月付套餐,在网,宽带 DSL,已开通电话,7,62.8
6856-RAURS,月付套餐,在网,光纤,已开通电话,2,74.9
8778-LMWTJ,月付套餐,在网,光纤,已开通电话,9,74.85
9717-IOAAF,两年合约,在网,未开通互联网,已开通电话,27,25.85
8884-ADFVN,月付套餐,已流失,光纤,已开通电话,7,101.95
2845-KDHVX,两年合约,在网,宽带 DSL,已开通电话,64,68.3
0848-SOMKO,两年合约,在网,宽带 DSL,未开通电话,70,48.4
2720-WGKHP,月付套餐,已流失,光纤,已开通电话,2,94
6734-FQAJX,两年合约,在网,光纤,已开通电话,67,105.05
2869-ADAWR,月付套餐,已流失,光纤,已开通电话,45,89.3
1535-VTJOQ,两年合约,在网,未开通互联网,已开通电话,24,25.15
6368-TZZDT,两年合约,在网,未开通互联网,已开通电话,4,19.5
0943-ZQPXH,月付套餐,在网,光纤,已开通电话,44,92.95
1293-BSEUN,两年合约,在网,未开通互联网,已开通电话,72,20.7
9894-EZEWG,月付套餐,已流失,光纤,已开通电话,1,74.3
1302-TPUBN,两年合约,在网,未开通互联网,已开通电话,66,19.35
7851-FLGGQ,月付套餐,已流失,宽带 DSL,未开通电话,1,44.65
0637-UBJRP,月付套餐,已流失,光纤,已开通电话,13,84.05
0940-OUQEC,月付套餐,已流失,光纤,已开通电话,10,80.7
2378-VTKDH,月付套餐,在网,光纤,已开通电话,65,104.35
0927-CNGRH,月付套餐,在网,未开通互联网,已开通电话,1,19.55
8608-OZTLB,一年合约,在网,宽带 DSL,已开通电话,38,74.05
2335-GSODA,两年合约,在网,宽带 DSL,未开通电话,23,40.1
1952-DVVSW,一年合约,在网,未开通互联网,已开通电话,10,20.1
0702-PGIBZ,月付套餐,已流失,光纤,已开通电话,4,101.7
6656-GULJQ,两年合约,在网,宽带 DSL,已开通电话,72,83.55
9853-JFZDU,月付套餐,在网,宽带 DSL,已开通电话,35,56.85
1963-VAUKV,月付套餐,已流失,未开通互联网,已开通电话,1,20.4
3777-XROBG,两年合约,在网,未开通互联网,已开通电话,58,19.55
6994-FGRHH,一年合约,在网,光纤,已开通电话,70,106.15
4000-VGMQP,一年合约,在网,宽带 DSL,已开通电话,38,78.95
3999-WRNGR,月付套餐,在网,宽带 DSL,未开通电话,60,49.75
3466-RITXD,月付套餐,在网,光纤,已开通电话,26,92.4
2680-XKKNJ,一年合约,在网,宽带 DSL,已开通电话,8,58.2
3058-HJCUY,一年合约,已流失,光纤,已开通电话,41,102.6
2974-GGUXS,月付套餐,在网,光纤,已开通电话,36,91.95
7994-XIRTR,一年合约,在网,宽带 DSL,已开通电话,54,65.25
3259-FDWOY,两年合约,已流失,光纤,已开通电话,71,106
2101-RANCD,月付套餐,在网,光纤,已开通电话,55,73.1
7921-BEPCI,两年合约,在网,宽带 DSL,已开通电话,72,59.75
0807-ZABDG,月付套餐,已流失,宽带 DSL,已开通电话,3,55.1
8510-TMWYB,两年合约,在网,宽带 DSL,已开通电话,54,59.8
3258-ZKPAI,两年合约,在网,光纤,已开通电话,72,116.6
1428-IEDPR,两年合约,在网,光纤,已开通电话,52,109.3
5298-GSTLM,一年合约,在网,光纤,已开通电话,60,101.4
4450-YOOHP,月付套餐,在网,宽带 DSL,未开通电话,39,50.65
6728-CZFEI,一年合约,在网,宽带 DSL,已开通电话,15,56.15
5748-RNCJT,两年合约,已流失,光纤,已开通电话,69,106.5
3653-NCRDJ,一年合约,在网,未开通互联网,已开通电话,43,19.2
6121-TNHBO,一年合约,在网,宽带 DSL,已开通电话,63,83
5119-NZPTV,月付套餐,在网,光纤,已开通电话,2,70.1
6519-ZHPXP,两年合约,在网,光纤,已开通电话,72,108.3
7739-LAXOG,月付套餐,已流失,光纤,已开通电话,32,91.05
3472-QPRCH,两年合约,在网,未开通互联网,已开通电话,40,25.25
8224-UAXBZ,一年合约,在网,宽带 DSL,未开通电话,58,45.35
9610-WCESF,两年合约,在网,宽带 DSL,未开通电话,67,43.9
9776-CLUJA,月付套餐,已流失,光纤,已开通电话,51,77.5
2486-WYVVE,一年合约,在网,宽带 DSL,已开通电话,31,79.3
3865-ZYKAD,月付套餐,在网,光纤,已开通电话,69,84.9
1422-DGUBX,一年合约,在网,光纤,已开通电话,32,79.25
2999-AANRQ,两年合约,在网,宽带 DSL,已开通电话,21,71.05
8668-KNZTI,一年合约,在网,宽带 DSL,已开通电话,52,53.75
0480-KYJVA,两年合约,在网,未开通互联网,已开通电话,72,24.25
6034-ZRYCV,两年合约,已流失,宽带 DSL,未开通电话,72,54.2
9746-YKGXB,一年合约,在网,宽带 DSL,未开通电话,52,44.25
3926-YZVVX,一年合约,在网,宽带 DSL,已开通电话,41,50.05
6000-UKLWI,两年合约,在网,未开通互联网,已开通电话,41,20.15
2079-FBMZK,月付套餐,已流失,光纤,已开通电话,6,69.25
6332-FBZRI,一年合约,在网,宽带 DSL,已开通电话,67,69.35
2096-XOTMO,月付套餐,在网,未开通互联网,已开通电话,16,19.35
3266-FTKHB,两年合约,在网,未开通互联网,已开通电话,17,19.15
8221-EQDGL,月付套餐,在网,宽带 DSL,已开通电话,35,61
2346-LOCWC,两年合约,在网,未开通互联网,已开通电话,58,20.5
6608-QQLVK,月付套餐,已流失,宽带 DSL,已开通电话,1,50.5
0298-XACET,两年合约,在网,宽带 DSL,未开通电话,52,50.2
7560-QJAVJ,两年合约,在网,宽带 DSL,已开通电话,70,79.6
2995-YWTCD,两年合约,在网,未开通互联网,已开通电话,19,24.9
3551-HUAZH,月付套餐,已流失,光纤,已开通电话,1,74.4
9137-UIYPG,月付套餐,在网,光纤,已开通电话,35,106.9
2809-ZMYOQ,月付套餐,在网,光纤,已开通电话,32,101.35
5084-OOVCJ,月付套餐,在网,宽带 DSL,已开通电话,17,55.35
0254-WWRKD,一年合约,在网,宽带 DSL,已开通电话,67,50.55
7727-SHVZV,月付套餐,在网,未开通互联网,已开通电话,9,19.5
6302-JGYRJ,一年合约,已流失,宽带 DSL,已开通电话,31,79.45
5339-PXDVH,月付套餐,在网,光纤,已开通电话,4,90.65
2205-LPVGL,一年合约,在网,光纤,已开通电话,58,89.85
8782-NUUOL,一年合约,在网,宽带 DSL,已开通电话,60,79
3685-YLCMQ,一年合约,已流失,光纤,已开通电话,58,104.65
7601-WFVZV,月付套餐,在网,未开通互联网,已开通电话,1,19.55
4609-KNNWG,两年合约,在网,未开通互联网,已开通电话,27,19.9
4868-AADLV,一年合约,在网,光纤,已开通电话,66,116.25
9529-OFXHY,月付套餐,在网,光纤,已开通电话,15,87.75
8634-MPHTR,月付套餐,已流失,光纤,已开通电话,47,100.05
2669-QVCRG,月付套餐,在网,光纤,已开通电话,41,81.3
2478-EEWWM,月付套餐,在网,宽带 DSL,未开通电话,59,44.3
9174-IHETN,两年合约,在网,光纤,已开通电话,50,70.35
2233-TXSIU,一年合约,在网,宽带 DSL,未开通电话,17,44.45
9644-UMGQA,月付套餐,在网,宽带 DSL,已开通电话,6,49.15
3256-EZDBI,月付套餐,在网,宽带 DSL,未开通电话,51,29.45
8761-NSOBC,月付套餐,已流失,光纤,已开通电话,44,100.55
0419-YAAPX,月付套餐,在网,光纤,已开通电话,49,85.3
8413-VONUO,月付套餐,已流失,光纤,已开通电话,2,95.65
0872-CASZJ,一年合约,在网,宽带 DSL,已开通电话,59,69.1
4726-DLWQN,月付套餐,在网,宽带 DSL,已开通电话,50,70.35
8164-OCKUJ,两年合约,在网,未开通互联网,已开通电话,59,20.6
3094-JOJAI,月付套餐,在网,光纤,已开通电话,18,74.15
9494-MRNYX,月付套餐,在网,光纤,已开通电话,10,75.05
2599-CZABP,一年合约,在网,宽带 DSL,已开通电话,14,44.6
7945-PRBVF,两年合约,在网,未开通互联网,已开通电话,35,21.45
4544-RXFMG,一年合约,在网,宽带 DSL,已开通电话,8,43.45
0859-YGKFW,一年合约,在网,未开通互联网,已开通电话,18,20.05
1150-FTQGN,一年合约,在网,光纤,已开通电话,60,94.15
9223-UCPVT,月付套餐,已流失,光纤,已开通电话,1,94.4
7196-LIWRH,两年合约,在网,未开通互联网,已开通电话,6,19.55
5448-VWNAM,月付套餐,在网,宽带 DSL,已开通电话,19,75.9
1177-XZBJL,一年合约,在网,宽带 DSL,已开通电话,53,64.15
3518-FSTWG,两年合约,在网,光纤,已开通电话,72,109.55
9330-VOFSZ,两年合约,在网,光纤,已开通电话,60,110.8
4351-QLCSU,月付套餐,已流失,宽带 DSL,已开通电话,1,55
0939-EREMR,月付套餐,在网,宽带 DSL,已开通电话,13,53.45
9389-ACWBI,月付套餐,在网,光纤,已开通电话,5,69.95
5419-JPRRN,月付套餐,已流失,光纤,已开通电话,1,101.45
3644-QXEHN,月付套餐,在网,光纤,已开通电话,13,97
2911-IJORQ,一年合约,在网,宽带 DSL,已开通电话,37,90.6
5921-NGYRH,月付套餐,在网,光纤,已开通电话,64,73.55
2100-BDNSN,月付套餐,已流失,宽带 DSL,已开通电话,5,67.95
5998-DZLYR,两年合约,在网,光纤,已开通电话,61,94.35
0488-GSLFR,月付套餐,已流失,光纤,已开通电话,1,69.5
9318-NKNFC,月付套餐,已流失,未开通互联网,已开通电话,1,18.85
3985-HOYPM,一年合约,在网,未开通互联网,已开通电话,26,19.4
9728-FTTVZ,月付套餐,已流失,光纤,已开通电话,1,69.2
9548-LERKT,两年合约,在网,未开通互联网,已开通电话,24,19.75
6576-FBXOJ,一年合约,在网,宽带 DSL,未开通电话,17,54.6
4310-KEDTB,月付套餐,在网,宽带 DSL,未开通电话,26,29.8
7254-IQWOZ,月付套餐,已流失,光纤,已开通电话,1,69.65
2474-BRUCM,月付套餐,已流失,光纤,已开通电话,40,101.85
4062-HBMOS,月付套餐,在网,光纤,已开通电话,52,103.05
0742-NXBGR,月付套餐,已流失,光纤,已开通电话,1,82.3
2676-ISHSF,月付套餐,在网,未开通互联网,已开通电话,1,20.3
9236-NDUCW,两年合约,在网,宽带 DSL,未开通电话,21,35.1
4753-PADAS,一年合约,在网,光纤,已开通电话,67,105.7
6103-QCKFX,月付套餐,在网,宽带 DSL,已开通电话,44,56.25
7781-EWARA,一年合约,在网,宽带 DSL,未开通电话,70,60.35
6110-OHIHY,月付套餐,已流失,光纤,已开通电话,3,79.25
7018-FPXHH,两年合约,在网,宽带 DSL,已开通电话,56,59.8
5889-LFOLL,月付套餐,已流失,光纤,已开通电话,13,84.6
5708-EVONK,月付套餐,已流失,光纤,已开通电话,58,93.4
8708-XPXHZ,月付套餐,已流失,光纤,已开通电话,42,94.2
0616-ATFGB,月付套餐,已流失,宽带 DSL,未开通电话,1,25.05
0572-ZJKLT,两年合约,在网,光纤,已开通电话,46,99.65
5135-RDDQL,两年合约,在网,宽带 DSL,已开通电话,63,50.65
1353-LJWEM,月付套餐,在网,宽带 DSL,已开通电话,11,60.9
1794-SWWKL,月付套餐,在网,宽带 DSL,已开通电话,15,59.65
6166-YIPFO,两年合约,在网,宽带 DSL,未开通电话,72,64.7
7016-BPGEU,月付套餐,已流失,宽带 DSL,未开通电话,29,25.1
6876-ADESB,月付套餐,已流失,宽带 DSL,已开通电话,1,48.95
9332-GYWLO,月付套餐,在网,宽带 DSL,已开通电话,6,54.85
1963-SVUCV,月付套餐,已流失,宽带 DSL,已开通电话,1,45.3
4184-VODJZ,一年合约,在网,光纤,已开通电话,63,91.35
0220-EBGCE,月付套餐,已流失,光纤,已开通电话,2,85.85
1092-WPIVQ,两年合约,在网,未开通互联网,已开通电话,18,25.1
7233-IOQNP,月付套餐,在网,宽带 DSL,未开通电话,43,34
2834-JKOOW,一年合约,在网,宽带 DSL,未开通电话,15,45.9
2754-VDLTR,月付套餐,已流失,光纤,已开通电话,10,95.2
2400-FEQME,两年合约,在网,未开通互联网,已开通电话,55,20.5
3190-XFANI,一年合约,已流失,光纤,已开通电话,49,100.6
7551-DACSP,月付套餐,已流失,宽带 DSL,已开通电话,6,55.3
4957-SREEC,两年合约,在网,未开通互联网,已开通电话,70,20.35
7235-NXZCP,月付套餐,已流失,光纤,已开通电话,2,74.85
0230-UBYPQ,一年合约,在网,宽带 DSL,未开通电话,63,36.1
4923-ADWXJ,月付套餐,在网,宽带 DSL,已开通电话,25,65.8
1763-KUAAW,一年合约,在网,未开通互联网,已开通电话,18,20.35
1104-TNLZA,月付套餐,在网,光纤,已开通电话,28,105.8
5195-KPUNQ,一年合约,在网,光纤,已开通电话,53,96.75
0520-FDVVT,一年合约,已流失,光纤,已开通电话,35,102.35
3439-GVUSX,月付套餐,在网,宽带 DSL,未开通电话,1,24.4
1444-VVSGW,一年合约,已流失,光纤,已开通电话,70,115.65
5712-PTIWW,月付套餐,已流失,光纤,已开通电话,2,79.85
5949-HGVJL,月付套餐,在网,宽带 DSL,已开通电话,26,73.05
5203-XEHAX,一年合约,在网,宽带 DSL,已开通电话,34,64.35
1635-HDGFT,两年合约,在网,未开通互联网,已开通电话,19,20.5
3315-TOTBP,月付套餐,已流失,光纤,已开通电话,15,76
8050-XGRVL,一年合约,在网,宽带 DSL,已开通电话,62,54.75
6661-HBGWL,月付套餐,已流失,光纤,已开通电话,42,104.75
1518-VOWAV,月付套餐,已流失,宽带 DSL,已开通电话,9,74.65
9828-QHFBK,月付套餐,在网,宽带 DSL,已开通电话,24,51.15
3908-MKIMJ,两年合约,在网,宽带 DSL,未开通电话,68,41.95
5012-YSPJJ,月付套餐,在网,宽带 DSL,已开通电话,31,54.35
5909-ECHUI,月付套餐,已流失,宽带 DSL,已开通电话,1,56.25
1309-BXVOQ,月付套餐,已流失,光纤,已开通电话,21,106.1
6728-VOIFY,一年合约,在网,光纤,已开通电话,63,96
9317-WZPGV,月付套餐,已流失,光纤,已开通电话,2,79.75
4891-NLUBA,两年合约,在网,宽带 DSL,未开通电话,61,61.45
2856-HYAPG,月付套餐,已流失,光纤,已开通电话,1,68.65
8969-PRHFK,一年合约,在网,未开通互联网,已开通电话,18,19.65
0661-KQHNK,一年合约,在网,未开通互联网,已开通电话,6,19
8709-KRDVL,月付套餐,在网,光纤,已开通电话,33,100
4488-PSYCG,月付套餐,已流失,未开通互联网,已开通电话,16,20.25
1427-VERSM,月付套餐,在网,光纤,已开通电话,56,98.7
9801-NOSHQ,一年合约,在网,未开通互联网,已开通电话,23,19.8
6339-YPSAH,月付套餐,在网,光纤,已开通电话,9,73.8
3621-CEOVK,月付套餐,已流失,光纤,已开通电话,14,100.2
6906-ANDWJ,月付套餐,已流失,光纤,已开通电话,15,74.9
2159-TURXX,月付套餐,在网,未开通互联网,已开通电话,5,20.05
1548-FEHVL,月付套餐,在网,光纤,已开通电话,61,106.2
3795-CAWEX,两年合约,在网,光纤,已开通电话,70,116.55
6215-NQCPY,月付套餐,在网,光纤,已开通电话,15,99.7
5647-URDKA,两年合约,在网,未开通互联网,已开通电话,8,19.7
2229-DPMBI,两年合约,在网,未开通互联网,已开通电话,8,19.5
9626-WEQRM,月付套餐,在网,宽带 DSL,未开通电话,4,29.15
2188-SXWVT,一年合约,在网,宽带 DSL,已开通电话,34,55
6258-PVZWJ,两年合约,在网,宽带 DSL,已开通电话,68,90.8
1094-BKOSX,一年合约,在网,宽带 DSL,未开通电话,45,51
6969-MVBAI,月付套餐,在网,光纤,已开通电话,9,90.1
2978-XXSOG,月付套餐,在网,宽带 DSL,已开通电话,22,59.05
2342-CKIAO,月付套餐,在网,未开通互联网,已开通电话,2,20.3
6953-PBDIN,两年合约,在网,宽带 DSL,已开通电话,70,72.95
3898-BSJYF,一年合约,在网,宽带 DSL,已开通电话,10,73.55
3938-YFPXD,两年合约,在网,宽带 DSL,已开通电话,72,84.3
7696-AMHOD,一年合约,在网,宽带 DSL,已开通电话,49,78
2453-SAFNS,一年合约,在网,宽带 DSL,已开通电话,54,72.1
9558-IHEZX,两年合约,在网,光纤,已开通电话,71,106.75
9617-UDPEU,一年合约,在网,未开通互联网,已开通电话,22,19.25
6340-DACFT,两年合约,在网,未开通互联网,已开通电话,50,20.55
4955-VCWBI,一年合约,在网,未开通互联网,已开通电话,43,20
6813-GZQCG,两年合约,在网,未开通互联网,已开通电话,45,24.65
7426-GSWPO,月付套餐,在网,光纤,已开通电话,64,103.5
3389-KTRXV,两年合约,在网,未开通互联网,已开通电话,23,23.85
3118-UHVVQ,两年合约,在网,未开通互联网,已开通电话,68,25.8
1031-IIDEO,月付套餐,已流失,光纤,已开通电话,1,70.85
5832-XKAES,月付套餐,已流失,光纤,已开通电话,2,69.8
3205-MXZRA,一年合约,在网,宽带 DSL,已开通电话,26,59.45
4701-AHWMW,月付套餐,已流失,宽带 DSL,未开通电话,55,54.55
8317-BVKSO,月付套餐,在网,未开通互联网,已开通电话,14,20.05
5702-KVQRD,两年合约,在网,宽带 DSL,已开通电话,71,82.55
0083-PIVIK,一年合约,在网,宽带 DSL,已开通电话,64,81.25
9210-IAHGH,月付套餐,已流失,宽带 DSL,已开通电话,7,70.75
6169-PGNCD,两年合约,在网,宽带 DSL,已开通电话,57,74.3
0023-XUOPT,月付套餐,已流失,光纤,已开通电话,13,94.1
4592-IWTJI,月付套餐,已流失,宽带 DSL,未开通电话,3,29.7
4909-JOUPP,两年合约,在网,光纤,已开通电话,72,109.7
4657-FWVFY,月付套餐,在网,光纤,已开通电话,40,96.35
2257-BOVXD,月付套餐,在网,宽带 DSL,已开通电话,14,66.6
7729-JTEEC,月付套餐,在网,宽带 DSL,已开通电话,2,44.5
7632-MNYOY,一年合约,已流失,光纤,已开通电话,66,110.9
6518-LGAOV,月付套餐,已流失,光纤,已开通电话,38,105
7242-QZLXF,月付套餐,已流失,宽带 DSL,未开通电话,1,25.3
4576-CSAJH,一年合约,已流失,宽带 DSL,已开通电话,22,55.15
1000-AJSLD,月付套餐,已流失,未开通互联网,已开通电话,1,20.1
9696-RMYBA,月付套餐,在网,光纤,已开通电话,5,80.1
8690-UPCZI,一年合约,在网,宽带 DSL,已开通电话,29,69.05
1062-LHZOD,月付套餐,已流失,光纤,已开通电话,1,69.9
9770-LXDBK,月付套餐,在网,未开通互联网,已开通电话,3,20.4
4086-WITJG,两年合约,在网,未开通互联网,已开通电话,71,19.7
8344-WFMFH,月付套餐,在网,宽带 DSL,已开通电话,9,50.1
9600-NAXZN,月付套餐,已流失,光纤,已开通电话,43,101.4
8822-KNBHV,一年合约,在网,宽带 DSL,已开通电话,48,83.45
8404-FYDIB,月付套餐,在网,光纤,已开通电话,26,86.65
2791-SFVEW,月付套餐,在网,未开通互联网,已开通电话,9,20.15
6457-USBER,月付套餐,已流失,光纤,已开通电话,1,80.8
6762-NSODU,两年合约,在网,未开通互联网,已开通电话,46,19.4
4662-EKDPQ,月付套餐,已流失,宽带 DSL,已开通电话,2,62.05
9248-OJYKK,月付套餐,已流失,光纤,已开通电话,1,76.45
9888-ZCUMM,两年合约,在网,宽带 DSL,未开通电话,64,60.05
3398-FSHON,月付套餐,已流失,光纤,已开通电话,12,91.3
3319-DWOEP,月付套餐,已流失,光纤,已开通电话,6,95.75
1074-WVEVG,一年合约,在网,未开通互联网,已开通电话,59,20.35
9979-RGMZT,一年合约,在网,光纤,已开通电话,7,94.05
6437-UDQJM,两年合约,在网,宽带 DSL,已开通电话,72,84.1
1226-IENZN,月付套餐,在网,光纤,已开通电话,16,78.75
2108-GLPQB,月付套餐,在网,宽带 DSL,已开通电话,25,55.55
9259-PACGQ,月付套餐,已流失,宽带 DSL,已开通电话,34,62.65
4415-IJZTP,月付套餐,已流失,光纤,已开通电话,1,74.5
1465-VINDH,月付套餐,已流失,光纤,已开通电话,10,102.1
5474-LAMUQ,一年合约,在网,未开通互联网,已开通电话,24,20.1
3468-DRVQJ,一年合约,在网,宽带 DSL,已开通电话,10,70.3
1122-YJBCS,一年合约,在网,宽带 DSL,已开通电话,69,53.65
4990-ALDGW,两年合约,在网,未开通互联网,已开通电话,57,20.75
4816-OKWNX,一年合约,在网,光纤,已开通电话,50,103.4
3315-IKYZQ,一年合约,在网,宽带 DSL,未开通电话,28,50.8
2810-FTLEM,月付套餐,已流失,宽带 DSL,已开通电话,16,50.15
4747-LCAQL,月付套餐,在网,宽带 DSL,已开通电话,25,79
3411-WLRSQ,月付套餐,在网,光纤,已开通电话,3,74.6
0898-XCGTF,一年合约,在网,光纤,已开通电话,61,96.5
8006-PYCSW,月付套餐,在网,未开通互联网,已开通电话,2,20.1
8249-THVEC,一年合约,在网,未开通互联网,已开通电话,51,19.4
8722-PRFDV,两年合约,在网,宽带 DSL,已开通电话,71,77.55
2164-SOQXL,月付套餐,在网,未开通互联网,已开通电话,20,20.05
4020-KIUDI,月付套餐,在网,未开通互联网,已开通电话,6,19.85
5850-BDWCY,月付套餐,在网,未开通互联网,已开通电话,6,20.2
2038-YSEZE,月付套餐,在网,宽带 DSL,已开通电话,29,67.45
0827-ITJPH,两年合约,在网,未开通互联网,已开通电话,36,18.55
8799-OXZMD,月付套餐,在网,宽带 DSL,未开通电话,28,29.75
1925-TIBLE,月付套餐,已流失,光纤,已开通电话,7,86.5
1705-GUHPV,两年合约,在网,未开通互联网,已开通电话,63,24.2
4779-ZGICK,两年合约,在网,未开通互联网,已开通电话,48,23.55
0048-PIHNL,一年合约,在网,未开通互联网,已开通电话,49,20.45
0818-OCPZO,月付套餐,已流失,光纤,已开通电话,27,81.45
3967-KXAPS,两年合约,在网,宽带 DSL,已开通电话,72,92.3
1447-GIQMR,月付套餐,已流失,光纤,已开通电话,1,69.15
3704-IEAXF,两年合约,在网,宽带 DSL,未开通电话,72,53.65
6810-VCAEX,一年合约,在网,宽带 DSL,未开通电话,47,39.65
0674-EYYZV,月付套餐,在网,宽带 DSL,已开通电话,1,54.65
4480-MBMLB,一年合约,在网,光纤,已开通电话,36,104.8
1395-OFUWC,月付套餐,在网,宽带 DSL,未开通电话,43,29.3
0822-QGCXA,月付套餐,在网,宽带 DSL,已开通电话,27,83.85
0872-NXJYS,月付套餐,已流失,光纤,已开通电话,9,79.55
2832-KJCRD,月付套餐,在网,光纤,已开通电话,38,103.65
3588-WSTTJ,月付套餐,在网,光纤,已开通电话,35,99.05
4075-WKNIU,两年合约,在网,宽带 DSL,已开通电话,0,73.35
5090-EMGTC,两年合约,在网,光纤,已开通电话,59,100.05
2346-CZYIL,两年合约,在网,未开通互联网,已开通电话,27,20.35
3798-EPWRR,月付套餐,在网,宽带 DSL,已开通电话,2,43.95
6258-NGCNG,月付套餐,在网,未开通互联网,已开通电话,7,23.5
4186-ZBUEW,一年合约,在网,宽带 DSL,已开通电话,36,70.7
5274-XHAKY,月付套餐,在网,光纤,已开通电话,41,94.3
1442-BQPVU,月付套餐,在网,宽带 DSL,未开通电话,13,29.15
3978-YNKDD,两年合约,在网,未开通互联网,已开通电话,19,20.85
4940-KHCWD,两年合约,在网,宽带 DSL,未开通电话,60,37.7
9412-ARGBX,两年合约,已流失,光纤,已开通电话,48,95.5
1389-CXMLU,月付套餐,已流失,光纤,已开通电话,3,91.05
9589-ABEPT,两年合约,在网,光纤,已开通电话,69,92.45
9388-ZEYVT,一年合约,在网,宽带 DSL,未开通电话,43,44.15
0305-SQECB,一年合约,在网,宽带 DSL,未开通电话,11,36.05
7605-SNLQG,月付套餐,在网,宽带 DSL,已开通电话,45,50.25
4670-TABXH,两年合约,在网,光纤,已开通电话,72,109.75
5561-NWEVX,月付套餐,已流失,光纤,已开通电话,2,79.2
0064-SUDOG,两年合约,在网,未开通互联网,已开通电话,12,20.3
8561-NMTBD,一年合约,在网,光纤,已开通电话,67,112.35
5161-XEUVX,两年合约,在网,光纤,已开通电话,37,94.3
8292-FRFZQ,一年合约,在网,宽带 DSL,未开通电话,39,41.15
8591-NXRCV,月付套餐,在网,宽带 DSL,已开通电话,41,74.65
7895-VONWT,月付套餐,在网,宽带 DSL,未开通电话,25,48.25
4526-RMTLL,两年合约,在网,宽带 DSL,已开通电话,8,76.15
6253-GNHWH,两年合约,在网,宽带 DSL,已开通电话,71,71.1
4566-NECEV,月付套餐,在网,光纤,已开通电话,5,96.55
8080-POTJR,一年合约,在网,宽带 DSL,已开通电话,30,79.3
6906-MPARY,一年合约,在网,光纤,已开通电话,40,89.6
3662-FXJFO,两年合约,在网,未开通互联网,已开通电话,54,20.5
8107-RZLNV,两年合约,在网,光纤,已开通电话,72,106.3
0516-OOHAR,一年合约,在网,光纤,已开通电话,28,100.35
2027-CWDNU,月付套餐,在网,光纤,已开通电话,18,85.6
2737-WFVYW,月付套餐,已流失,宽带 DSL,未开通电话,2,45.25
9912-OMZDS,一年合约,在网,光纤,已开通电话,59,106.15
3733-ZEECP,月付套餐,在网,宽带 DSL,已开通电话,22,51.1
7878-RTCZG,月付套餐,在网,未开通互联网,已开通电话,1,19.9
2452-MRMZF,两年合约,在网,未开通互联网,已开通电话,72,25.7
2272-QAGFO,月付套餐,已流失,光纤,已开通电话,14,74.3
7103-IPXPJ,一年合约,在网,光纤,已开通电话,50,99.4
4342-HFXWS,一年合约,在网,宽带 DSL,已开通电话,48,69.7
3545-CNWRG,月付套餐,在网,光纤,已开通电话,49,98.35
1785-BPHTP,月付套餐,在网,光纤,已开通电话,28,85.45
4989-LIXVT,月付套餐,在网,光纤,已开通电话,68,95.9
7315-WYOAW,月付套餐,在网,光纤,已开通电话,13,100.75
1173-XZPYF,月付套餐,在网,光纤,已开通电话,11,89.2
9850-OWRHQ,月付套餐,已流失,光纤,已开通电话,3,74.1
3768-NLUBH,月付套餐,已流失,光纤,已开通电话,57,100.6
8676-TRMJS,月付套餐,已流失,光纤,已开通电话,3,75
2509-TFPJU,两年合约,在网,未开通互联网,已开通电话,72,25.75
9530-GRMJG,两年合约,在网,宽带 DSL,已开通电话,70,84.1
6898-RBTLU,两年合约,在网,宽带 DSL,已开通电话,49,79.3
5481-NTDOH,一年合约,在网,光纤,已开通电话,67,107.05
2068-WWXQZ,两年合约,在网,未开通互联网,已开通电话,46,20.05
7359-SSBJK,两年合约,已流失,宽带 DSL,已开通电话,64,70.2
2061-VVFST,月付套餐,在网,未开通互联网,已开通电话,37,19.5
0685-MLYYM,月付套餐,已流失,光纤,已开通电话,2,70.75
0749-IRGQE,月付套餐,在网,宽带 DSL,未开通电话,13,45.3
2380-DAMQP,两年合约,在网,光纤,已开通电话,72,115.15
2256-YLYLP,两年合约,在网,宽带 DSL,已开通电话,68,72.95
1272-ILHFG,一年合约,在网,未开通互联网,已开通电话,15,19.65
0164-XAIRP,两年合约,在网,未开通互联网,已开通电话,24,19.55
5666-CYCYZ,月付套餐,在网,光纤,已开通电话,24,89.55
4011-ARPHK,月付套餐,在网,宽带 DSL,已开通电话,27,50.35
8182-PNAGI,月付套餐,已流失,宽带 DSL,已开通电话,12,50.25
6365-HITVU,两年合约,在网,宽带 DSL,已开通电话,71,87.25
7558-IMLMT,两年合约,在网,未开通互联网,已开通电话,67,20.8
9488-FYQAU,两年合约,在网,光纤,已开通电话,63,109.25
3590-TCXTB,月付套餐,在网,未开通互联网,已开通电话,1,20.35
6994-KERXL,月付套餐,在网,宽带 DSL,已开通电话,4,55.9
7957-RYHQD,月付套餐,已流失,光纤,已开通电话,40,79.2
2180-DXNEG,月付套餐,已流失,光纤,已开通电话,12,96
1960-UOTYM,两年合约,在网,宽带 DSL,已开通电话,52,79.2
2740-JFBOK,月付套餐,在网,未开通互联网,已开通电话,10,24
6500-JVEGC,一年合约,在网,光纤,已开通电话,68,101.35
5515-AKOAJ,月付套餐,已流失,光纤,已开通电话,54,100.1
8976-OQHGT,月付套餐,已流失,宽带 DSL,已开通电话,4,56.5
5245-VDBUR,一年合约,在网,宽带 DSL,未开通电话,52,35.45
6230-BSUXY,月付套餐,已流失,光纤,已开通电话,1,85
8469-SNFFH,一年合约,在网,宽带 DSL,已开通电话,70,79.4
2144-ESWKO,一年合约,在网,宽带 DSL,未开通电话,43,35.2
1241-FPMOF,两年合约,在网,未开通互联网,已开通电话,52,19.65
9928-BZVLZ,两年合约,在网,宽带 DSL,未开通电话,12,49.85
4114-QMKVN,一年合约,在网,宽带 DSL,已开通电话,56,68.75
2775-SEFEE,两年合约,在网,宽带 DSL,已开通电话,0,61.9
9003-CPATH,月付套餐,在网,光纤,已开通电话,42,79.9
1754-GKYPY,月付套餐,在网,光纤,已开通电话,22,89.75
5294-CDGWY,一年合约,已流失,宽带 DSL,未开通电话,51,59.3
7956-XQWGU,月付套餐,在网,未开通互联网,已开通电话,27,19.4
1591-MQJTP,一年合约,在网,光纤,已开通电话,51,93.65
5295-PCJOO,月付套餐,已流失,宽带 DSL,已开通电话,4,49.4
2369-FEVNO,月付套餐,在网,未开通互联网,已开通电话,1,19.9
9863-JZAIC,月付套餐,已流失,宽带 DSL,已开通电话,35,55
7471-MQPOS,一年合约,在网,宽带 DSL,已开通电话,71,72.9
7660-HDPJV,月付套餐,已流失,光纤,已开通电话,1,69.2
5115-SQAAU,两年合约,在网,未开通互联网,已开通电话,69,25.6
9845-QOMAD,一年合约,在网,未开通互联网,已开通电话,14,19.75
7672-VFMXZ,月付套餐,在网,宽带 DSL,已开通电话,57,55.7
9739-JLPQJ,两年合约,在网,光纤,已开通电话,72,117.5
9916-AYHTC,两年合约,在网,未开通互联网,已开通电话,48,19.85
3855-ONCAR,月付套餐,在网,光纤,已开通电话,4,78.9
1488-SYSFC,月付套餐,在网,未开通互联网,已开通电话,31,20.65
7931-PXHFC,一年合约,已流失,宽带 DSL,已开通电话,38,62.3
3990-QYKBE,月付套餐,已流失,光纤,已开通电话,37,92.5
0970-QXPXW,月付套餐,在网,未开通互联网,已开通电话,1,19.65
3259-KNMRR,两年合约,在网,宽带 DSL,已开通电话,57,79.75
6120-RJKLU,两年合约,在网,宽带 DSL,已开通电话,62,79.95
9572-WUKSB,月付套餐,在网,宽带 DSL,未开通电话,3,29.9
5893-KCLGT,两年合约,在网,未开通互联网,已开通电话,72,19.75
0076-LVEPS,月付套餐,在网,宽带 DSL,未开通电话,29,45
3640-JQGJG,月付套餐,在网,宽带 DSL,已开通电话,13,44.8
4919-MOAVT,月付套餐,已流失,光纤,已开通电话,3,69.65
1596-OQSPS,月付套餐,在网,宽带 DSL,已开通电话,11,51.1
9867-XOBQA,两年合约,在网,宽带 DSL,未开通电话,21,53.15
9546-KDTRB,月付套餐,在网,未开通互联网,已开通电话,19,24.7
3090-HAWSU,两年合约,已流失,光纤,已开通电话,61,111.6
9820-RMCQV,月付套餐,已流失,宽带 DSL,已开通电话,11,48.55
3174-RKMOW,月付套餐,在网,光纤,已开通电话,35,109.95
1760-CAZHT,月付套餐,在网,未开通互联网,已开通电话,25,20.8
7839-QRKXN,月付套餐,已流失,未开通互联网,已开通电话,1,20.2
8441-SHIPE,两年合约,在网,未开通互联网,已开通电话,67,25.6
5204-QZXPU,月付套餐,已流失,宽带 DSL,未开通电话,19,39.65
4597-ELFTS,一年合约,已流失,未开通互联网,已开通电话,56,24.9
1320-GVNHT,两年合约,在网,光纤,已开通电话,72,108.4
1047-RNXZV,两年合约,在网,未开通互联网,已开通电话,43,19.55
3541-ZNUHK,月付套餐,在网,光纤,已开通电话,55,85.1
8450-JOVAH,月付套餐,已流失,宽带 DSL,已开通电话,2,56.7
8725-JEDFD,月付套餐,在网,光纤,已开通电话,27,69.05
7562-UXTPG,月付套餐,在网,光纤,已开通电话,13,70.15
8071-SBTRN,两年合约,在网,光纤,已开通电话,70,111.15
1113-IUJYX,一年合约,已流失,光纤,已开通电话,14,105.95
6668-CNMFP,一年合约,在网,光纤,已开通电话,19,89.35
5626-MGTUK,月付套餐,在网,光纤,已开通电话,20,89.1
5681-LLOEI,一年合约,在网,光纤,已开通电话,43,91.25
8212-DJRCH,月付套餐,在网,光纤,已开通电话,5,90.35
4323-OHFOW,一年合约,在网,光纤,已开通电话,70,105.55
4933-BSAIP,两年合约,在网,未开通互联网,已开通电话,40,19.1
2030-BTZRO,两年合约,在网,未开通互联网,已开通电话,6,20.4
1116-DXXDF,两年合约,在网,光纤,已开通电话,39,100.45
9274-CNFMO,月付套餐,已流失,光纤,已开通电话,4,74.95
7758-XKCBS,月付套餐,已流失,宽带 DSL,未开通电话,15,29.7
8992-JQYUN,月付套餐,已流失,宽带 DSL,未开通电话,1,50.35
6563-VNPMN,月付套餐,在网,光纤,已开通电话,45,85.7
0617-AQNWT,两年合约,已流失,宽带 DSL,未开通电话,64,47.85
2267-WTPYD,月付套餐,在网,光纤,已开通电话,57,94
0270-THENM,两年合约,在网,宽带 DSL,已开通电话,72,69.85
2446-PLQVO,月付套餐,已流失,光纤,已开通电话,1,70.3
4707-MAXGU,两年合约,在网,未开通互联网,已开通电话,72,25.85
2710-WYVXG,两年合约,在网,宽带 DSL,已开通电话,3,71.1
3005-NFMTA,月付套餐,已流失,光纤,已开通电话,55,98.8
6300-BWMJX,月付套餐,在网,光纤,已开通电话,59,93.35
8784-CGILN,月付套餐,已流失,光纤,已开通电话,18,99.85
5389-FFVKB,月付套餐,已流失,光纤,已开通电话,32,80.3
7009-LGECI,月付套餐,在网,宽带 DSL,已开通电话,4,50.55
8444-WRIDW,月付套餐,已流失,光纤,已开通电话,66,80.45
5022-KVDQT,月付套餐,在网,光纤,已开通电话,27,81.3
7976-CICYS,月付套餐,在网,未开通互联网,已开通电话,4,20.7
1036-GUDCL,月付套餐,在网,宽带 DSL,已开通电话,60,79.05
2005-DWQZJ,两年合约,在网,未开通互联网,已开通电话,8,19.05
8148-WOCMK,两年合约,在网,未开通互联网,已开通电话,8,19.6
7815-PDTHL,两年合约,在网,未开通互联网,已开通电话,35,20.2
9451-LPGOO,月付套餐,已流失,光纤,已开通电话,7,86.8
9173-IVZVP,两年合约,在网,未开通互联网,已开通电话,53,20.9
9129-UXERG,月付套餐,在网,光纤,已开通电话,18,103.6
3635-JBPSG,两年合约,在网,宽带 DSL,未开通电话,15,38.8
7964-ZRKKG,一年合约,在网,光纤,已开通电话,67,88.4
5868-YWPDW,月付套餐,已流失,光纤,已开通电话,6,84.2
6229-LSCKB,月付套餐,在网,光纤,已开通电话,6,79.7
2025-JKFWI,月付套餐,已流失,光纤,已开通电话,13,99
4078-SAYYN,月付套餐,已流失,光纤,已开通电话,11,100.75
1724-IQWNM,月付套餐,在网,未开通互联网,已开通电话,1,19.3
8217-QYOHV,月付套餐,在网,宽带 DSL,已开通电话,5,55.75
5546-QUERU,一年合约,在网,未开通互联网,已开通电话,13,19.95
9940-HPQPG,月付套餐,已流失,光纤,已开通电话,9,91.75
6897-UUBNU,月付套餐,在网,光纤,已开通电话,29,89.65
6127-IYJOZ,月付套餐,在网,宽带 DSL,已开通电话,1,45.85
6618-RYATB,月付套餐,已流失,光纤,已开通电话,1,79.55
8930-XOTDP,月付套餐,在网,宽带 DSL,已开通电话,18,55.95
5916-QEWPT,月付套餐,在网,宽带 DSL,已开通电话,2,69
5060-TQUQN,月付套餐,在网,光纤,已开通电话,30,83.55
0531-XBKMM,两年合约,在网,宽带 DSL,已开通电话,66,65.7
8465-SBRXP,两年合约,在网,光纤,已开通电话,38,94.9
2408-PSJVE,月付套餐,在网,宽带 DSL,已开通电话,44,61.9
9079-YEXQJ,月付套餐,已流失,光纤,已开通电话,54,111.1
9700-ZCLOT,月付套餐,在网,未开通互联网,已开通电话,2,20
8738-JOKAR,一年合约,在网,宽带 DSL,已开通电话,42,67.7
4534-WGCIR,两年合约,在网,未开通互联网,已开通电话,58,25.15
1930-WNXSB,月付套餐,在网,光纤,已开通电话,58,92.85
2685-SREOM,月付套餐,已流失,光纤,已开通电话,25,89.1
3508-CFVZL,两年合约,在网,光纤,已开通电话,71,111.3
0402-CQAJN,月付套餐,已流失,光纤,已开通电话,37,101.9
6692-UDPJC,月付套餐,已流失,光纤,已开通电话,14,91.65
1273-MTETI,月付套餐,已流失,光纤,已开通电话,4,88.85
0657-DOGUM,一年合约,在网,宽带 DSL,已开通电话,48,60.6
5480-HPRRX,月付套餐,已流失,宽带 DSL,未开通电话,3,25.3
8792-AOROI,两年合约,在网,宽带 DSL,已开通电话,8,65.5
0295-PPHDO,月付套餐,已流失,光纤,已开通电话,1,95.45
5146-YYFRZ,两年合约,在网,未开通互联网,已开通电话,67,19.95
1195-OIYEJ,月付套餐,已流失,光纤,已开通电话,13,91.1
5906-CVLHP,一年合约,已流失,宽带 DSL,已开通电话,45,54.15
3452-SRFEG,月付套餐,在网,光纤,已开通电话,49,74.6
4070-OKWVH,月付套餐,在网,光纤,已开通电话,52,94.6
5297-MDOIR,一年合约,在网,光纤,已开通电话,63,81.15
6369-MCAKO,两年合约,在网,宽带 DSL,已开通电话,68,89.05
4926-UMJZD,月付套餐,在网,宽带 DSL,已开通电话,31,49.2
6848-HJTXY,两年合约,在网,未开通互联网,已开通电话,64,19.45
6341-AEVKX,一年合约,在网,光纤,已开通电话,62,104.3
4501-EQDRN,月付套餐,已流失,光纤,已开通电话,1,69.7
2990-HWIML,月付套餐,已流失,光纤,已开通电话,6,89.5
0682-USIXD,月付套餐,在网,光纤,已开通电话,21,86.05
6976-BWGLQ,两年合约,在网,未开通互联网,已开通电话,72,25.2
7078-NVFAM,月付套餐,在网,宽带 DSL,未开通电话,32,35.15
8065-QBYTO,一年合约,在网,光纤,已开通电话,71,99.65
2133-TSRRM,月付套餐,在网,光纤,已开通电话,34,105.35
7384-GHBPI,月付套餐,已流失,宽带 DSL,未开通电话,3,35.15
7603-USHJS,月付套餐,已流失,光纤,已开通电话,12,73.75
7234-FECYN,月付套餐,已流失,光纤,已开通电话,8,101.35
2511-ALLCS,两年合约,在网,未开通互联网,已开通电话,35,24.3
3191-CSNMG,月付套餐,在网,光纤,已开通电话,3,80.7
7952-OBOYL,月付套餐,在网,光纤,已开通电话,3,89.85
7470-DYNOE,一年合约,在网,宽带 DSL,已开通电话,53,61.1
7853-OETYL,月付套餐,在网,宽带 DSL,未开通电话,4,29.05
1545-ACTAS,一年合约,在网,光纤,已开通电话,48,99.7
5876-HZVZM,月付套餐,已流失,宽带 DSL,已开通电话,6,55.9
1400-MMYXY,月付套餐,已流失,光纤,已开通电话,3,105.9
5126-RCXYW,两年合约,在网,宽带 DSL,未开通电话,54,46
3085-QUOZK,月付套餐,已流失,宽带 DSL,已开通电话,1,43.95
2363-BJLSL,月付套餐,在网,宽带 DSL,已开通电话,62,80.4
1956-YIFGE,一年合约,在网,光纤,已开通电话,22,100.05
3926-CUQZX,月付套餐,已流失,宽带 DSL,已开通电话,1,45.1
7921-LMDFQ,一年合约,在网,光纤,已开通电话,51,94
2925-MXLSX,一年合约,在网,宽带 DSL,已开通电话,30,68.95
5820-PTRYM,一年合约,在网,宽带 DSL,已开通电话,56,68.45
9609-BENEA,一年合约,在网,宽带 DSL,已开通电话,35,69
6211-WHMYA,月付套餐,在网,宽带 DSL,未开通电话,64,43.85
4459-BBGHE,月付套餐,在网,宽带 DSL,未开通电话,30,44.5
9945-PSVIP,两年合约,在网,未开通互联网,已开通电话,25,18.7
1041-RXHRA,月付套餐,已流失,光纤,已开通电话,41,70.25
1750-CSKKM,月付套餐,已流失,宽带 DSL,已开通电话,9,55.35
9108-EJFJP,月付套餐,在网,宽带 DSL,已开通电话,1,53.55
0530-IJVDB,两年合约,在网,光纤,已开通电话,70,114.6
0508-SQWPL,两年合约,在网,未开通互联网,已开通电话,57,20.1
2215-ZAFGX,月付套餐,在网,光纤,已开通电话,9,85.5
8213-TAZPM,一年合约,在网,光纤,已开通电话,69,108.75
7142-HVGBG,月付套餐,已流失,光纤,已开通电话,43,103
1304-SEGFY,两年合约,在网,光纤,已开通电话,72,97.85
7242-EDTYC,两年合约,在网,未开通互联网,已开通电话,44,19.55
2904-GGUAZ,两年合约,在网,光纤,已开通电话,72,84.05
8267-ZNYVZ,一年合约,已流失,光纤,已开通电话,33,103.75
5136-GFPMB,月付套餐,在网,光纤,已开通电话,54,89.4
2595-KIWPV,两年合约,在网,未开通互联网,已开通电话,27,19.7
5243-SAOTC,月付套餐,在网,光纤,已开通电话,54,79.85
9398-MMQTO,月付套餐,在网,光纤,已开通电话,3,74.45
7619-PLRLP,一年合约,在网,宽带 DSL,已开通电话,53,74.1
6457-GIRWB,月付套餐,已流失,光纤,已开通电话,1,69.35
6508-NJYRO,一年合约,在网,未开通互联网,已开通电话,15,18.8
1450-SKCVI,月付套餐,已流失,光纤,已开通电话,56,73.85
4710-NKCAW,月付套餐,在网,宽带 DSL,已开通电话,5,64.4
5306-BVTKJ,一年合约,在网,宽带 DSL,已开通电话,48,55.8
0357-NVCRI,月付套餐,在网,未开通互联网,已开通电话,25,20.05
5570-PTWEH,月付套餐,已流失,光纤,已开通电话,3,75.15
2371-KFUOG,一年合约,在网,光纤,已开通电话,58,99.15
0463-ZSDNT,月付套餐,在网,宽带 DSL,已开通电话,10,56.75
6502-MJQAE,月付套餐,已流失,光纤,已开通电话,1,69.6
6257-DTAYD,两年合约,在网,光纤,已开通电话,71,104.15
4616-ULAOA,两年合约,在网,光纤,已开通电话,65,110.8
7693-LCKZL,月付套餐,已流失,光纤,已开通电话,5,80.15
7746-AWNQW,月付套餐,在网,宽带 DSL,未开通电话,28,35.75
5996-EBTKM,两年合约,在网,宽带 DSL,已开通电话,67,69.9
2758-RNWXS,一年合约,在网,光纤,已开通电话,35,89.2
2314-TNDJQ,两年合约,在网,宽带 DSL,未开通电话,72,55.65
2405-LBMUW,一年合约,在网,宽带 DSL,未开通电话,61,50.7
3454-JFUBC,两年合约,在网,未开通互联网,已开通电话,68,20
0032-PGELS,月付套餐,已流失,宽带 DSL,未开通电话,1,30.5
9039-ZVJDC,月付套餐,在网,未开通互联网,已开通电话,3,19.1
6797-LNAQX,两年合约,已流失,光纤,已开通电话,70,98.3
9013-AQORL,月付套餐,在网,宽带 DSL,未开通电话,48,45.55
2898-MRKPI,一年合约,在网,光纤,已开通电话,68,101.05
2750-BJLSB,一年合约,在网,光纤,已开通电话,47,103.7
3648-GZPHF,一年合约,在网,宽带 DSL,未开通电话,32,36.25
2075-RMJIK,月付套餐,在网,宽带 DSL,已开通电话,5,49.4
9588-YRFHY,两年合约,在网,未开通互联网,已开通电话,49,19.9
6394-MFYNG,月付套餐,已流失,光纤,已开通电话,48,107.4
1564-NTYXF,月付套餐,已流失,光纤,已开通电话,13,82
9364-YKUVW,月付套餐,在网,未开通互联网,已开通电话,15,19.8
5392-AKEMH,月付套餐,在网,宽带 DSL,已开通电话,12,45.05
2451-YMUXS,两年合约,在网,宽带 DSL,已开通电话,67,64.55
3914-FDRHP,月付套餐,在网,光纤,已开通电话,9,86.25
3078-ZKNTS,两年合约,在网,未开通互联网,已开通电话,13,19.75
1024-KPRBB,一年合约,在网,光纤,已开通电话,38,89.1
4690-PKDQG,月付套餐,在网,光纤,已开通电话,42,95.55
8155-IBNHG,月付套餐,已流失,光纤,已开通电话,24,75.4
0886-QGENL,月付套餐,已流失,光纤,已开通电话,27,101.25
9547-ITEFG,月付套餐,在网,光纤,已开通电话,9,102.6
1264-FUHCX,一年合约,在网,宽带 DSL,未开通电话,49,56.3
7789-CRUVC,月付套餐,在网,光纤,已开通电话,61,94.2
6598-KELSS,一年合约,在网,宽带 DSL,未开通电话,50,43.05
8739-WWKDU,月付套餐,已流失,光纤,已开通电话,25,89.5
8685-WHQPW,月付套餐,已流失,光纤,已开通电话,22,74.4
4745-LSPLO,月付套餐,已流失,未开通互联网,已开通电话,1,20.5
8083-YTZES,月付套餐,已流失,光纤,已开通电话,4,74.35
7240-FQLHE,月付套餐,已流失,光纤,已开通电话,18,99.75
6664-FPDAC,一年合约,已流失,光纤,已开通电话,56,111.95
9972-VAFJJ,一年合约,在网,光纤,已开通电话,53,94
0422-UXFAP,一年合约,在网,光纤,已开通电话,51,98.85
1904-WAJAA,两年合约,在网,宽带 DSL,已开通电话,24,64.35
5130-YPIRV,两年合约,在网,宽带 DSL,已开通电话,62,72
2843-CQMEG,月付套餐,在网,宽带 DSL,已开通电话,24,49.7
6439-PKTRR,两年合约,在网,宽带 DSL,已开通电话,70,80.7
5351-QESIO,月付套餐,在网,宽带 DSL,未开通电话,1,24.2
0786-VSSUD,月付套餐,已流失,宽带 DSL,未开通电话,16,39
5568-DMXZS,月付套餐,在网,宽带 DSL,已开通电话,8,65.45
8468-FZTOE,两年合约,在网,宽带 DSL,已开通电话,72,74.35
6633-SYEUS,月付套餐,在网,光纤,已开通电话,23,83.2
6447-GORXK,月付套餐,在网,宽带 DSL,未开通电话,31,25
6967-PEJLL,一年合约,在网,宽带 DSL,未开通电话,37,40.2
3976-BWUCK,月付套餐,已流失,光纤,已开通电话,30,94.1
5981-ZVXOT,一年合约,在网,光纤,已开通电话,35,108.35
1684-FLBGS,月付套餐,在网,宽带 DSL,已开通电话,23,69.5
1389-WNUIB,一年合约,在网,宽带 DSL,已开通电话,20,76
0376-OIWME,月付套餐,在网,光纤,已开通电话,36,93.6
3585-ISXZP,月付套餐,已流失,光纤,已开通电话,8,95.65
0218-QNVAS,一年合约,在网,光纤,已开通电话,71,100.55
6583-QGCSI,月付套餐,已流失,光纤,已开通电话,50,88.05
0804-YGEQV,一年合约,在网,未开通互联网,已开通电话,43,24.45
7164-BPTUT,两年合约,在网,宽带 DSL,已开通电话,57,89.55
4174-LPGTI,一年合约,已流失,宽带 DSL,已开通电话,41,66.5
2523-EWWZL,月付套餐,在网,光纤,已开通电话,27,76.1
0928-XUTSN,月付套餐,在网,光纤,已开通电话,13,80.5
2108-XWMPY,月付套餐,已流失,宽带 DSL,未开通电话,3,35.45
0052-YNYOT,一年合约,在网,未开通互联网,已开通电话,67,20.55
6304-IJFSQ,月付套餐,已流失,宽带 DSL,已开通电话,3,49.9
9586-JGQKH,两年合约,在网,光纤,已开通电话,64,105.4
4501-VCPFK,月付套餐,在网,宽带 DSL,未开通电话,26,35.75
6075-SLNIL,月付套餐,在网,光纤,已开通电话,38,95.1
9347-AERRL,一年合约,在网,未开通互联网,已开通电话,23,19.3
0093-XWZFY,月付套餐,已流失,光纤,已开通电话,40,104.5
2274-XUATA,两年合约,在网,宽带 DSL,未开通电话,72,63.1
1980-KXVPM,月付套餐,已流失,光纤,已开通电话,3,75.05
7703-ZEKEF,月付套餐,已流失,光纤,已开通电话,23,81
0723-DRCLG,月付套餐,已流失,光纤,已开通电话,1,74.45
5482-NUPNA,月付套餐,已流失,宽带 DSL,已开通电话,4,60.4
6691-CCIHA,两年合约,在网,宽带 DSL,已开通电话,62,84.95
1685-BQULA,月付套餐,在网,光纤,已开通电话,40,93.4
9053-EJUNL,月付套餐,在网,光纤,已开通电话,41,89.2
0666-UXTJO,月付套餐,在网,光纤,已开通电话,34,85.2
1471-GIQKQ,月付套餐,在网,宽带 DSL,已开通电话,1,49.95
4807-IZYOZ,两年合约,在网,未开通互联网,已开通电话,51,20.65
1122-JWTJW,月付套餐,已流失,光纤,已开通电话,1,70.65
9710-NJERN,两年合约,在网,未开通互联网,已开通电话,39,20.15
9837-FWLCH,月付套餐,在网,未开通互联网,已开通电话,12,19.2
1699-HPSBG,一年合约,已流失,宽带 DSL,已开通电话,12,59.8
7203-OYKCT,一年合约,在网,光纤,已开通电话,72,104.95
1035-IPQPU,月付套餐,在网,光纤,已开通电话,63,103.5
7398-LXGYX,月付套餐,在网,光纤,已开通电话,44,84.8
2823-LKABH,月付套餐,在网,光纤,已开通电话,18,95.05
8775-CEBBJ,月付套餐,已流失,宽带 DSL,已开通电话,9,44.2
0550-DCXLH,月付套餐,在网,宽带 DSL,已开通电话,13,73.35
9281-CEDRU,两年合约,在网,宽带 DSL,已开通电话,68,64.1
2235-DWLJU,月付套餐,在网,宽带 DSL,未开通电话,6,44.4
0871-OPBXW,月付套餐,在网,未开通互联网,已开通电话,2,20.05
3605-JISKB,一年合约,在网,宽带 DSL,已开通电话,55,60
6894-LFHLY,月付套餐,已流失,光纤,已开通电话,1,75.75
9767-FFLEM,月付套餐,在网,光纤,已开通电话,38,69.5
0639-TSIQW,月付套餐,已流失,光纤,已开通电话,67,102.95
8456-QDAVC,月付套餐,在网,光纤,已开通电话,19,78.7
7750-EYXWZ,一年合约,在网,宽带 DSL,未开通电话,12,60.65
2569-WGERO,两年合约,在网,未开通互联网,已开通电话,72,21.15
6840-RESVB,一年合约,在网,宽带 DSL,已开通电话,24,84.8
2234-XADUH,一年合约,在网,光纤,已开通电话,72,103.2
4801-JZAZL,月付套餐,在网,宽带 DSL,未开通电话,11,29.6
8361-LTMKD,月付套餐,已流失,光纤,已开通电话,4,74.4
3186-AJIEK,两年合约,在网,光纤,已开通电话,66,105.65
